{"metadata":{},"options":{"plugins":[{"key":"base$1$0","visitor":{"_exploded":{},"_verified":{},"JSXNamespacedName":{"enter":[null]},"JSXElement":{"exit":[null]},"JSXFragment":{"exit":[null]},"Program":{"enter":[null],"exit":[null]},"JSXAttribute":{"enter":[null]}},"options":{"pragma":"React.createElement","pragmaFrag":"React.Fragment","throwIfNamespace":true,"useBuiltIns":false}},{"key":"base$1$1","visitor":{"_exploded":true,"_verified":true},"options":{}},{"key":"base$1$2","visitor":{"ExportDefaultDeclaration":{"enter":[null]},"CallExpression":{"enter":[null]},"_exploded":true,"_verified":true},"options":{}},{"key":"base$0$0","visitor":{"Program":{"enter":[null]},"_exploded":true,"_verified":true},"options":{"generateLetDeclarations":true,"enforceStrictMode":false}},{"key":"base$0$1","visitor":{"_exploded":true,"_verified":true},"options":{}},{"key":"base$0$2","visitor":{"_exploded":{},"_verified":{},"Program":{"enter":[null]},"ImportDeclaration":{"enter":[null,null]},"ClassProperty":{"enter":[null]},"AssignmentPattern":{"enter":[null]},"TypeCastExpression":{"enter":[null,null]},"ImportSpecifier":{"enter":[null]},"ClassDeclaration":{"enter":[null]},"ClassExpression":{"enter":[null]},"FunctionDeclaration":{"enter":[null]},"FunctionExpression":{"enter":[null]},"ObjectMethod":{"enter":[null]},"ArrowFunctionExpression":{"enter":[null]},"ClassMethod":{"enter":[null]},"AnyTypeAnnotation":{"enter":[null]},"ArrayTypeAnnotation":{"enter":[null]},"BooleanTypeAnnotation":{"enter":[null]},"BooleanLiteralTypeAnnotation":{"enter":[null]},"NullLiteralTypeAnnotation":{"enter":[null]},"ClassImplements":{"enter":[null]},"DeclareClass":{"enter":[null]},"DeclareFunction":{"enter":[null]},"DeclareInterface":{"enter":[null]},"DeclareModule":{"enter":[null]},"DeclareModuleExports":{"enter":[null]},"DeclareTypeAlias":{"enter":[null]},"DeclareOpaqueType":{"enter":[null]},"DeclareVariable":{"enter":[null]},"DeclareExportDeclaration":{"enter":[null]},"DeclareExportAllDeclaration":{"enter":[null]},"DeclaredPredicate":{"enter":[null]},"ExistsTypeAnnotation":{"enter":[null]},"FunctionTypeAnnotation":{"enter":[null]},"FunctionTypeParam":{"enter":[null]},"GenericTypeAnnotation":{"enter":[null]},"InferredPredicate":{"enter":[null]},"InterfaceExtends":{"enter":[null]},"InterfaceDeclaration":{"enter":[null]},"IntersectionTypeAnnotation":{"enter":[null]},"MixedTypeAnnotation":{"enter":[null]},"EmptyTypeAnnotation":{"enter":[null]},"NullableTypeAnnotation":{"enter":[null]},"NumberLiteralTypeAnnotation":{"enter":[null]},"NumberTypeAnnotation":{"enter":[null]},"ObjectTypeAnnotation":{"enter":[null]},"ObjectTypeCallProperty":{"enter":[null]},"ObjectTypeIndexer":{"enter":[null]},"ObjectTypeProperty":{"enter":[null]},"ObjectTypeSpreadProperty":{"enter":[null]},"OpaqueType":{"enter":[null]},"QualifiedTypeIdentifier":{"enter":[null]},"StringLiteralTypeAnnotation":{"enter":[null]},"StringTypeAnnotation":{"enter":[null]},"ThisTypeAnnotation":{"enter":[null]},"TupleTypeAnnotation":{"enter":[null]},"TypeofTypeAnnotation":{"enter":[null]},"TypeAlias":{"enter":[null]},"TypeAnnotation":{"enter":[null]},"TypeParameter":{"enter":[null]},"TypeParameterDeclaration":{"enter":[null]},"TypeParameterInstantiation":{"enter":[null]},"UnionTypeAnnotation":{"enter":[null]},"Variance":{"enter":[null]},"VoidTypeAnnotation":{"enter":[null]},"ExportAllDeclaration":{"enter":[null]},"ExportDefaultDeclaration":{"enter":[null]},"ExportNamedDeclaration":{"enter":[null]}},"options":{}},{"key":"base$0$3","visitor":{"CallExpression":{"enter":[null]},"BinaryExpression":{"enter":[null]},"MemberExpression":{"enter":[null],"exit":[null]},"_exploded":true,"_verified":true,"Identifier":{"enter":[null]},"JSXIdentifier":{"enter":[null]}},"options":{"polyfill":false,"useBuiltIns":true}},{"key":"base$0$4","visitor":{"_exploded":true,"_verified":true},"options":{}},{"key":"base$0$5","visitor":{"_exploded":{},"_verified":{},"VariableDeclarator":{"enter":[null]},"ExportNamedDeclaration":{"enter":[null]},"CatchClause":{"enter":[null]},"AssignmentExpression":{"enter":[null]},"ObjectExpression":{"enter":[null]},"FunctionDeclaration":{"enter":[null]},"FunctionExpression":{"enter":[null]},"ObjectMethod":{"enter":[null]},"ArrowFunctionExpression":{"enter":[null]},"ClassMethod":{"enter":[null]},"ForInStatement":{"enter":[null]},"ForOfStatement":{"enter":[null]}},"options":{}},{"key":"transform-meteor-async-await","visitor":{"AwaitExpression":{"enter":[null]},"_exploded":true,"_verified":true,"FunctionDeclaration":{"exit":[null]},"FunctionExpression":{"exit":[null]},"ObjectMethod":{"exit":[null]},"ArrowFunctionExpression":{"exit":[null]},"ClassMethod":{"exit":[null]}},"options":{"useNativeAsyncAwait":false}},{"key":"transform-meteor-dynamic-import","visitor":{"_exploded":{},"_verified":{},"CallExpression":{"enter":[null]}},"options":{}},{"key":"base$0$8","visitor":{"_exploded":{},"_verified":{},"Program":{"enter":[null]}},"options":{}},{"key":"base$0$9","visitor":{"Program":{"exit":[null]},"_exploded":true,"_verified":true},"options":{"allowTopLevelThis":true,"strictMode":false,"loose":true}},{"key":"base$0$10","visitor":{"_exploded":{},"_verified":{},"ClassDeclaration":{"enter":[null]},"ClassExpression":{"enter":[null]}},"options":{"loose":true}}],"compact":false,"ast":true,"babelrc":false,"sourceFileName":"packages/server-render/client-sink.js","filename":"packages/server-render/client-sink.js","sourceMaps":true,"envName":"development","cwd":"/Users/administrator/Downloads/meteor-serverless-training/weather-info","passPerPreset":false,"presets":[],"parserOpts":{"sourceType":"module","sourceFileName":"packages/server-render/client-sink.js","plugins":["jsx","jsx","flow","flow","objectRestSpread","objectRestSpread","dynamicImport","asyncGenerators","classProperties","classPrivateProperties"]},"generatorOpts":{"filename":"packages/server-render/client-sink.js","comments":true,"compact":false,"sourceMaps":true,"sourceFileName":"packages/server-render/client-sink.js"}},"code":"module.export({\n  ClientSink: () => ClientSink\n});\nconst doc = document;\nconst head = doc.getElementsByTagName(\"head\")[0];\nconst body = doc.body;\n\nconst isoError = method => {\n  console.error(`sink.${method} was called on the client when\n    it should only be called on the server.`);\n};\n\nclass ClientSink {\n  appendToHead(nodeOrHtml) {\n    appendContent(head, nodeOrHtml);\n  }\n\n  appendToBody(nodeOrHtml) {\n    appendContent(body, nodeOrHtml);\n  }\n\n  appendToElementById(id, nodeOrHtml) {\n    appendContent(doc.getElementById(id), nodeOrHtml);\n  }\n\n  renderIntoElementById(id, nodeOrHtml) {\n    const element = doc.getElementById(id);\n\n    while (element.lastChild) {\n      element.removeChild(element.lastChild);\n    }\n\n    appendContent(element, nodeOrHtml);\n  }\n\n  redirect(location) {\n    // code can't be set on the client\n    window.location = location;\n  } // server only methods\n\n\n  setStatusCode() {\n    isoError(\"setStatusCode\");\n  }\n\n  setHeader() {\n    isoError(\"setHeader\");\n  }\n\n  getHeaders() {\n    isoError(\"getHeaders\");\n  }\n\n  getCookies() {\n    isoError(\"getCookies\");\n  }\n\n}\n\nfunction appendContent(destination, nodeOrHtml) {\n  if (typeof nodeOrHtml === \"string\") {\n    // Make a shallow clone of the destination node to ensure the new\n    // children can legally be appended to it.\n    const container = destination.cloneNode(false); // Parse the HTML into the container, allowing for multiple children.\n\n    container.innerHTML = nodeOrHtml; // Transplant the children to the destination.\n\n    while (container.firstChild) {\n      destination.appendChild(container.firstChild);\n    }\n  } else if (Array.isArray(nodeOrHtml)) {\n    nodeOrHtml.forEach(elem => appendContent(destination, elem));\n  } else {\n    destination.appendChild(nodeOrHtml);\n  }\n}","map":{"version":3,"sources":["packages/server-render/client-sink.js"],"names":["module","export","ClientSink","doc","document","head","getElementsByTagName","body","isoError","method","console","error","appendToHead","nodeOrHtml","appendContent","appendToBody","appendToElementById","id","getElementById","renderIntoElementById","element","lastChild","removeChild","redirect","location","window","setStatusCode","setHeader","getHeaders","getCookies","destination","container","cloneNode","innerHTML","firstChild","appendChild","Array","isArray","forEach","elem"],"mappings":"AAAAA,OAAOC,MAAP,CAAc;AAACC,cAAW,MAAIA;AAAhB,CAAd;AAAA,MAAMC,MAAMC,QAAZ;AACA,MAAMC,OAAOF,IAAIG,oBAAJ,CAAyB,MAAzB,EAAiC,CAAjC,CAAb;AACA,MAAMC,OAAOJ,IAAII,IAAjB;;AAEA,MAAMC,WAAYC,MAAD,IAAY;AAC3BC,UAAQC,KAAR,CAAe,QAAOF,MAAO;4CAA7B;AAED,CAHD;;AAIO,MAAMP,UAAN,CAAiB;AACtBU,eAAaC,UAAb,EAAyB;AACvBC,kBAAcT,IAAd,EAAoBQ,UAApB;AACD;;AAEDE,eAAaF,UAAb,EAAyB;AACvBC,kBAAcP,IAAd,EAAoBM,UAApB;AACD;;AAEDG,sBAAoBC,EAApB,EAAwBJ,UAAxB,EAAoC;AAClCC,kBAAcX,IAAIe,cAAJ,CAAmBD,EAAnB,CAAd,EAAsCJ,UAAtC;AACD;;AAEDM,wBAAsBF,EAAtB,EAA0BJ,UAA1B,EAAsC;AACpC,UAAMO,UAAUjB,IAAIe,cAAJ,CAAmBD,EAAnB,CAAhB;;AACA,WAAOG,QAAQC,SAAf,EAA0B;AACxBD,cAAQE,WAAR,CAAoBF,QAAQC,SAA5B;AACD;;AACDP,kBAAcM,OAAd,EAAuBP,UAAvB;AACD;;AAEDU,WAASC,QAAT,EAAmB;AACjB;AACAC,WAAOD,QAAP,GAAkBA,QAAlB;AACD,GAxBqB,CA0BtB;;;AACAE,kBAAgB;AACdlB,aAAS,eAAT;AACD;;AAEDmB,cAAY;AACVnB,aAAS,WAAT;AACD;;AAEDoB,eAAa;AACXpB,aAAS,YAAT;AACD;;AAEDqB,eAAa;AACXrB,aAAS,YAAT;AACD;;AAzCqB;;AA6CxB,SAASM,aAAT,CAAuBgB,WAAvB,EAAoCjB,UAApC,EAAgD;AAC9C,MAAI,OAAOA,UAAP,KAAsB,QAA1B,EAAoC;AAClC;AACA;AACA,UAAMkB,YAAYD,YAAYE,SAAZ,CAAsB,KAAtB,CAAlB,CAHkC,CAIlC;;AACAD,cAAUE,SAAV,GAAsBpB,UAAtB,CALkC,CAMlC;;AACA,WAAOkB,UAAUG,UAAjB,EAA6B;AAC3BJ,kBAAYK,WAAZ,CAAwBJ,UAAUG,UAAlC;AACD;AACF,GAVD,MAUO,IAAIE,MAAMC,OAAN,CAAcxB,UAAd,CAAJ,EAA+B;AACpCA,eAAWyB,OAAX,CAAmBC,QAAQzB,cAAcgB,WAAd,EAA2BS,IAA3B,CAA3B;AACD,GAFM,MAEA;AACLT,gBAAYK,WAAZ,CAAwBtB,UAAxB;AACD;AACF","sourcesContent":["const doc = document;\nconst head = doc.getElementsByTagName(\"head\")[0];\nconst body = doc.body;\n\nconst isoError = (method) => {\n  console.error(`sink.${method} was called on the client when\n    it should only be called on the server.`);\n}\nexport class ClientSink {\n  appendToHead(nodeOrHtml) {\n    appendContent(head, nodeOrHtml);\n  }\n\n  appendToBody(nodeOrHtml) {\n    appendContent(body, nodeOrHtml);\n  }\n\n  appendToElementById(id, nodeOrHtml) {\n    appendContent(doc.getElementById(id), nodeOrHtml);\n  }\n\n  renderIntoElementById(id, nodeOrHtml) {\n    const element = doc.getElementById(id);\n    while (element.lastChild) {\n      element.removeChild(element.lastChild);\n    }\n    appendContent(element, nodeOrHtml);\n  }\n\n  redirect(location) {\n    // code can't be set on the client\n    window.location = location;\n  }\n\n  // server only methods\n  setStatusCode() {\n    isoError(\"setStatusCode\");\n  }\n\n  setHeader() {\n    isoError(\"setHeader\");\n  }\n\n  getHeaders() {\n    isoError(\"getHeaders\");\n  }\n\n  getCookies() {\n    isoError(\"getCookies\");\n  }\n}\n\n\nfunction appendContent(destination, nodeOrHtml) {\n  if (typeof nodeOrHtml === \"string\") {\n    // Make a shallow clone of the destination node to ensure the new\n    // children can legally be appended to it.\n    const container = destination.cloneNode(false);\n    // Parse the HTML into the container, allowing for multiple children.\n    container.innerHTML = nodeOrHtml;\n    // Transplant the children to the destination.\n    while (container.firstChild) {\n      destination.appendChild(container.firstChild);\n    }\n  } else if (Array.isArray(nodeOrHtml)) {\n    nodeOrHtml.forEach(elem => appendContent(destination, elem));\n  } else {\n    destination.appendChild(nodeOrHtml);\n  }\n}\n"]},"sourceType":"script","hash":"0da915030461927f510d516fccc98f49ecb01ced"}
