{"metadata":{},"options":{"plugins":[{"key":"base$0$0","visitor":{"Program":{"enter":[null]},"_exploded":true,"_verified":true},"options":{"generateLetDeclarations":true,"enforceStrictMode":false}},{"key":"transform-meteor-dynamic-import","visitor":{"_exploded":{},"_verified":{},"CallExpression":{"enter":[null]}},"options":{}},{"key":"base$0$2","visitor":{"CallExpression":{"enter":[null]},"BinaryExpression":{"enter":[null]},"MemberExpression":{"enter":[null],"exit":[null]},"_exploded":true,"_verified":true,"Identifier":{"enter":[null]},"JSXIdentifier":{"enter":[null]}},"options":{"polyfill":false,"useBuiltIns":false}},{"key":"base$0$3","visitor":{"_exploded":{},"_verified":{},"ClassDeclaration":{"enter":[null]},"ClassExpression":{"enter":[null]}},"options":{"loose":true}},{"key":"base$0$4","visitor":{"FunctionExpression":{"exit":[null]},"_exploded":true,"_verified":true},"options":{}},{"key":"base$0$5","visitor":{"ForInStatement":{"enter":[null]},"_exploded":true,"_verified":true},"options":{}},{"key":"base$0$6","visitor":{"Program":{"exit":[null]},"_exploded":true,"_verified":true},"options":{"allowTopLevelThis":true,"strictMode":false,"loose":true}},{"key":"base$0$1$0","visitor":{"_exploded":{},"_verified":{},"JSXNamespacedName":{"enter":[null]},"JSXElement":{"exit":[null]},"JSXFragment":{"exit":[null]},"Program":{"enter":[null],"exit":[null]},"JSXAttribute":{"enter":[null]}},"options":{"pragma":"React.createElement","pragmaFrag":"React.Fragment","throwIfNamespace":true,"useBuiltIns":false}},{"key":"base$0$1$1","visitor":{"_exploded":true,"_verified":true},"options":{}},{"key":"base$0$1$2","visitor":{"ExportDefaultDeclaration":{"enter":[null]},"CallExpression":{"enter":[null]},"_exploded":true,"_verified":true},"options":{}},{"key":"base$0$0$0","visitor":{"_exploded":true,"_verified":true},"options":{}},{"key":"base$0$0$1","visitor":{"_exploded":true,"_verified":true},"options":{}},{"key":"base$0$0$2","visitor":{"ArrowFunctionExpression":{"enter":[null]},"_exploded":true,"_verified":true},"options":{}},{"key":"base$0$0$3","visitor":{"BlockStatement":{"enter":[null]},"SwitchCase":{"enter":[null]},"_exploded":true,"_verified":true},"options":{}},{"key":"base$0$0$4","visitor":{"VariableDeclaration":{"enter":[null]},"CatchClause":{"enter":[null]},"_exploded":true,"BlockStatement":{"enter":[null]},"SwitchStatement":{"enter":[null]},"Program":{"enter":[null]},"_verified":true,"DoWhileStatement":{"enter":[null]},"ForInStatement":{"enter":[null]},"ForStatement":{"enter":[null]},"WhileStatement":{"enter":[null]},"ForOfStatement":{"enter":[null]}},"options":{}},{"key":"base$0$0$5","visitor":{"ExportDefaultDeclaration":{"enter":[null]},"ClassDeclaration":{"enter":[null]},"ClassExpression":{"enter":[null]},"_exploded":true,"_verified":true},"options":{"loose":true}},{"key":"base$0$0$6","visitor":{"ObjectExpression":{"exit":[null]},"_exploded":true,"_verified":true},"options":{"loose":true}},{"key":"base$0$0$7","visitor":{"ExportNamedDeclaration":{"enter":[null]},"CatchClause":{"enter":[null]},"AssignmentExpression":{"enter":[null]},"VariableDeclaration":{"enter":[null]},"_exploded":true,"_verified":true,"ForInStatement":{"enter":[null]},"ForOfStatement":{"enter":[null]}},"options":{}},{"key":"base$0$0$8","visitor":{"ForOfStatement":{"enter":[null]},"_exploded":true,"_verified":true},"options":{"loose":true}},{"key":"base$0$0$9","visitor":{"NumericLiteral":{"enter":[null]},"StringLiteral":{"enter":[null]},"_exploded":true,"_verified":true},"options":{}},{"key":"base$0$0$10","visitor":{"ObjectExpression":{"enter":[null]},"_exploded":true,"_verified":true},"options":{}},{"key":"base$0$0$11","visitor":{"_exploded":true,"_verified":true,"FunctionDeclaration":{"enter":[null]},"FunctionExpression":{"enter":[null]},"ObjectMethod":{"enter":[null]},"ArrowFunctionExpression":{"enter":[null]},"ClassMethod":{"enter":[null]}},"options":{}},{"key":"base$0$0$12","visitor":{"ObjectMethod":{"enter":[null]},"ObjectProperty":{"enter":[null]},"_exploded":true,"_verified":true},"options":{}},{"key":"base$0$0$13","visitor":{"ArrayExpression":{"enter":[null]},"CallExpression":{"enter":[null]},"NewExpression":{"enter":[null]},"_exploded":true,"_verified":true},"options":{}},{"key":"base$0$0$14","visitor":{"RegExpLiteral":{"enter":[null]},"_exploded":true,"_verified":true},"options":{}},{"key":"base$0$0$15","visitor":{"TaggedTemplateExpression":{"enter":[null]},"TemplateLiteral":{"enter":[null]},"_exploded":true,"_verified":true},"options":{"loose":true}},{"key":"base$0$0$16","visitor":{"UnaryExpression":{"enter":[null]},"_exploded":true,"_verified":true,"BlockStatement":{"enter":[null]},"CatchClause":{"enter":[null]},"DoWhileStatement":{"enter":[null]},"ForInStatement":{"enter":[null]},"ForStatement":{"enter":[null]},"FunctionDeclaration":{"enter":[null]},"FunctionExpression":{"enter":[null]},"Program":{"enter":[null]},"ObjectMethod":{"enter":[null]},"SwitchStatement":{"enter":[null]},"WhileStatement":{"enter":[null]},"ArrowFunctionExpression":{"enter":[null]},"ClassDeclaration":{"enter":[null]},"ClassExpression":{"enter":[null]},"ForOfStatement":{"enter":[null]},"ClassMethod":{"enter":[null]}},"options":{}},{"key":"base$0$0$17","visitor":{"RegExpLiteral":{"enter":[null]},"_exploded":true,"_verified":true},"options":{}},{"key":"base$0$0$18","visitor":{"_exploded":true,"_verified":true},"options":{}},{"key":"base$0$0$19","visitor":{"_exploded":{},"_verified":{},"VariableDeclarator":{"enter":[null]},"ExportNamedDeclaration":{"enter":[null]},"CatchClause":{"enter":[null]},"AssignmentExpression":{"enter":[null]},"ObjectExpression":{"enter":[null]},"FunctionDeclaration":{"enter":[null]},"FunctionExpression":{"enter":[null]},"ObjectMethod":{"enter":[null]},"ArrowFunctionExpression":{"enter":[null]},"ClassMethod":{"enter":[null]},"ForInStatement":{"enter":[null]},"ForOfStatement":{"enter":[null]}},"options":{}},{"key":"base$0$0$20","visitor":{"ObjectProperty":{"exit":[null]},"_exploded":true,"_verified":true},"options":{}},{"key":"base$0$0$21","visitor":{"_exploded":{},"_verified":{},"Program":{"enter":[null]},"ImportDeclaration":{"enter":[null,null]},"ClassProperty":{"enter":[null]},"AssignmentPattern":{"enter":[null]},"TypeCastExpression":{"enter":[null,null]},"ImportSpecifier":{"enter":[null]},"ClassDeclaration":{"enter":[null]},"ClassExpression":{"enter":[null]},"FunctionDeclaration":{"enter":[null]},"FunctionExpression":{"enter":[null]},"ObjectMethod":{"enter":[null]},"ArrowFunctionExpression":{"enter":[null]},"ClassMethod":{"enter":[null]},"AnyTypeAnnotation":{"enter":[null]},"ArrayTypeAnnotation":{"enter":[null]},"BooleanTypeAnnotation":{"enter":[null]},"BooleanLiteralTypeAnnotation":{"enter":[null]},"NullLiteralTypeAnnotation":{"enter":[null]},"ClassImplements":{"enter":[null]},"DeclareClass":{"enter":[null]},"DeclareFunction":{"enter":[null]},"DeclareInterface":{"enter":[null]},"DeclareModule":{"enter":[null]},"DeclareModuleExports":{"enter":[null]},"DeclareTypeAlias":{"enter":[null]},"DeclareOpaqueType":{"enter":[null]},"DeclareVariable":{"enter":[null]},"DeclareExportDeclaration":{"enter":[null]},"DeclareExportAllDeclaration":{"enter":[null]},"DeclaredPredicate":{"enter":[null]},"ExistsTypeAnnotation":{"enter":[null]},"FunctionTypeAnnotation":{"enter":[null]},"FunctionTypeParam":{"enter":[null]},"GenericTypeAnnotation":{"enter":[null]},"InferredPredicate":{"enter":[null]},"InterfaceExtends":{"enter":[null]},"InterfaceDeclaration":{"enter":[null]},"IntersectionTypeAnnotation":{"enter":[null]},"MixedTypeAnnotation":{"enter":[null]},"EmptyTypeAnnotation":{"enter":[null]},"NullableTypeAnnotation":{"enter":[null]},"NumberLiteralTypeAnnotation":{"enter":[null]},"NumberTypeAnnotation":{"enter":[null]},"ObjectTypeAnnotation":{"enter":[null]},"ObjectTypeCallProperty":{"enter":[null]},"ObjectTypeIndexer":{"enter":[null]},"ObjectTypeProperty":{"enter":[null]},"ObjectTypeSpreadProperty":{"enter":[null]},"OpaqueType":{"enter":[null]},"QualifiedTypeIdentifier":{"enter":[null]},"StringLiteralTypeAnnotation":{"enter":[null]},"StringTypeAnnotation":{"enter":[null]},"ThisTypeAnnotation":{"enter":[null]},"TupleTypeAnnotation":{"enter":[null]},"TypeofTypeAnnotation":{"enter":[null]},"TypeAlias":{"enter":[null]},"TypeAnnotation":{"enter":[null]},"TypeParameter":{"enter":[null]},"TypeParameterDeclaration":{"enter":[null]},"TypeParameterInstantiation":{"enter":[null]},"UnionTypeAnnotation":{"enter":[null]},"Variance":{"enter":[null]},"VoidTypeAnnotation":{"enter":[null]},"ExportAllDeclaration":{"enter":[null]},"ExportDefaultDeclaration":{"enter":[null]},"ExportNamedDeclaration":{"enter":[null]}},"options":{}},{"key":"base$0$0$22","visitor":{"AssignmentExpression":{"enter":[null]},"BinaryExpression":{"enter":[null]},"_exploded":true,"_verified":true},"options":{}},{"key":"base$0$0$23","visitor":{"_exploded":{},"_verified":{},"Program":{"enter":[null]}},"options":{}},{"key":"regenerator-transform","visitor":{"_exploded":true,"_verified":true,"FunctionDeclaration":{"exit":[null]},"FunctionExpression":{"exit":[null]},"ObjectMethod":{"exit":[null]},"ArrowFunctionExpression":{"exit":[null]},"ClassMethod":{"exit":[null]}},"options":{}}],"presets":[],"compact":false,"ast":true,"babelrc":false,"sourceFileName":"packages/reactive-dict/migration.js","filename":"packages/reactive-dict/migration.js","sourceMaps":true,"envName":"development","cwd":"/Users/administrator/Downloads/meteor-serverless-training/weather-info","passPerPreset":false,"parserOpts":{"sourceType":"module","sourceFileName":"packages/reactive-dict/migration.js","plugins":["dynamicImport","classProperties","classPrivateProperties","jsx","jsx","flow","asyncGenerators","objectRestSpread","objectRestSpread","flow","asyncGenerators"]},"generatorOpts":{"filename":"packages/reactive-dict/migration.js","comments":true,"compact":false,"sourceMaps":true,"sourceFileName":"packages/reactive-dict/migration.js"}},"code":"module.export({\n  ReactiveDict: function () {\n    return ReactiveDict;\n  }\n});\nvar ReactiveDict;\nmodule.watch(require(\"./reactive-dict\"), {\n  ReactiveDict: function (v) {\n    ReactiveDict = v;\n  }\n}, 0);\nReactiveDict._migratedDictData = {}; // name -> data\n\nReactiveDict._dictsToMigrate = {}; // name -> ReactiveDict\n\nReactiveDict._loadMigratedDict = function (dictName) {\n  if (_.has(ReactiveDict._migratedDictData, dictName)) {\n    var data = ReactiveDict._migratedDictData[dictName];\n    delete ReactiveDict._migratedDictData[dictName];\n    return data;\n  }\n\n  return null;\n};\n\nReactiveDict._registerDictForMigrate = function (dictName, dict) {\n  if (_.has(ReactiveDict._dictsToMigrate, dictName)) throw new Error(\"Duplicate ReactiveDict name: \" + dictName);\n  ReactiveDict._dictsToMigrate[dictName] = dict;\n};\n\nif (Meteor.isClient && Package.reload) {\n  // Put old migrated data into ReactiveDict._migratedDictData,\n  // where it can be accessed by ReactiveDict._loadMigratedDict.\n  var migrationData = Package.reload.Reload._migrationData('reactive-dict');\n\n  if (migrationData && migrationData.dicts) ReactiveDict._migratedDictData = migrationData.dicts; // On migration, assemble the data from all the dicts that have been\n  // registered.\n\n  Package.reload.Reload._onMigrate('reactive-dict', function () {\n    var dictsToMigrate = ReactiveDict._dictsToMigrate;\n    var dataToMigrate = {};\n\n    for (var dictName in meteorBabelHelpers.sanitizeForInObject(dictsToMigrate)) {\n      dataToMigrate[dictName] = dictsToMigrate[dictName]._getMigrationData();\n    }\n\n    return [true, {\n      dicts: dataToMigrate\n    }];\n  });\n}","map":{"version":3,"sources":["packages/reactive-dict/migration.js"],"names":["module","export","ReactiveDict","watch","require","v","_migratedDictData","_dictsToMigrate","_loadMigratedDict","dictName","_","has","data","_registerDictForMigrate","dict","Error","Meteor","isClient","Package","reload","migrationData","Reload","_migrationData","dicts","_onMigrate","dictsToMigrate","dataToMigrate","_getMigrationData"],"mappings":"AAAAA,OAAOC,MAAP,CAAc;AAACC,gBAAa;AAAA,WAAIA,YAAJ;AAAA;AAAd,CAAd;AAA+C,IAAIA,YAAJ;AAAiBF,OAAOG,KAAP,CAAaC,QAAQ,iBAAR,CAAb,EAAwC;AAACF,cAAD,YAAcG,CAAd,EAAgB;AAACH,mBAAaG,CAAb;AAAe;AAAhC,CAAxC,EAA0E,CAA1E;AAEhEH,aAAaI,iBAAb,GAAiC,EAAjC,C,CAAqC;;AACrCJ,aAAaK,eAAb,GAA+B,EAA/B,C,CAAmC;;AAEnCL,aAAaM,iBAAb,GAAiC,UAAUC,QAAV,EAAoB;AACnD,MAAIC,EAAEC,GAAF,CAAMT,aAAaI,iBAAnB,EAAsCG,QAAtC,CAAJ,EAAqD;AACnD,QAAMG,OAAOV,aAAaI,iBAAb,CAA+BG,QAA/B,CAAb;AACA,WAAOP,aAAaI,iBAAb,CAA+BG,QAA/B,CAAP;AACA,WAAOG,IAAP;AACD;;AAED,SAAO,IAAP;AACD,CARD;;AAUAV,aAAaW,uBAAb,GAAuC,UAAUJ,QAAV,EAAoBK,IAApB,EAA0B;AAC/D,MAAIJ,EAAEC,GAAF,CAAMT,aAAaK,eAAnB,EAAoCE,QAApC,CAAJ,EACE,MAAM,IAAIM,KAAJ,CAAU,kCAAkCN,QAA5C,CAAN;AAEFP,eAAaK,eAAb,CAA6BE,QAA7B,IAAyCK,IAAzC;AACD,CALD;;AAOA,IAAIE,OAAOC,QAAP,IAAmBC,QAAQC,MAA/B,EAAuC;AACrC;AACA;AACA,MAAIC,gBAAgBF,QAAQC,MAAR,CAAeE,MAAf,CAAsBC,cAAtB,CAAqC,eAArC,CAApB;;AACA,MAAIF,iBAAiBA,cAAcG,KAAnC,EACErB,aAAaI,iBAAb,GAAiCc,cAAcG,KAA/C,CALmC,CAOrC;AACA;;AACAL,UAAQC,MAAR,CAAeE,MAAf,CAAsBG,UAAtB,CAAiC,eAAjC,EAAkD,YAAY;AAC5D,QAAIC,iBAAiBvB,aAAaK,eAAlC;AACA,QAAImB,gBAAgB,EAApB;;AAEA,SAAK,IAAIjB,QAAT,2CAAqBgB,cAArB;AACEC,oBAAcjB,QAAd,IAA0BgB,eAAehB,QAAf,EAAyBkB,iBAAzB,EAA1B;AADF;;AAGA,WAAO,CAAC,IAAD,EAAO;AAACJ,aAAOG;AAAR,KAAP,CAAP;AACD,GARD;AASD","sourcesContent":["import { ReactiveDict } from './reactive-dict';\n\nReactiveDict._migratedDictData = {}; // name -> data\nReactiveDict._dictsToMigrate = {}; // name -> ReactiveDict\n\nReactiveDict._loadMigratedDict = function (dictName) {\n  if (_.has(ReactiveDict._migratedDictData, dictName)) {\n    const data = ReactiveDict._migratedDictData[dictName];\n    delete ReactiveDict._migratedDictData[dictName];\n    return data;\n  }\n\n  return null;\n};\n\nReactiveDict._registerDictForMigrate = function (dictName, dict) {\n  if (_.has(ReactiveDict._dictsToMigrate, dictName))\n    throw new Error(\"Duplicate ReactiveDict name: \" + dictName);\n\n  ReactiveDict._dictsToMigrate[dictName] = dict;\n};\n\nif (Meteor.isClient && Package.reload) {\n  // Put old migrated data into ReactiveDict._migratedDictData,\n  // where it can be accessed by ReactiveDict._loadMigratedDict.\n  var migrationData = Package.reload.Reload._migrationData('reactive-dict');\n  if (migrationData && migrationData.dicts)\n    ReactiveDict._migratedDictData = migrationData.dicts;\n\n  // On migration, assemble the data from all the dicts that have been\n  // registered.\n  Package.reload.Reload._onMigrate('reactive-dict', function () {\n    var dictsToMigrate = ReactiveDict._dictsToMigrate;\n    var dataToMigrate = {};\n\n    for (var dictName in dictsToMigrate)\n      dataToMigrate[dictName] = dictsToMigrate[dictName]._getMigrationData();\n\n    return [true, {dicts: dataToMigrate}];\n  });\n}\n\nexport { ReactiveDict };\n"]},"sourceType":"script","hash":"18e61d541b93030c904cce28a35bf69c499601cf"}
