{"metadata":{},"options":{"plugins":[{"key":"base$1$0","visitor":{"_exploded":{},"_verified":{},"JSXNamespacedName":{"enter":[null]},"JSXElement":{"exit":[null]},"JSXFragment":{"exit":[null]},"Program":{"enter":[null],"exit":[null]},"JSXAttribute":{"enter":[null]}},"options":{"pragma":"React.createElement","pragmaFrag":"React.Fragment","throwIfNamespace":true,"useBuiltIns":false}},{"key":"base$1$1","visitor":{"_exploded":true,"_verified":true},"options":{}},{"key":"base$1$2","visitor":{"ExportDefaultDeclaration":{"enter":[null]},"CallExpression":{"enter":[null]},"_exploded":true,"_verified":true},"options":{}},{"key":"base$0$0","visitor":{"Program":{"enter":[null]},"_exploded":true,"_verified":true},"options":{"generateLetDeclarations":true,"enforceStrictMode":false}},{"key":"base$0$1","visitor":{"_exploded":true,"_verified":true},"options":{}},{"key":"base$0$2","visitor":{"_exploded":{},"_verified":{},"Program":{"enter":[null]},"ImportDeclaration":{"enter":[null,null]},"ClassProperty":{"enter":[null]},"AssignmentPattern":{"enter":[null]},"TypeCastExpression":{"enter":[null,null]},"ImportSpecifier":{"enter":[null]},"ClassDeclaration":{"enter":[null]},"ClassExpression":{"enter":[null]},"FunctionDeclaration":{"enter":[null]},"FunctionExpression":{"enter":[null]},"ObjectMethod":{"enter":[null]},"ArrowFunctionExpression":{"enter":[null]},"ClassMethod":{"enter":[null]},"AnyTypeAnnotation":{"enter":[null]},"ArrayTypeAnnotation":{"enter":[null]},"BooleanTypeAnnotation":{"enter":[null]},"BooleanLiteralTypeAnnotation":{"enter":[null]},"NullLiteralTypeAnnotation":{"enter":[null]},"ClassImplements":{"enter":[null]},"DeclareClass":{"enter":[null]},"DeclareFunction":{"enter":[null]},"DeclareInterface":{"enter":[null]},"DeclareModule":{"enter":[null]},"DeclareModuleExports":{"enter":[null]},"DeclareTypeAlias":{"enter":[null]},"DeclareOpaqueType":{"enter":[null]},"DeclareVariable":{"enter":[null]},"DeclareExportDeclaration":{"enter":[null]},"DeclareExportAllDeclaration":{"enter":[null]},"DeclaredPredicate":{"enter":[null]},"ExistsTypeAnnotation":{"enter":[null]},"FunctionTypeAnnotation":{"enter":[null]},"FunctionTypeParam":{"enter":[null]},"GenericTypeAnnotation":{"enter":[null]},"InferredPredicate":{"enter":[null]},"InterfaceExtends":{"enter":[null]},"InterfaceDeclaration":{"enter":[null]},"IntersectionTypeAnnotation":{"enter":[null]},"MixedTypeAnnotation":{"enter":[null]},"EmptyTypeAnnotation":{"enter":[null]},"NullableTypeAnnotation":{"enter":[null]},"NumberLiteralTypeAnnotation":{"enter":[null]},"NumberTypeAnnotation":{"enter":[null]},"ObjectTypeAnnotation":{"enter":[null]},"ObjectTypeCallProperty":{"enter":[null]},"ObjectTypeIndexer":{"enter":[null]},"ObjectTypeProperty":{"enter":[null]},"ObjectTypeSpreadProperty":{"enter":[null]},"OpaqueType":{"enter":[null]},"QualifiedTypeIdentifier":{"enter":[null]},"StringLiteralTypeAnnotation":{"enter":[null]},"StringTypeAnnotation":{"enter":[null]},"ThisTypeAnnotation":{"enter":[null]},"TupleTypeAnnotation":{"enter":[null]},"TypeofTypeAnnotation":{"enter":[null]},"TypeAlias":{"enter":[null]},"TypeAnnotation":{"enter":[null]},"TypeParameter":{"enter":[null]},"TypeParameterDeclaration":{"enter":[null]},"TypeParameterInstantiation":{"enter":[null]},"UnionTypeAnnotation":{"enter":[null]},"Variance":{"enter":[null]},"VoidTypeAnnotation":{"enter":[null]},"ExportAllDeclaration":{"enter":[null]},"ExportDefaultDeclaration":{"enter":[null]},"ExportNamedDeclaration":{"enter":[null]}},"options":{}},{"key":"base$0$3","visitor":{"CallExpression":{"enter":[null]},"BinaryExpression":{"enter":[null]},"MemberExpression":{"enter":[null],"exit":[null]},"_exploded":true,"_verified":true,"Identifier":{"enter":[null]},"JSXIdentifier":{"enter":[null]}},"options":{"polyfill":false,"useBuiltIns":true}},{"key":"base$0$4","visitor":{"_exploded":true,"_verified":true},"options":{}},{"key":"base$0$5","visitor":{"_exploded":{},"_verified":{},"VariableDeclarator":{"enter":[null]},"ExportNamedDeclaration":{"enter":[null]},"CatchClause":{"enter":[null]},"AssignmentExpression":{"enter":[null]},"ObjectExpression":{"enter":[null]},"FunctionDeclaration":{"enter":[null]},"FunctionExpression":{"enter":[null]},"ObjectMethod":{"enter":[null]},"ArrowFunctionExpression":{"enter":[null]},"ClassMethod":{"enter":[null]},"ForInStatement":{"enter":[null]},"ForOfStatement":{"enter":[null]}},"options":{}},{"key":"transform-meteor-async-await","visitor":{"AwaitExpression":{"enter":[null]},"_exploded":true,"_verified":true,"FunctionDeclaration":{"exit":[null]},"FunctionExpression":{"exit":[null]},"ObjectMethod":{"exit":[null]},"ArrowFunctionExpression":{"exit":[null]},"ClassMethod":{"exit":[null]}},"options":{"useNativeAsyncAwait":false}},{"key":"transform-meteor-dynamic-import","visitor":{"_exploded":{},"_verified":{},"CallExpression":{"enter":[null]}},"options":{}},{"key":"base$0$8","visitor":{"_exploded":{},"_verified":{},"Program":{"enter":[null]}},"options":{}},{"key":"base$0$9","visitor":{"Program":{"exit":[null]},"_exploded":true,"_verified":true},"options":{"allowTopLevelThis":true,"strictMode":false,"loose":true}},{"key":"base$0$10","visitor":{"_exploded":{},"_verified":{},"ClassDeclaration":{"enter":[null]},"ClassExpression":{"enter":[null]}},"options":{"loose":true}}],"compact":false,"ast":true,"babelrc":false,"sourceFileName":"packages/check/match.js","filename":"packages/check/match.js","sourceMaps":true,"envName":"development","cwd":"/Users/administrator/Downloads/meteor-serverless-training/weather-info","passPerPreset":false,"presets":[],"parserOpts":{"sourceType":"module","sourceFileName":"packages/check/match.js","plugins":["jsx","jsx","flow","flow","objectRestSpread","objectRestSpread","dynamicImport","asyncGenerators","classProperties","classPrivateProperties"]},"generatorOpts":{"filename":"packages/check/match.js","comments":true,"compact":false,"sourceMaps":true,"sourceFileName":"packages/check/match.js"}},"code":"module.export({\n  check: () => check,\n  Match: () => Match\n});\nlet isPlainObject;\nmodule.watch(require(\"./isPlainObject\"), {\n  isPlainObject(v) {\n    isPlainObject = v;\n  }\n\n}, 0);\n// Things we explicitly do NOT support:\n//    - heterogenous arrays\nconst currentArgumentChecker = new Meteor.EnvironmentVariable();\nconst hasOwn = Object.prototype.hasOwnProperty;\n/**\n * @summary Check that a value matches a [pattern](#matchpatterns).\n * If the value does not match the pattern, throw a `Match.Error`.\n *\n * Particularly useful to assert that arguments to a function have the right\n * types and structure.\n * @locus Anywhere\n * @param {Any} value The value to check\n * @param {MatchPattern} pattern The pattern to match `value` against\n */\n\nfunction check(value, pattern) {\n  // Record that check got called, if somebody cared.\n  //\n  // We use getOrNullIfOutsideFiber so that it's OK to call check()\n  // from non-Fiber server contexts; the downside is that if you forget to\n  // bindEnvironment on some random callback in your method/publisher,\n  // it might not find the argumentChecker and you'll get an error about\n  // not checking an argument that it looks like you're checking (instead\n  // of just getting a \"Node code must run in a Fiber\" error).\n  const argChecker = currentArgumentChecker.getOrNullIfOutsideFiber();\n\n  if (argChecker) {\n    argChecker.checking(value);\n  }\n\n  const result = testSubtree(value, pattern);\n\n  if (result) {\n    const err = new Match.Error(result.message);\n\n    if (result.path) {\n      err.message += ` in field ${result.path}`;\n      err.path = result.path;\n    }\n\n    throw err;\n  }\n}\n\n;\n/**\n * @namespace Match\n * @summary The namespace for all Match types and methods.\n */\n\nconst Match = {\n  Optional: function (pattern) {\n    return new Optional(pattern);\n  },\n  Maybe: function (pattern) {\n    return new Maybe(pattern);\n  },\n  OneOf: function (...args) {\n    return new OneOf(args);\n  },\n  Any: ['__any__'],\n  Where: function (condition) {\n    return new Where(condition);\n  },\n  ObjectIncluding: function (pattern) {\n    return new ObjectIncluding(pattern);\n  },\n  ObjectWithValues: function (pattern) {\n    return new ObjectWithValues(pattern);\n  },\n  // Matches only signed 32-bit integers\n  Integer: ['__integer__'],\n  // XXX matchers should know how to describe themselves for errors\n  Error: Meteor.makeErrorType('Match.Error', function (msg) {\n    this.message = `Match error: ${msg}`; // The path of the value that failed to match. Initially empty, this gets\n    // populated by catching and rethrowing the exception as it goes back up the\n    // stack.\n    // E.g.: \"vals[3].entity.created\"\n\n    this.path = ''; // If this gets sent over DDP, don't give full internal details but at least\n    // provide something better than 500 Internal server error.\n\n    this.sanitizedError = new Meteor.Error(400, 'Match failed');\n  }),\n\n  // Tests to see if value matches pattern. Unlike check, it merely returns true\n  // or false (unless an error other than Match.Error was thrown). It does not\n  // interact with _failIfArgumentsAreNotAllChecked.\n  // XXX maybe also implement a Match.match which returns more information about\n  //     failures but without using exception handling or doing what check()\n  //     does with _failIfArgumentsAreNotAllChecked and Meteor.Error conversion\n\n  /**\n   * @summary Returns true if the value matches the pattern.\n   * @locus Anywhere\n   * @param {Any} value The value to check\n   * @param {MatchPattern} pattern The pattern to match `value` against\n   */\n  test(value, pattern) {\n    return !testSubtree(value, pattern);\n  },\n\n  // Runs `f.apply(context, args)`. If check() is not called on every element of\n  // `args` (either directly or in the first level of an array), throws an error\n  // (using `description` in the message).\n  _failIfArgumentsAreNotAllChecked(f, context, args, description) {\n    const argChecker = new ArgumentChecker(args, description);\n    const result = currentArgumentChecker.withValue(argChecker, () => f.apply(context, args)); // If f didn't itself throw, make sure it checked all of its arguments.\n\n    argChecker.throwUnlessAllArgumentsHaveBeenChecked();\n    return result;\n  }\n\n};\n\nclass Optional {\n  constructor(pattern) {\n    this.pattern = pattern;\n  }\n\n}\n\nclass Maybe {\n  constructor(pattern) {\n    this.pattern = pattern;\n  }\n\n}\n\nclass OneOf {\n  constructor(choices) {\n    if (!choices || choices.length === 0) {\n      throw new Error('Must provide at least one choice to Match.OneOf');\n    }\n\n    this.choices = choices;\n  }\n\n}\n\nclass Where {\n  constructor(condition) {\n    this.condition = condition;\n  }\n\n}\n\nclass ObjectIncluding {\n  constructor(pattern) {\n    this.pattern = pattern;\n  }\n\n}\n\nclass ObjectWithValues {\n  constructor(pattern) {\n    this.pattern = pattern;\n  }\n\n}\n\nconst stringForErrorMessage = (value, options = {}) => {\n  if (value === null) {\n    return 'null';\n  }\n\n  if (options.onlyShowType) {\n    return typeof value;\n  } // Your average non-object things.  Saves from doing the try/catch below for.\n\n\n  if (typeof value !== 'object') {\n    return EJSON.stringify(value);\n  }\n\n  try {\n    // Find objects with circular references since EJSON doesn't support them yet (Issue #4778 + Unaccepted PR)\n    // If the native stringify is going to choke, EJSON.stringify is going to choke too.\n    JSON.stringify(value);\n  } catch (stringifyError) {\n    if (stringifyError.name === 'TypeError') {\n      return typeof value;\n    }\n  }\n\n  return EJSON.stringify(value);\n};\n\nconst typeofChecks = [[String, 'string'], [Number, 'number'], [Boolean, 'boolean'], // While we don't allow undefined/function in EJSON, this is good for optional\n// arguments with OneOf.\n[Function, 'function'], [undefined, 'undefined']]; // Return `false` if it matches. Otherwise, return an object with a `message` and a `path` field.\n\nconst testSubtree = (value, pattern) => {\n  // Match anything!\n  if (pattern === Match.Any) {\n    return false;\n  } // Basic atomic types.\n  // Do not match boxed objects (e.g. String, Boolean)\n\n\n  for (let i = 0; i < typeofChecks.length; ++i) {\n    if (pattern === typeofChecks[i][0]) {\n      if (typeof value === typeofChecks[i][1]) {\n        return false;\n      }\n\n      return {\n        message: `Expected ${typeofChecks[i][1]}, got ${stringForErrorMessage(value, {\n          onlyShowType: true\n        })}`,\n        path: ''\n      };\n    }\n  }\n\n  if (pattern === null) {\n    if (value === null) {\n      return false;\n    }\n\n    return {\n      message: `Expected null, got ${stringForErrorMessage(value)}`,\n      path: ''\n    };\n  } // Strings, numbers, and booleans match literally. Goes well with Match.OneOf.\n\n\n  if (typeof pattern === 'string' || typeof pattern === 'number' || typeof pattern === 'boolean') {\n    if (value === pattern) {\n      return false;\n    }\n\n    return {\n      message: `Expected ${pattern}, got ${stringForErrorMessage(value)}`,\n      path: ''\n    };\n  } // Match.Integer is special type encoded with array\n\n\n  if (pattern === Match.Integer) {\n    // There is no consistent and reliable way to check if variable is a 64-bit\n    // integer. One of the popular solutions is to get reminder of division by 1\n    // but this method fails on really large floats with big precision.\n    // E.g.: 1.348192308491824e+23 % 1 === 0 in V8\n    // Bitwise operators work consistantly but always cast variable to 32-bit\n    // signed integer according to JavaScript specs.\n    if (typeof value === 'number' && (value | 0) === value) {\n      return false;\n    }\n\n    return {\n      message: `Expected Integer, got ${stringForErrorMessage(value)}`,\n      path: ''\n    };\n  } // 'Object' is shorthand for Match.ObjectIncluding({});\n\n\n  if (pattern === Object) {\n    pattern = Match.ObjectIncluding({});\n  } // Array (checked AFTER Any, which is implemented as an Array).\n\n\n  if (pattern instanceof Array) {\n    if (pattern.length !== 1) {\n      return {\n        message: `Bad pattern: arrays must have one type element ${stringForErrorMessage(pattern)}`,\n        path: ''\n      };\n    }\n\n    if (!Array.isArray(value) && !isArguments(value)) {\n      return {\n        message: `Expected array, got ${stringForErrorMessage(value)}`,\n        path: ''\n      };\n    }\n\n    for (let i = 0, length = value.length; i < length; i++) {\n      const result = testSubtree(value[i], pattern[0]);\n\n      if (result) {\n        result.path = _prependPath(i, result.path);\n        return result;\n      }\n    }\n\n    return false;\n  } // Arbitrary validation checks. The condition can return false or throw a\n  // Match.Error (ie, it can internally use check()) to fail.\n\n\n  if (pattern instanceof Where) {\n    let result;\n\n    try {\n      result = pattern.condition(value);\n    } catch (err) {\n      if (!(err instanceof Match.Error)) {\n        throw err;\n      }\n\n      return {\n        message: err.message,\n        path: err.path\n      };\n    }\n\n    if (result) {\n      return false;\n    } // XXX this error is terrible\n\n\n    return {\n      message: 'Failed Match.Where validation',\n      path: ''\n    };\n  }\n\n  if (pattern instanceof Maybe) {\n    pattern = Match.OneOf(undefined, null, pattern.pattern);\n  } else if (pattern instanceof Optional) {\n    pattern = Match.OneOf(undefined, pattern.pattern);\n  }\n\n  if (pattern instanceof OneOf) {\n    for (let i = 0; i < pattern.choices.length; ++i) {\n      const result = testSubtree(value, pattern.choices[i]);\n\n      if (!result) {\n        // No error? Yay, return.\n        return false;\n      } // Match errors just mean try another choice.\n\n    } // XXX this error is terrible\n\n\n    return {\n      message: 'Failed Match.OneOf, Match.Maybe or Match.Optional validation',\n      path: ''\n    };\n  } // A function that isn't something we special-case is assumed to be a\n  // constructor.\n\n\n  if (pattern instanceof Function) {\n    if (value instanceof pattern) {\n      return false;\n    }\n\n    return {\n      message: `Expected ${pattern.name || 'particular constructor'}`,\n      path: ''\n    };\n  }\n\n  let unknownKeysAllowed = false;\n  let unknownKeyPattern;\n\n  if (pattern instanceof ObjectIncluding) {\n    unknownKeysAllowed = true;\n    pattern = pattern.pattern;\n  }\n\n  if (pattern instanceof ObjectWithValues) {\n    unknownKeysAllowed = true;\n    unknownKeyPattern = [pattern.pattern];\n    pattern = {}; // no required keys\n  }\n\n  if (typeof pattern !== 'object') {\n    return {\n      message: 'Bad pattern: unknown pattern type',\n      path: ''\n    };\n  } // An object, with required and optional keys. Note that this does NOT do\n  // structural matches against objects of special types that happen to match\n  // the pattern: this really needs to be a plain old {Object}!\n\n\n  if (typeof value !== 'object') {\n    return {\n      message: `Expected object, got ${typeof value}`,\n      path: ''\n    };\n  }\n\n  if (value === null) {\n    return {\n      message: `Expected object, got null`,\n      path: ''\n    };\n  }\n\n  if (!isPlainObject(value)) {\n    return {\n      message: `Expected plain object`,\n      path: ''\n    };\n  }\n\n  const requiredPatterns = Object.create(null);\n  const optionalPatterns = Object.create(null);\n  Object.keys(pattern).forEach(key => {\n    const subPattern = pattern[key];\n\n    if (subPattern instanceof Optional || subPattern instanceof Maybe) {\n      optionalPatterns[key] = subPattern.pattern;\n    } else {\n      requiredPatterns[key] = subPattern;\n    }\n  });\n\n  for (let key in Object(value)) {\n    const subValue = value[key];\n\n    if (hasOwn.call(requiredPatterns, key)) {\n      const result = testSubtree(subValue, requiredPatterns[key]);\n\n      if (result) {\n        result.path = _prependPath(key, result.path);\n        return result;\n      }\n\n      delete requiredPatterns[key];\n    } else if (hasOwn.call(optionalPatterns, key)) {\n      const result = testSubtree(subValue, optionalPatterns[key]);\n\n      if (result) {\n        result.path = _prependPath(key, result.path);\n        return result;\n      }\n    } else {\n      if (!unknownKeysAllowed) {\n        return {\n          message: 'Unknown key',\n          path: key\n        };\n      }\n\n      if (unknownKeyPattern) {\n        const result = testSubtree(subValue, unknownKeyPattern[0]);\n\n        if (result) {\n          result.path = _prependPath(key, result.path);\n          return result;\n        }\n      }\n    }\n  }\n\n  const keys = Object.keys(requiredPatterns);\n\n  if (keys.length) {\n    return {\n      message: `Missing key '${keys[0]}'`,\n      path: ''\n    };\n  }\n};\n\nclass ArgumentChecker {\n  constructor(args, description) {\n    // Make a SHALLOW copy of the arguments. (We'll be doing identity checks\n    // against its contents.)\n    this.args = [...args]; // Since the common case will be to check arguments in order, and we splice\n    // out arguments when we check them, make it so we splice out from the end\n    // rather than the beginning.\n\n    this.args.reverse();\n    this.description = description;\n  }\n\n  checking(value) {\n    if (this._checkingOneValue(value)) {\n      return;\n    } // Allow check(arguments, [String]) or check(arguments.slice(1), [String])\n    // or check([foo, bar], [String]) to count... but only if value wasn't\n    // itself an argument.\n\n\n    if (Array.isArray(value) || isArguments(value)) {\n      Array.prototype.forEach.call(value, this._checkingOneValue.bind(this));\n    }\n  }\n\n  _checkingOneValue(value) {\n    for (let i = 0; i < this.args.length; ++i) {\n      // Is this value one of the arguments? (This can have a false positive if\n      // the argument is an interned primitive, but it's still a good enough\n      // check.)\n      // (NaN is not === to itself, so we have to check specially.)\n      if (value === this.args[i] || Number.isNaN(value) && Number.isNaN(this.args[i])) {\n        this.args.splice(i, 1);\n        return true;\n      }\n    }\n\n    return false;\n  }\n\n  throwUnlessAllArgumentsHaveBeenChecked() {\n    if (this.args.length > 0) throw new Error(`Did not check() all arguments during ${this.description}`);\n  }\n\n}\n\nconst _jsKeywords = ['do', 'if', 'in', 'for', 'let', 'new', 'try', 'var', 'case', 'else', 'enum', 'eval', 'false', 'null', 'this', 'true', 'void', 'with', 'break', 'catch', 'class', 'const', 'super', 'throw', 'while', 'yield', 'delete', 'export', 'import', 'public', 'return', 'static', 'switch', 'typeof', 'default', 'extends', 'finally', 'package', 'private', 'continue', 'debugger', 'function', 'arguments', 'interface', 'protected', 'implements', 'instanceof']; // Assumes the base of path is already escaped properly\n// returns key + base\n\nconst _prependPath = (key, base) => {\n  if (typeof key === 'number' || key.match(/^[0-9]+$/)) {\n    key = `[${key}]`;\n  } else if (!key.match(/^[a-z_$][0-9a-z_$]*$/i) || _jsKeywords.indexOf(key) >= 0) {\n    key = JSON.stringify([key]);\n  }\n\n  if (base && base[0] !== '[') {\n    return `${key}.${base}`;\n  }\n\n  return key + base;\n};\n\nconst isObject = value => typeof value === 'object' && value !== null;\n\nconst baseIsArguments = item => isObject(item) && Object.prototype.toString.call(item) === '[object Arguments]';\n\nconst isArguments = baseIsArguments(function () {\n  return arguments;\n}()) ? baseIsArguments : value => isObject(value) && typeof value.callee === 'function';","map":{"version":3,"sources":["packages/check/match.js"],"names":["module","export","check","Match","isPlainObject","watch","require","v","currentArgumentChecker","Meteor","EnvironmentVariable","hasOwn","Object","prototype","hasOwnProperty","value","pattern","argChecker","getOrNullIfOutsideFiber","checking","result","testSubtree","err","Error","message","path","Optional","Maybe","OneOf","args","Any","Where","condition","ObjectIncluding","ObjectWithValues","Integer","makeErrorType","msg","sanitizedError","test","_failIfArgumentsAreNotAllChecked","f","context","description","ArgumentChecker","withValue","apply","throwUnlessAllArgumentsHaveBeenChecked","constructor","choices","length","stringForErrorMessage","options","onlyShowType","EJSON","stringify","JSON","stringifyError","name","typeofChecks","String","Number","Boolean","Function","undefined","i","Array","isArray","isArguments","_prependPath","unknownKeysAllowed","unknownKeyPattern","requiredPatterns","create","optionalPatterns","keys","forEach","key","subPattern","subValue","call","reverse","_checkingOneValue","bind","isNaN","splice","_jsKeywords","base","match","indexOf","isObject","baseIsArguments","item","toString","arguments","callee"],"mappings":"AAAAA,OAAOC,MAAP,CAAc;AAACC,SAAM,MAAIA,KAAX;AAAiBC,SAAM,MAAIA;AAA3B,CAAd;AAAiD,IAAIC,aAAJ;AAAkBJ,OAAOK,KAAP,CAAaC,QAAQ,iBAAR,CAAb,EAAwC;AAACF,gBAAcG,CAAd,EAAgB;AAACH,oBAAcG,CAAd;AAAgB;;AAAlC,CAAxC,EAA4E,CAA5E;AAGnE;AACA;AAEA,MAAMC,yBAAyB,IAAIC,OAAOC,mBAAX,EAA/B;AACA,MAAMC,SAASC,OAAOC,SAAP,CAAiBC,cAAhC;AAEA;;;;;;;;;;;AAUO,SAASZ,KAAT,CAAea,KAAf,EAAsBC,OAAtB,EAA+B;AACpC;AACA;AACA;AACA;AACA;AACA;AACA;AACA;AACA,QAAMC,aAAaT,uBAAuBU,uBAAvB,EAAnB;;AACA,MAAID,UAAJ,EAAgB;AACdA,eAAWE,QAAX,CAAoBJ,KAApB;AACD;;AAED,QAAMK,SAASC,YAAYN,KAAZ,EAAmBC,OAAnB,CAAf;;AACA,MAAII,MAAJ,EAAY;AACV,UAAME,MAAM,IAAInB,MAAMoB,KAAV,CAAgBH,OAAOI,OAAvB,CAAZ;;AACA,QAAIJ,OAAOK,IAAX,EAAiB;AACfH,UAAIE,OAAJ,IAAgB,aAAYJ,OAAOK,IAAK,EAAxC;AACAH,UAAIG,IAAJ,GAAWL,OAAOK,IAAlB;AACD;;AAED,UAAMH,GAAN;AACD;AACF;;AAAA;AAED;;;;;AAIO,MAAMnB,QAAQ;AACnBuB,YAAU,UAASV,OAAT,EAAkB;AAC1B,WAAO,IAAIU,QAAJ,CAAaV,OAAb,CAAP;AACD,GAHkB;AAKnBW,SAAO,UAASX,OAAT,EAAkB;AACvB,WAAO,IAAIW,KAAJ,CAAUX,OAAV,CAAP;AACD,GAPkB;AASnBY,SAAO,UAAS,GAAGC,IAAZ,EAAkB;AACvB,WAAO,IAAID,KAAJ,CAAUC,IAAV,CAAP;AACD,GAXkB;AAanBC,OAAK,CAAC,SAAD,CAbc;AAcnBC,SAAO,UAASC,SAAT,EAAoB;AACzB,WAAO,IAAID,KAAJ,CAAUC,SAAV,CAAP;AACD,GAhBkB;AAkBnBC,mBAAiB,UAASjB,OAAT,EAAkB;AACjC,WAAO,IAAIiB,eAAJ,CAAoBjB,OAApB,CAAP;AACD,GApBkB;AAsBnBkB,oBAAkB,UAASlB,OAAT,EAAkB;AAClC,WAAO,IAAIkB,gBAAJ,CAAqBlB,OAArB,CAAP;AACD,GAxBkB;AA0BnB;AACAmB,WAAS,CAAC,aAAD,CA3BU;AA6BnB;AACAZ,SAAOd,OAAO2B,aAAP,CAAqB,aAArB,EAAoC,UAAUC,GAAV,EAAe;AACxD,SAAKb,OAAL,GAAgB,gBAAea,GAAI,EAAnC,CADwD,CAGxD;AACA;AACA;AACA;;AACA,SAAKZ,IAAL,GAAY,EAAZ,CAPwD,CASxD;AACA;;AACA,SAAKa,cAAL,GAAsB,IAAI7B,OAAOc,KAAX,CAAiB,GAAjB,EAAsB,cAAtB,CAAtB;AACD,GAZM,CA9BY;;AA4CnB;AACA;AACA;AACA;AACA;AACA;;AAEA;;;;;;AAMAgB,OAAKxB,KAAL,EAAYC,OAAZ,EAAqB;AACnB,WAAO,CAACK,YAAYN,KAAZ,EAAmBC,OAAnB,CAAR;AACD,GA3DkB;;AA6DnB;AACA;AACA;AACAwB,mCAAiCC,CAAjC,EAAoCC,OAApC,EAA6Cb,IAA7C,EAAmDc,WAAnD,EAAgE;AAC9D,UAAM1B,aAAa,IAAI2B,eAAJ,CAAoBf,IAApB,EAA0Bc,WAA1B,CAAnB;AACA,UAAMvB,SAASZ,uBAAuBqC,SAAvB,CACb5B,UADa,EAEb,MAAMwB,EAAEK,KAAF,CAAQJ,OAAR,EAAiBb,IAAjB,CAFO,CAAf,CAF8D,CAO9D;;AACAZ,eAAW8B,sCAAX;AACA,WAAO3B,MAAP;AACD;;AA1EkB,CAAd;;AA6EP,MAAMM,QAAN,CAAe;AACbsB,cAAYhC,OAAZ,EAAqB;AACnB,SAAKA,OAAL,GAAeA,OAAf;AACD;;AAHY;;AAMf,MAAMW,KAAN,CAAY;AACVqB,cAAYhC,OAAZ,EAAqB;AACnB,SAAKA,OAAL,GAAeA,OAAf;AACD;;AAHS;;AAMZ,MAAMY,KAAN,CAAY;AACVoB,cAAYC,OAAZ,EAAqB;AACnB,QAAI,CAACA,OAAD,IAAYA,QAAQC,MAAR,KAAmB,CAAnC,EAAsC;AACpC,YAAM,IAAI3B,KAAJ,CAAU,iDAAV,CAAN;AACD;;AAED,SAAK0B,OAAL,GAAeA,OAAf;AACD;;AAPS;;AAUZ,MAAMlB,KAAN,CAAY;AACViB,cAAYhB,SAAZ,EAAuB;AACrB,SAAKA,SAAL,GAAiBA,SAAjB;AACD;;AAHS;;AAMZ,MAAMC,eAAN,CAAsB;AACpBe,cAAYhC,OAAZ,EAAqB;AACnB,SAAKA,OAAL,GAAeA,OAAf;AACD;;AAHmB;;AAMtB,MAAMkB,gBAAN,CAAuB;AACrBc,cAAYhC,OAAZ,EAAqB;AACnB,SAAKA,OAAL,GAAeA,OAAf;AACD;;AAHoB;;AAMvB,MAAMmC,wBAAwB,CAACpC,KAAD,EAAQqC,UAAU,EAAlB,KAAyB;AACrD,MAAKrC,UAAU,IAAf,EAAsB;AACpB,WAAO,MAAP;AACD;;AAED,MAAKqC,QAAQC,YAAb,EAA4B;AAC1B,WAAO,OAAOtC,KAAd;AACD,GAPoD,CASrD;;;AACA,MAAK,OAAOA,KAAP,KAAiB,QAAtB,EAAiC;AAC/B,WAAOuC,MAAMC,SAAN,CAAgBxC,KAAhB,CAAP;AACD;;AAED,MAAI;AAEF;AACA;AACAyC,SAAKD,SAAL,CAAexC,KAAf;AACD,GALD,CAKE,OAAO0C,cAAP,EAAuB;AACvB,QAAKA,eAAeC,IAAf,KAAwB,WAA7B,EAA2C;AACzC,aAAO,OAAO3C,KAAd;AACD;AACF;;AAED,SAAOuC,MAAMC,SAAN,CAAgBxC,KAAhB,CAAP;AACD,CA1BD;;AA4BA,MAAM4C,eAAe,CACnB,CAACC,MAAD,EAAS,QAAT,CADmB,EAEnB,CAACC,MAAD,EAAS,QAAT,CAFmB,EAGnB,CAACC,OAAD,EAAU,SAAV,CAHmB,EAKnB;AACA;AACA,CAACC,QAAD,EAAW,UAAX,CAPmB,EAQnB,CAACC,SAAD,EAAY,WAAZ,CARmB,CAArB,C,CAWA;;AACA,MAAM3C,cAAc,CAACN,KAAD,EAAQC,OAAR,KAAoB;AAEtC;AACA,MAAIA,YAAYb,MAAM2B,GAAtB,EAA2B;AACzB,WAAO,KAAP;AACD,GALqC,CAOtC;AACA;;;AACA,OAAK,IAAImC,IAAI,CAAb,EAAgBA,IAAIN,aAAaT,MAAjC,EAAyC,EAAEe,CAA3C,EAA8C;AAC5C,QAAIjD,YAAY2C,aAAaM,CAAb,EAAgB,CAAhB,CAAhB,EAAoC;AAClC,UAAI,OAAOlD,KAAP,KAAiB4C,aAAaM,CAAb,EAAgB,CAAhB,CAArB,EAAyC;AACvC,eAAO,KAAP;AACD;;AAED,aAAO;AACLzC,iBAAU,YAAWmC,aAAaM,CAAb,EAAgB,CAAhB,CAAmB,SAAQd,sBAAsBpC,KAAtB,EAA6B;AAAEsC,wBAAc;AAAhB,SAA7B,CAAqD,EADhG;AAEL5B,cAAM;AAFD,OAAP;AAID;AACF;;AAED,MAAIT,YAAY,IAAhB,EAAsB;AACpB,QAAID,UAAU,IAAd,EAAoB;AAClB,aAAO,KAAP;AACD;;AAED,WAAO;AACLS,eAAU,sBAAqB2B,sBAAsBpC,KAAtB,CAA6B,EADvD;AAELU,YAAM;AAFD,KAAP;AAID,GA/BqC,CAiCtC;;;AACA,MAAI,OAAOT,OAAP,KAAmB,QAAnB,IAA+B,OAAOA,OAAP,KAAmB,QAAlD,IAA8D,OAAOA,OAAP,KAAmB,SAArF,EAAgG;AAC9F,QAAID,UAAUC,OAAd,EAAuB;AACrB,aAAO,KAAP;AACD;;AAED,WAAO;AACLQ,eAAU,YAAWR,OAAQ,SAAQmC,sBAAsBpC,KAAtB,CAA6B,EAD7D;AAELU,YAAM;AAFD,KAAP;AAID,GA3CqC,CA6CtC;;;AACA,MAAIT,YAAYb,MAAMgC,OAAtB,EAA+B;AAE7B;AACA;AACA;AACA;AACA;AACA;AACA,QAAI,OAAOpB,KAAP,KAAiB,QAAjB,IAA6B,CAACA,QAAQ,CAAT,MAAgBA,KAAjD,EAAwD;AACtD,aAAO,KAAP;AACD;;AAED,WAAO;AACLS,eAAU,yBAAwB2B,sBAAsBpC,KAAtB,CAA6B,EAD1D;AAELU,YAAM;AAFD,KAAP;AAID,GA9DqC,CAgEtC;;;AACA,MAAIT,YAAYJ,MAAhB,EAAwB;AACtBI,cAAUb,MAAM8B,eAAN,CAAsB,EAAtB,CAAV;AACD,GAnEqC,CAqEtC;;;AACA,MAAIjB,mBAAmBkD,KAAvB,EAA8B;AAC5B,QAAIlD,QAAQkC,MAAR,KAAmB,CAAvB,EAA0B;AACxB,aAAO;AACL1B,iBAAU,kDAAiD2B,sBAAsBnC,OAAtB,CAA+B,EADrF;AAELS,cAAM;AAFD,OAAP;AAID;;AAED,QAAI,CAACyC,MAAMC,OAAN,CAAcpD,KAAd,CAAD,IAAyB,CAACqD,YAAYrD,KAAZ,CAA9B,EAAkD;AAChD,aAAO;AACLS,iBAAU,uBAAsB2B,sBAAsBpC,KAAtB,CAA6B,EADxD;AAELU,cAAM;AAFD,OAAP;AAID;;AAED,SAAK,IAAIwC,IAAI,CAAR,EAAWf,SAASnC,MAAMmC,MAA/B,EAAuCe,IAAIf,MAA3C,EAAmDe,GAAnD,EAAwD;AACtD,YAAM7C,SAASC,YAAYN,MAAMkD,CAAN,CAAZ,EAAsBjD,QAAQ,CAAR,CAAtB,CAAf;;AACA,UAAII,MAAJ,EAAY;AACVA,eAAOK,IAAP,GAAc4C,aAAaJ,CAAb,EAAgB7C,OAAOK,IAAvB,CAAd;AACA,eAAOL,MAAP;AACD;AACF;;AAED,WAAO,KAAP;AACD,GA9FqC,CAgGtC;AACA;;;AACA,MAAIJ,mBAAmBe,KAAvB,EAA8B;AAC5B,QAAIX,MAAJ;;AACA,QAAI;AACFA,eAASJ,QAAQgB,SAAR,CAAkBjB,KAAlB,CAAT;AACD,KAFD,CAEE,OAAOO,GAAP,EAAY;AACZ,UAAI,EAAEA,eAAenB,MAAMoB,KAAvB,CAAJ,EAAmC;AACjC,cAAMD,GAAN;AACD;;AAED,aAAO;AACLE,iBAASF,IAAIE,OADR;AAELC,cAAMH,IAAIG;AAFL,OAAP;AAID;;AAED,QAAIL,MAAJ,EAAY;AACV,aAAO,KAAP;AACD,KAjB2B,CAmB5B;;;AACA,WAAO;AACLI,eAAS,+BADJ;AAELC,YAAM;AAFD,KAAP;AAID;;AAED,MAAIT,mBAAmBW,KAAvB,EAA8B;AAC5BX,cAAUb,MAAMyB,KAAN,CAAYoC,SAAZ,EAAuB,IAAvB,EAA6BhD,QAAQA,OAArC,CAAV;AACD,GAFD,MAEO,IAAIA,mBAAmBU,QAAvB,EAAiC;AACtCV,cAAUb,MAAMyB,KAAN,CAAYoC,SAAZ,EAAuBhD,QAAQA,OAA/B,CAAV;AACD;;AAED,MAAIA,mBAAmBY,KAAvB,EAA8B;AAC5B,SAAK,IAAIqC,IAAI,CAAb,EAAgBA,IAAIjD,QAAQiC,OAAR,CAAgBC,MAApC,EAA4C,EAAEe,CAA9C,EAAiD;AAC/C,YAAM7C,SAASC,YAAYN,KAAZ,EAAmBC,QAAQiC,OAAR,CAAgBgB,CAAhB,CAAnB,CAAf;;AACA,UAAI,CAAC7C,MAAL,EAAa;AAEX;AACA,eAAO,KAAP;AACD,OAN8C,CAQ/C;;AACD,KAV2B,CAY5B;;;AACA,WAAO;AACLI,eAAS,8DADJ;AAELC,YAAM;AAFD,KAAP;AAID,GAnJqC,CAqJtC;AACA;;;AACA,MAAIT,mBAAmB+C,QAAvB,EAAiC;AAC/B,QAAIhD,iBAAiBC,OAArB,EAA8B;AAC5B,aAAO,KAAP;AACD;;AAED,WAAO;AACLQ,eAAU,YAAWR,QAAQ0C,IAAR,IAAgB,wBAAyB,EADzD;AAELjC,YAAM;AAFD,KAAP;AAID;;AAED,MAAI6C,qBAAqB,KAAzB;AACA,MAAIC,iBAAJ;;AACA,MAAIvD,mBAAmBiB,eAAvB,EAAwC;AACtCqC,yBAAqB,IAArB;AACAtD,cAAUA,QAAQA,OAAlB;AACD;;AAED,MAAIA,mBAAmBkB,gBAAvB,EAAyC;AACvCoC,yBAAqB,IAArB;AACAC,wBAAoB,CAACvD,QAAQA,OAAT,CAApB;AACAA,cAAU,EAAV,CAHuC,CAGxB;AAChB;;AAED,MAAI,OAAOA,OAAP,KAAmB,QAAvB,EAAiC;AAC/B,WAAO;AACLQ,eAAS,mCADJ;AAELC,YAAM;AAFD,KAAP;AAID,GApLqC,CAsLtC;AACA;AACA;;;AACA,MAAI,OAAOV,KAAP,KAAiB,QAArB,EAA+B;AAC7B,WAAO;AACLS,eAAU,wBAAuB,OAAOT,KAAM,EADzC;AAELU,YAAM;AAFD,KAAP;AAID;;AAED,MAAIV,UAAU,IAAd,EAAoB;AAClB,WAAO;AACLS,eAAU,2BADL;AAELC,YAAM;AAFD,KAAP;AAID;;AAED,MAAI,CAAErB,cAAcW,KAAd,CAAN,EAA4B;AAC1B,WAAO;AACLS,eAAU,uBADL;AAELC,YAAM;AAFD,KAAP;AAID;;AAED,QAAM+C,mBAAmB5D,OAAO6D,MAAP,CAAc,IAAd,CAAzB;AACA,QAAMC,mBAAmB9D,OAAO6D,MAAP,CAAc,IAAd,CAAzB;AAEA7D,SAAO+D,IAAP,CAAY3D,OAAZ,EAAqB4D,OAArB,CAA6BC,OAAO;AAClC,UAAMC,aAAa9D,QAAQ6D,GAAR,CAAnB;;AACA,QAAIC,sBAAsBpD,QAAtB,IACAoD,sBAAsBnD,KAD1B,EACiC;AAC/B+C,uBAAiBG,GAAjB,IAAwBC,WAAW9D,OAAnC;AACD,KAHD,MAGO;AACLwD,uBAAiBK,GAAjB,IAAwBC,UAAxB;AACD;AACF,GARD;;AAUA,OAAK,IAAID,GAAT,IAAgBjE,OAAOG,KAAP,CAAhB,EAA+B;AAC7B,UAAMgE,WAAWhE,MAAM8D,GAAN,CAAjB;;AACA,QAAIlE,OAAOqE,IAAP,CAAYR,gBAAZ,EAA8BK,GAA9B,CAAJ,EAAwC;AACtC,YAAMzD,SAASC,YAAY0D,QAAZ,EAAsBP,iBAAiBK,GAAjB,CAAtB,CAAf;;AACA,UAAIzD,MAAJ,EAAY;AACVA,eAAOK,IAAP,GAAc4C,aAAaQ,GAAb,EAAkBzD,OAAOK,IAAzB,CAAd;AACA,eAAOL,MAAP;AACD;;AAED,aAAOoD,iBAAiBK,GAAjB,CAAP;AACD,KARD,MAQO,IAAIlE,OAAOqE,IAAP,CAAYN,gBAAZ,EAA8BG,GAA9B,CAAJ,EAAwC;AAC7C,YAAMzD,SAASC,YAAY0D,QAAZ,EAAsBL,iBAAiBG,GAAjB,CAAtB,CAAf;;AACA,UAAIzD,MAAJ,EAAY;AACVA,eAAOK,IAAP,GAAc4C,aAAaQ,GAAb,EAAkBzD,OAAOK,IAAzB,CAAd;AACA,eAAOL,MAAP;AACD;AAEF,KAPM,MAOA;AACL,UAAI,CAACkD,kBAAL,EAAyB;AACvB,eAAO;AACL9C,mBAAS,aADJ;AAELC,gBAAMoD;AAFD,SAAP;AAID;;AAED,UAAIN,iBAAJ,EAAuB;AACrB,cAAMnD,SAASC,YAAY0D,QAAZ,EAAsBR,kBAAkB,CAAlB,CAAtB,CAAf;;AACA,YAAInD,MAAJ,EAAY;AACVA,iBAAOK,IAAP,GAAc4C,aAAaQ,GAAb,EAAkBzD,OAAOK,IAAzB,CAAd;AACA,iBAAOL,MAAP;AACD;AACF;AACF;AACF;;AAED,QAAMuD,OAAO/D,OAAO+D,IAAP,CAAYH,gBAAZ,CAAb;;AACA,MAAIG,KAAKzB,MAAT,EAAiB;AACf,WAAO;AACL1B,eAAU,gBAAemD,KAAK,CAAL,CAAQ,GAD5B;AAELlD,YAAM;AAFD,KAAP;AAID;AACF,CArQD;;AAuQA,MAAMmB,eAAN,CAAsB;AACpBI,cAAanB,IAAb,EAAmBc,WAAnB,EAAgC;AAE9B;AACA;AACA,SAAKd,IAAL,GAAY,CAAC,GAAGA,IAAJ,CAAZ,CAJ8B,CAM9B;AACA;AACA;;AACA,SAAKA,IAAL,CAAUoD,OAAV;AACA,SAAKtC,WAAL,GAAmBA,WAAnB;AACD;;AAEDxB,WAASJ,KAAT,EAAgB;AACd,QAAI,KAAKmE,iBAAL,CAAuBnE,KAAvB,CAAJ,EAAmC;AACjC;AACD,KAHa,CAKd;AACA;AACA;;;AACA,QAAImD,MAAMC,OAAN,CAAcpD,KAAd,KAAwBqD,YAAYrD,KAAZ,CAA5B,EAAgD;AAC9CmD,YAAMrD,SAAN,CAAgB+D,OAAhB,CAAwBI,IAAxB,CAA6BjE,KAA7B,EAAoC,KAAKmE,iBAAL,CAAuBC,IAAvB,CAA4B,IAA5B,CAApC;AACD;AACF;;AAEDD,oBAAkBnE,KAAlB,EAAyB;AACvB,SAAK,IAAIkD,IAAI,CAAb,EAAgBA,IAAI,KAAKpC,IAAL,CAAUqB,MAA9B,EAAsC,EAAEe,CAAxC,EAA2C;AAEzC;AACA;AACA;AACA;AACA,UAAIlD,UAAU,KAAKc,IAAL,CAAUoC,CAAV,CAAV,IACCJ,OAAOuB,KAAP,CAAarE,KAAb,KAAuB8C,OAAOuB,KAAP,CAAa,KAAKvD,IAAL,CAAUoC,CAAV,CAAb,CAD5B,EACyD;AACvD,aAAKpC,IAAL,CAAUwD,MAAV,CAAiBpB,CAAjB,EAAoB,CAApB;AACA,eAAO,IAAP;AACD;AACF;;AACD,WAAO,KAAP;AACD;;AAEDlB,2CAAyC;AACvC,QAAI,KAAKlB,IAAL,CAAUqB,MAAV,GAAmB,CAAvB,EACE,MAAM,IAAI3B,KAAJ,CAAW,wCAAuC,KAAKoB,WAAY,EAAnE,CAAN;AACH;;AA9CmB;;AAiDtB,MAAM2C,cAAc,CAAC,IAAD,EAAO,IAAP,EAAa,IAAb,EAAmB,KAAnB,EAA0B,KAA1B,EAAiC,KAAjC,EAAwC,KAAxC,EAA+C,KAA/C,EAAsD,MAAtD,EAClB,MADkB,EACV,MADU,EACF,MADE,EACM,OADN,EACe,MADf,EACuB,MADvB,EAC+B,MAD/B,EACuC,MADvC,EAC+C,MAD/C,EAElB,OAFkB,EAET,OAFS,EAEA,OAFA,EAES,OAFT,EAEkB,OAFlB,EAE2B,OAF3B,EAEoC,OAFpC,EAE6C,OAF7C,EAGlB,QAHkB,EAGR,QAHQ,EAGE,QAHF,EAGY,QAHZ,EAGsB,QAHtB,EAGgC,QAHhC,EAG0C,QAH1C,EAIlB,QAJkB,EAIR,SAJQ,EAIG,SAJH,EAIc,SAJd,EAIyB,SAJzB,EAIoC,SAJpC,EAI+C,UAJ/C,EAKlB,UALkB,EAKN,UALM,EAKM,WALN,EAKmB,WALnB,EAKgC,WALhC,EAK6C,YAL7C,EAMlB,YANkB,CAApB,C,CAQA;AACA;;AACA,MAAMjB,eAAe,CAACQ,GAAD,EAAMU,IAAN,KAAe;AAClC,MAAK,OAAOV,GAAR,KAAiB,QAAjB,IAA6BA,IAAIW,KAAJ,CAAU,UAAV,CAAjC,EAAwD;AACtDX,UAAO,IAAGA,GAAI,GAAd;AACD,GAFD,MAEO,IAAI,CAACA,IAAIW,KAAJ,CAAU,uBAAV,CAAD,IACAF,YAAYG,OAAZ,CAAoBZ,GAApB,KAA4B,CADhC,EACmC;AACxCA,UAAMrB,KAAKD,SAAL,CAAe,CAACsB,GAAD,CAAf,CAAN;AACD;;AAED,MAAIU,QAAQA,KAAK,CAAL,MAAY,GAAxB,EAA6B;AAC3B,WAAQ,GAAEV,GAAI,IAAGU,IAAK,EAAtB;AACD;;AAED,SAAOV,MAAMU,IAAb;AACD,CAbD;;AAeA,MAAMG,WAAW3E,SAAS,OAAOA,KAAP,KAAiB,QAAjB,IAA6BA,UAAU,IAAjE;;AAEA,MAAM4E,kBAAkBC,QACtBF,SAASE,IAAT,KACAhF,OAAOC,SAAP,CAAiBgF,QAAjB,CAA0Bb,IAA1B,CAA+BY,IAA/B,MAAyC,oBAF3C;;AAIA,MAAMxB,cAAcuB,gBAAgB,YAAW;AAAE,SAAOG,SAAP;AAAmB,CAAhC,EAAhB,IAClBH,eADkB,GAElB5E,SAAS2E,SAAS3E,KAAT,KAAmB,OAAOA,MAAMgF,MAAb,KAAwB,UAFtD","sourcesContent":["// XXX docs\nimport { isPlainObject } from './isPlainObject';\n\n// Things we explicitly do NOT support:\n//    - heterogenous arrays\n\nconst currentArgumentChecker = new Meteor.EnvironmentVariable;\nconst hasOwn = Object.prototype.hasOwnProperty;\n\n/**\n * @summary Check that a value matches a [pattern](#matchpatterns).\n * If the value does not match the pattern, throw a `Match.Error`.\n *\n * Particularly useful to assert that arguments to a function have the right\n * types and structure.\n * @locus Anywhere\n * @param {Any} value The value to check\n * @param {MatchPattern} pattern The pattern to match `value` against\n */\nexport function check(value, pattern) {\n  // Record that check got called, if somebody cared.\n  //\n  // We use getOrNullIfOutsideFiber so that it's OK to call check()\n  // from non-Fiber server contexts; the downside is that if you forget to\n  // bindEnvironment on some random callback in your method/publisher,\n  // it might not find the argumentChecker and you'll get an error about\n  // not checking an argument that it looks like you're checking (instead\n  // of just getting a \"Node code must run in a Fiber\" error).\n  const argChecker = currentArgumentChecker.getOrNullIfOutsideFiber();\n  if (argChecker) {\n    argChecker.checking(value);\n  }\n\n  const result = testSubtree(value, pattern);\n  if (result) {\n    const err = new Match.Error(result.message);\n    if (result.path) {\n      err.message += ` in field ${result.path}`;\n      err.path = result.path;\n    }\n\n    throw err;\n  }\n};\n\n/**\n * @namespace Match\n * @summary The namespace for all Match types and methods.\n */\nexport const Match = {\n  Optional: function(pattern) {\n    return new Optional(pattern);\n  },\n\n  Maybe: function(pattern) {\n    return new Maybe(pattern);\n  },\n\n  OneOf: function(...args) {\n    return new OneOf(args);\n  },\n\n  Any: ['__any__'],\n  Where: function(condition) {\n    return new Where(condition);\n  },\n\n  ObjectIncluding: function(pattern) {\n    return new ObjectIncluding(pattern)\n  },\n\n  ObjectWithValues: function(pattern) {\n    return new ObjectWithValues(pattern);\n  },\n\n  // Matches only signed 32-bit integers\n  Integer: ['__integer__'],\n\n  // XXX matchers should know how to describe themselves for errors\n  Error: Meteor.makeErrorType('Match.Error', function (msg) {\n    this.message = `Match error: ${msg}`;\n\n    // The path of the value that failed to match. Initially empty, this gets\n    // populated by catching and rethrowing the exception as it goes back up the\n    // stack.\n    // E.g.: \"vals[3].entity.created\"\n    this.path = '';\n\n    // If this gets sent over DDP, don't give full internal details but at least\n    // provide something better than 500 Internal server error.\n    this.sanitizedError = new Meteor.Error(400, 'Match failed');\n  }),\n\n  // Tests to see if value matches pattern. Unlike check, it merely returns true\n  // or false (unless an error other than Match.Error was thrown). It does not\n  // interact with _failIfArgumentsAreNotAllChecked.\n  // XXX maybe also implement a Match.match which returns more information about\n  //     failures but without using exception handling or doing what check()\n  //     does with _failIfArgumentsAreNotAllChecked and Meteor.Error conversion\n\n  /**\n   * @summary Returns true if the value matches the pattern.\n   * @locus Anywhere\n   * @param {Any} value The value to check\n   * @param {MatchPattern} pattern The pattern to match `value` against\n   */\n  test(value, pattern) {\n    return !testSubtree(value, pattern);\n  },\n\n  // Runs `f.apply(context, args)`. If check() is not called on every element of\n  // `args` (either directly or in the first level of an array), throws an error\n  // (using `description` in the message).\n  _failIfArgumentsAreNotAllChecked(f, context, args, description) {\n    const argChecker = new ArgumentChecker(args, description);\n    const result = currentArgumentChecker.withValue(\n      argChecker, \n      () => f.apply(context, args)\n    );\n\n    // If f didn't itself throw, make sure it checked all of its arguments.\n    argChecker.throwUnlessAllArgumentsHaveBeenChecked();\n    return result;\n  }\n};\n\nclass Optional {\n  constructor(pattern) {\n    this.pattern = pattern;\n  }\n}\n\nclass Maybe {\n  constructor(pattern) {\n    this.pattern = pattern;\n  }\n}\n\nclass OneOf {\n  constructor(choices) {\n    if (!choices || choices.length === 0) {\n      throw new Error('Must provide at least one choice to Match.OneOf');\n    }\n\n    this.choices = choices;\n  }\n}\n\nclass Where {\n  constructor(condition) {\n    this.condition = condition;\n  }\n}\n\nclass ObjectIncluding {\n  constructor(pattern) {\n    this.pattern = pattern;\n  }\n}\n\nclass ObjectWithValues {\n  constructor(pattern) {\n    this.pattern = pattern;\n  }\n}\n\nconst stringForErrorMessage = (value, options = {}) => {\n  if ( value === null ) {\n    return 'null';\n  }\n\n  if ( options.onlyShowType ) {\n    return typeof value;\n  }\n\n  // Your average non-object things.  Saves from doing the try/catch below for.\n  if ( typeof value !== 'object' ) {\n    return EJSON.stringify(value)\n  }\n\n  try {\n\n    // Find objects with circular references since EJSON doesn't support them yet (Issue #4778 + Unaccepted PR)\n    // If the native stringify is going to choke, EJSON.stringify is going to choke too.\n    JSON.stringify(value);\n  } catch (stringifyError) {\n    if ( stringifyError.name === 'TypeError' ) {\n      return typeof value;\n    }\n  }\n\n  return EJSON.stringify(value);\n};\n\nconst typeofChecks = [\n  [String, 'string'],\n  [Number, 'number'],\n  [Boolean, 'boolean'],\n\n  // While we don't allow undefined/function in EJSON, this is good for optional\n  // arguments with OneOf.\n  [Function, 'function'],\n  [undefined, 'undefined'],\n];\n\n// Return `false` if it matches. Otherwise, return an object with a `message` and a `path` field.\nconst testSubtree = (value, pattern) => {\n\n  // Match anything!\n  if (pattern === Match.Any) {\n    return false;\n  }\n\n  // Basic atomic types.\n  // Do not match boxed objects (e.g. String, Boolean)\n  for (let i = 0; i < typeofChecks.length; ++i) {\n    if (pattern === typeofChecks[i][0]) {\n      if (typeof value === typeofChecks[i][1]) {\n        return false;\n      }\n\n      return {\n        message: `Expected ${typeofChecks[i][1]}, got ${stringForErrorMessage(value, { onlyShowType: true })}`,\n        path: '',\n      };\n    }\n  }\n\n  if (pattern === null) {\n    if (value === null) {\n      return false;\n    }\n\n    return {\n      message: `Expected null, got ${stringForErrorMessage(value)}`,\n      path: '',\n    };\n  }\n\n  // Strings, numbers, and booleans match literally. Goes well with Match.OneOf.\n  if (typeof pattern === 'string' || typeof pattern === 'number' || typeof pattern === 'boolean') {\n    if (value === pattern) {\n      return false;\n    }\n\n    return {\n      message: `Expected ${pattern}, got ${stringForErrorMessage(value)}`,\n      path: '',\n    };\n  }\n\n  // Match.Integer is special type encoded with array\n  if (pattern === Match.Integer) {\n\n    // There is no consistent and reliable way to check if variable is a 64-bit\n    // integer. One of the popular solutions is to get reminder of division by 1\n    // but this method fails on really large floats with big precision.\n    // E.g.: 1.348192308491824e+23 % 1 === 0 in V8\n    // Bitwise operators work consistantly but always cast variable to 32-bit\n    // signed integer according to JavaScript specs.\n    if (typeof value === 'number' && (value | 0) === value) {\n      return false;\n    }\n    \n    return {\n      message: `Expected Integer, got ${stringForErrorMessage(value)}`,\n      path: '',\n    };\n  }\n\n  // 'Object' is shorthand for Match.ObjectIncluding({});\n  if (pattern === Object) {\n    pattern = Match.ObjectIncluding({});\n  }\n\n  // Array (checked AFTER Any, which is implemented as an Array).\n  if (pattern instanceof Array) {\n    if (pattern.length !== 1) {\n      return {\n        message: `Bad pattern: arrays must have one type element ${stringForErrorMessage(pattern)}`,\n        path: '',\n      };\n    }\n\n    if (!Array.isArray(value) && !isArguments(value)) {\n      return {\n        message: `Expected array, got ${stringForErrorMessage(value)}`,\n        path: '',\n      };\n    }\n\n    for (let i = 0, length = value.length; i < length; i++) {\n      const result = testSubtree(value[i], pattern[0]);\n      if (result) {\n        result.path = _prependPath(i, result.path);\n        return result;\n      }\n    }\n    \n    return false;\n  }\n\n  // Arbitrary validation checks. The condition can return false or throw a\n  // Match.Error (ie, it can internally use check()) to fail.\n  if (pattern instanceof Where) {\n    let result;\n    try {\n      result = pattern.condition(value);\n    } catch (err) {\n      if (!(err instanceof Match.Error)) {\n        throw err;\n      }\n      \n      return {\n        message: err.message,\n        path: err.path\n      };\n    }\n\n    if (result) {\n      return false;\n    }\n\n    // XXX this error is terrible\n    return {\n      message: 'Failed Match.Where validation',\n      path: '',\n    };\n  }\n\n  if (pattern instanceof Maybe) {\n    pattern = Match.OneOf(undefined, null, pattern.pattern);\n  } else if (pattern instanceof Optional) {\n    pattern = Match.OneOf(undefined, pattern.pattern);\n  }\n\n  if (pattern instanceof OneOf) {\n    for (let i = 0; i < pattern.choices.length; ++i) {\n      const result = testSubtree(value, pattern.choices[i]);\n      if (!result) {\n\n        // No error? Yay, return.\n        return false;\n      }\n\n      // Match errors just mean try another choice.\n    }\n\n    // XXX this error is terrible\n    return {\n      message: 'Failed Match.OneOf, Match.Maybe or Match.Optional validation',\n      path: '',\n    };\n  }\n\n  // A function that isn't something we special-case is assumed to be a\n  // constructor.\n  if (pattern instanceof Function) {\n    if (value instanceof pattern) {\n      return false;\n    }\n\n    return {\n      message: `Expected ${pattern.name || 'particular constructor'}`,\n      path: '',\n    };\n  }\n\n  let unknownKeysAllowed = false;\n  let unknownKeyPattern;\n  if (pattern instanceof ObjectIncluding) {\n    unknownKeysAllowed = true;\n    pattern = pattern.pattern;\n  }\n\n  if (pattern instanceof ObjectWithValues) {\n    unknownKeysAllowed = true;\n    unknownKeyPattern = [pattern.pattern];\n    pattern = {};  // no required keys\n  }\n\n  if (typeof pattern !== 'object') {\n    return {\n      message: 'Bad pattern: unknown pattern type',\n      path: '',\n    };\n  }\n\n  // An object, with required and optional keys. Note that this does NOT do\n  // structural matches against objects of special types that happen to match\n  // the pattern: this really needs to be a plain old {Object}!\n  if (typeof value !== 'object') {\n    return {\n      message: `Expected object, got ${typeof value}`,\n      path: '',\n    };\n  }\n\n  if (value === null) {\n    return {\n      message: `Expected object, got null`,\n      path: '',\n    };\n  }\n\n  if (! isPlainObject(value)) {\n    return {\n      message: `Expected plain object`,\n      path: '',\n    };\n  }\n\n  const requiredPatterns = Object.create(null);\n  const optionalPatterns = Object.create(null);\n\n  Object.keys(pattern).forEach(key => {\n    const subPattern = pattern[key];\n    if (subPattern instanceof Optional ||\n        subPattern instanceof Maybe) {\n      optionalPatterns[key] = subPattern.pattern;\n    } else {\n      requiredPatterns[key] = subPattern;\n    }\n  });\n\n  for (let key in Object(value)) {\n    const subValue = value[key];\n    if (hasOwn.call(requiredPatterns, key)) {\n      const result = testSubtree(subValue, requiredPatterns[key]);\n      if (result) {\n        result.path = _prependPath(key, result.path);\n        return result;\n      }\n\n      delete requiredPatterns[key];\n    } else if (hasOwn.call(optionalPatterns, key)) {\n      const result = testSubtree(subValue, optionalPatterns[key]);\n      if (result) {\n        result.path = _prependPath(key, result.path);\n        return result;\n      }\n\n    } else {\n      if (!unknownKeysAllowed) {\n        return {\n          message: 'Unknown key',\n          path: key,\n        };\n      }\n\n      if (unknownKeyPattern) {\n        const result = testSubtree(subValue, unknownKeyPattern[0]);\n        if (result) {\n          result.path = _prependPath(key, result.path);\n          return result;\n        }\n      }\n    }\n  }\n\n  const keys = Object.keys(requiredPatterns);\n  if (keys.length) {\n    return {\n      message: `Missing key '${keys[0]}'`,\n      path: '',\n    };\n  }\n};\n\nclass ArgumentChecker {\n  constructor (args, description) {\n\n    // Make a SHALLOW copy of the arguments. (We'll be doing identity checks\n    // against its contents.)\n    this.args = [...args];\n\n    // Since the common case will be to check arguments in order, and we splice\n    // out arguments when we check them, make it so we splice out from the end\n    // rather than the beginning.\n    this.args.reverse();\n    this.description = description;\n  }\n\n  checking(value) {\n    if (this._checkingOneValue(value)) {\n      return;\n    }\n\n    // Allow check(arguments, [String]) or check(arguments.slice(1), [String])\n    // or check([foo, bar], [String]) to count... but only if value wasn't\n    // itself an argument.\n    if (Array.isArray(value) || isArguments(value)) {\n      Array.prototype.forEach.call(value, this._checkingOneValue.bind(this));\n    }\n  }\n\n  _checkingOneValue(value) {\n    for (let i = 0; i < this.args.length; ++i) {\n\n      // Is this value one of the arguments? (This can have a false positive if\n      // the argument is an interned primitive, but it's still a good enough\n      // check.)\n      // (NaN is not === to itself, so we have to check specially.)\n      if (value === this.args[i] ||\n          (Number.isNaN(value) && Number.isNaN(this.args[i]))) {\n        this.args.splice(i, 1);\n        return true;\n      }\n    }\n    return false;\n  }\n\n  throwUnlessAllArgumentsHaveBeenChecked() {\n    if (this.args.length > 0)\n      throw new Error(`Did not check() all arguments during ${this.description}`);\n  }\n}\n\nconst _jsKeywords = ['do', 'if', 'in', 'for', 'let', 'new', 'try', 'var', 'case',\n  'else', 'enum', 'eval', 'false', 'null', 'this', 'true', 'void', 'with',\n  'break', 'catch', 'class', 'const', 'super', 'throw', 'while', 'yield',\n  'delete', 'export', 'import', 'public', 'return', 'static', 'switch',\n  'typeof', 'default', 'extends', 'finally', 'package', 'private', 'continue',\n  'debugger', 'function', 'arguments', 'interface', 'protected', 'implements',\n  'instanceof'];\n\n// Assumes the base of path is already escaped properly\n// returns key + base\nconst _prependPath = (key, base) => {\n  if ((typeof key) === 'number' || key.match(/^[0-9]+$/)) {\n    key = `[${key}]`;\n  } else if (!key.match(/^[a-z_$][0-9a-z_$]*$/i) ||\n             _jsKeywords.indexOf(key) >= 0) {\n    key = JSON.stringify([key]);\n  }\n\n  if (base && base[0] !== '[') {\n    return `${key}.${base}`;\n  }\n\n  return key + base;\n}\n\nconst isObject = value => typeof value === 'object' && value !== null;\n\nconst baseIsArguments = item =>\n  isObject(item) &&\n  Object.prototype.toString.call(item) === '[object Arguments]';\n\nconst isArguments = baseIsArguments(function() { return arguments; }()) ?\n  baseIsArguments :\n  value => isObject(value) && typeof value.callee === 'function';\n"]},"sourceType":"script","hash":"26239503638f4243d9c400e9c0455a61d585a6a3"}
