{"metadata":{},"options":{"plugins":[{"key":"base$0$0","visitor":{"Program":{"enter":[null]},"_exploded":true,"_verified":true},"options":{"generateLetDeclarations":true,"enforceStrictMode":false}},{"key":"transform-meteor-dynamic-import","visitor":{"_exploded":{},"_verified":{},"CallExpression":{"enter":[null]}},"options":{}},{"key":"base$0$2","visitor":{"CallExpression":{"enter":[null]},"BinaryExpression":{"enter":[null]},"MemberExpression":{"enter":[null],"exit":[null]},"_exploded":true,"_verified":true,"Identifier":{"enter":[null]},"JSXIdentifier":{"enter":[null]}},"options":{"polyfill":false,"useBuiltIns":false}},{"key":"base$0$3","visitor":{"_exploded":{},"_verified":{},"ClassDeclaration":{"enter":[null]},"ClassExpression":{"enter":[null]}},"options":{"loose":true}},{"key":"base$0$4","visitor":{"FunctionExpression":{"exit":[null]},"_exploded":true,"_verified":true},"options":{}},{"key":"base$0$5","visitor":{"ForInStatement":{"enter":[null]},"_exploded":true,"_verified":true},"options":{}},{"key":"base$0$6","visitor":{"Program":{"exit":[null]},"_exploded":true,"_verified":true},"options":{"allowTopLevelThis":true,"strictMode":false,"loose":true}},{"key":"base$0$1$0","visitor":{"_exploded":{},"_verified":{},"JSXNamespacedName":{"enter":[null]},"JSXElement":{"exit":[null]},"JSXFragment":{"exit":[null]},"Program":{"enter":[null],"exit":[null]},"JSXAttribute":{"enter":[null]}},"options":{"pragma":"React.createElement","pragmaFrag":"React.Fragment","throwIfNamespace":true,"useBuiltIns":false}},{"key":"base$0$1$1","visitor":{"_exploded":true,"_verified":true},"options":{}},{"key":"base$0$1$2","visitor":{"ExportDefaultDeclaration":{"enter":[null]},"CallExpression":{"enter":[null]},"_exploded":true,"_verified":true},"options":{}},{"key":"base$0$0$0","visitor":{"_exploded":true,"_verified":true},"options":{}},{"key":"base$0$0$1","visitor":{"_exploded":true,"_verified":true},"options":{}},{"key":"base$0$0$2","visitor":{"ArrowFunctionExpression":{"enter":[null]},"_exploded":true,"_verified":true},"options":{}},{"key":"base$0$0$3","visitor":{"BlockStatement":{"enter":[null]},"SwitchCase":{"enter":[null]},"_exploded":true,"_verified":true},"options":{}},{"key":"base$0$0$4","visitor":{"VariableDeclaration":{"enter":[null]},"CatchClause":{"enter":[null]},"_exploded":true,"BlockStatement":{"enter":[null]},"SwitchStatement":{"enter":[null]},"Program":{"enter":[null]},"_verified":true,"DoWhileStatement":{"enter":[null]},"ForInStatement":{"enter":[null]},"ForStatement":{"enter":[null]},"WhileStatement":{"enter":[null]},"ForOfStatement":{"enter":[null]}},"options":{}},{"key":"base$0$0$5","visitor":{"ExportDefaultDeclaration":{"enter":[null]},"ClassDeclaration":{"enter":[null]},"ClassExpression":{"enter":[null]},"_exploded":true,"_verified":true},"options":{"loose":true}},{"key":"base$0$0$6","visitor":{"ObjectExpression":{"exit":[null]},"_exploded":true,"_verified":true},"options":{"loose":true}},{"key":"base$0$0$7","visitor":{"ExportNamedDeclaration":{"enter":[null]},"CatchClause":{"enter":[null]},"AssignmentExpression":{"enter":[null]},"VariableDeclaration":{"enter":[null]},"_exploded":true,"_verified":true,"ForInStatement":{"enter":[null]},"ForOfStatement":{"enter":[null]}},"options":{}},{"key":"base$0$0$8","visitor":{"ForOfStatement":{"enter":[null]},"_exploded":true,"_verified":true},"options":{"loose":true}},{"key":"base$0$0$9","visitor":{"NumericLiteral":{"enter":[null]},"StringLiteral":{"enter":[null]},"_exploded":true,"_verified":true},"options":{}},{"key":"base$0$0$10","visitor":{"ObjectExpression":{"enter":[null]},"_exploded":true,"_verified":true},"options":{}},{"key":"base$0$0$11","visitor":{"_exploded":true,"_verified":true,"FunctionDeclaration":{"enter":[null]},"FunctionExpression":{"enter":[null]},"ObjectMethod":{"enter":[null]},"ArrowFunctionExpression":{"enter":[null]},"ClassMethod":{"enter":[null]}},"options":{}},{"key":"base$0$0$12","visitor":{"ObjectMethod":{"enter":[null]},"ObjectProperty":{"enter":[null]},"_exploded":true,"_verified":true},"options":{}},{"key":"base$0$0$13","visitor":{"ArrayExpression":{"enter":[null]},"CallExpression":{"enter":[null]},"NewExpression":{"enter":[null]},"_exploded":true,"_verified":true},"options":{}},{"key":"base$0$0$14","visitor":{"RegExpLiteral":{"enter":[null]},"_exploded":true,"_verified":true},"options":{}},{"key":"base$0$0$15","visitor":{"TaggedTemplateExpression":{"enter":[null]},"TemplateLiteral":{"enter":[null]},"_exploded":true,"_verified":true},"options":{"loose":true}},{"key":"base$0$0$16","visitor":{"UnaryExpression":{"enter":[null]},"_exploded":true,"_verified":true,"BlockStatement":{"enter":[null]},"CatchClause":{"enter":[null]},"DoWhileStatement":{"enter":[null]},"ForInStatement":{"enter":[null]},"ForStatement":{"enter":[null]},"FunctionDeclaration":{"enter":[null]},"FunctionExpression":{"enter":[null]},"Program":{"enter":[null]},"ObjectMethod":{"enter":[null]},"SwitchStatement":{"enter":[null]},"WhileStatement":{"enter":[null]},"ArrowFunctionExpression":{"enter":[null]},"ClassDeclaration":{"enter":[null]},"ClassExpression":{"enter":[null]},"ForOfStatement":{"enter":[null]},"ClassMethod":{"enter":[null]}},"options":{}},{"key":"base$0$0$17","visitor":{"RegExpLiteral":{"enter":[null]},"_exploded":true,"_verified":true},"options":{}},{"key":"base$0$0$18","visitor":{"_exploded":true,"_verified":true},"options":{}},{"key":"base$0$0$19","visitor":{"_exploded":{},"_verified":{},"VariableDeclarator":{"enter":[null]},"ExportNamedDeclaration":{"enter":[null]},"CatchClause":{"enter":[null]},"AssignmentExpression":{"enter":[null]},"ObjectExpression":{"enter":[null]},"FunctionDeclaration":{"enter":[null]},"FunctionExpression":{"enter":[null]},"ObjectMethod":{"enter":[null]},"ArrowFunctionExpression":{"enter":[null]},"ClassMethod":{"enter":[null]},"ForInStatement":{"enter":[null]},"ForOfStatement":{"enter":[null]}},"options":{}},{"key":"base$0$0$20","visitor":{"ObjectProperty":{"exit":[null]},"_exploded":true,"_verified":true},"options":{}},{"key":"base$0$0$21","visitor":{"_exploded":{},"_verified":{},"Program":{"enter":[null]},"ImportDeclaration":{"enter":[null,null]},"ClassProperty":{"enter":[null]},"AssignmentPattern":{"enter":[null]},"TypeCastExpression":{"enter":[null,null]},"ImportSpecifier":{"enter":[null]},"ClassDeclaration":{"enter":[null]},"ClassExpression":{"enter":[null]},"FunctionDeclaration":{"enter":[null]},"FunctionExpression":{"enter":[null]},"ObjectMethod":{"enter":[null]},"ArrowFunctionExpression":{"enter":[null]},"ClassMethod":{"enter":[null]},"AnyTypeAnnotation":{"enter":[null]},"ArrayTypeAnnotation":{"enter":[null]},"BooleanTypeAnnotation":{"enter":[null]},"BooleanLiteralTypeAnnotation":{"enter":[null]},"NullLiteralTypeAnnotation":{"enter":[null]},"ClassImplements":{"enter":[null]},"DeclareClass":{"enter":[null]},"DeclareFunction":{"enter":[null]},"DeclareInterface":{"enter":[null]},"DeclareModule":{"enter":[null]},"DeclareModuleExports":{"enter":[null]},"DeclareTypeAlias":{"enter":[null]},"DeclareOpaqueType":{"enter":[null]},"DeclareVariable":{"enter":[null]},"DeclareExportDeclaration":{"enter":[null]},"DeclareExportAllDeclaration":{"enter":[null]},"DeclaredPredicate":{"enter":[null]},"ExistsTypeAnnotation":{"enter":[null]},"FunctionTypeAnnotation":{"enter":[null]},"FunctionTypeParam":{"enter":[null]},"GenericTypeAnnotation":{"enter":[null]},"InferredPredicate":{"enter":[null]},"InterfaceExtends":{"enter":[null]},"InterfaceDeclaration":{"enter":[null]},"IntersectionTypeAnnotation":{"enter":[null]},"MixedTypeAnnotation":{"enter":[null]},"EmptyTypeAnnotation":{"enter":[null]},"NullableTypeAnnotation":{"enter":[null]},"NumberLiteralTypeAnnotation":{"enter":[null]},"NumberTypeAnnotation":{"enter":[null]},"ObjectTypeAnnotation":{"enter":[null]},"ObjectTypeCallProperty":{"enter":[null]},"ObjectTypeIndexer":{"enter":[null]},"ObjectTypeProperty":{"enter":[null]},"ObjectTypeSpreadProperty":{"enter":[null]},"OpaqueType":{"enter":[null]},"QualifiedTypeIdentifier":{"enter":[null]},"StringLiteralTypeAnnotation":{"enter":[null]},"StringTypeAnnotation":{"enter":[null]},"ThisTypeAnnotation":{"enter":[null]},"TupleTypeAnnotation":{"enter":[null]},"TypeofTypeAnnotation":{"enter":[null]},"TypeAlias":{"enter":[null]},"TypeAnnotation":{"enter":[null]},"TypeParameter":{"enter":[null]},"TypeParameterDeclaration":{"enter":[null]},"TypeParameterInstantiation":{"enter":[null]},"UnionTypeAnnotation":{"enter":[null]},"Variance":{"enter":[null]},"VoidTypeAnnotation":{"enter":[null]},"ExportAllDeclaration":{"enter":[null]},"ExportDefaultDeclaration":{"enter":[null]},"ExportNamedDeclaration":{"enter":[null]}},"options":{}},{"key":"base$0$0$22","visitor":{"AssignmentExpression":{"enter":[null]},"BinaryExpression":{"enter":[null]},"_exploded":true,"_verified":true},"options":{}},{"key":"base$0$0$23","visitor":{"_exploded":{},"_verified":{},"Program":{"enter":[null]}},"options":{}},{"key":"regenerator-transform","visitor":{"_exploded":true,"_verified":true,"FunctionDeclaration":{"exit":[null]},"FunctionExpression":{"exit":[null]},"ObjectMethod":{"exit":[null]},"ArrowFunctionExpression":{"exit":[null]},"ClassMethod":{"exit":[null]}},"options":{}}],"presets":[],"compact":false,"ast":true,"babelrc":false,"sourceFileName":"packages/ddp-client/test/random_stream_tests.js","filename":"packages/ddp-client/test/random_stream_tests.js","sourceMaps":true,"envName":"development","cwd":"/Users/administrator/Downloads/meteor-serverless-training/weather-info","passPerPreset":false,"parserOpts":{"sourceType":"module","sourceFileName":"packages/ddp-client/test/random_stream_tests.js","plugins":["dynamicImport","classProperties","classPrivateProperties","jsx","jsx","flow","asyncGenerators","objectRestSpread","objectRestSpread","flow","asyncGenerators"]},"generatorOpts":{"filename":"packages/ddp-client/test/random_stream_tests.js","comments":true,"compact":false,"sourceMaps":true,"sourceFileName":"packages/ddp-client/test/random_stream_tests.js"}},"code":"Tinytest.add('livedata - DDP.randomStream', function (test) {\n  var randomSeed = Random.id();\n  var context = {\n    randomSeed: randomSeed\n  };\n\n  var sequence = DDP._CurrentMethodInvocation.withValue(context, function () {\n    return DDP.randomStream('1');\n  });\n\n  var seeds = sequence.alea.args;\n  test.equal(seeds.length, 2);\n  test.equal(seeds[0], randomSeed);\n  test.equal(seeds[1], '1');\n  var id1 = sequence.id(); // Clone the sequence by building it the same way RandomStream.get does\n\n  var sequenceClone = Random.createWithSeeds.apply(null, seeds);\n  var id1Cloned = sequenceClone.id();\n  var id2Cloned = sequenceClone.id();\n  test.equal(id1, id1Cloned); // We should get the same sequence when we use the same key\n\n  sequence = DDP._CurrentMethodInvocation.withValue(context, function () {\n    return DDP.randomStream('1');\n  });\n  seeds = sequence.alea.args;\n  test.equal(seeds.length, 2);\n  test.equal(seeds[0], randomSeed);\n  test.equal(seeds[1], '1'); // But we should be at the 'next' position in the stream\n\n  var id2 = sequence.id(); // Technically these could be equal, but likely to be a bug if hit\n  // http://search.dilbert.com/comic/Random%20Number%20Generator\n\n  test.notEqual(id1, id2);\n  test.equal(id2, id2Cloned);\n});\nTinytest.add('livedata - DDP.randomStream with no-args', function (test) {\n  DDP.randomStream().id();\n});","map":{"version":3,"sources":["packages/ddp-client/test/random_stream_tests.js"],"names":["Tinytest","add","test","randomSeed","Random","id","context","sequence","DDP","_CurrentMethodInvocation","withValue","randomStream","seeds","alea","args","equal","length","id1","sequenceClone","createWithSeeds","apply","id1Cloned","id2Cloned","id2","notEqual"],"mappings":"AAAAA,SAASC,GAAT,CAAa,6BAAb,EAA4C,UAASC,IAAT,EAAe;AACzD,MAAIC,aAAaC,OAAOC,EAAP,EAAjB;AACA,MAAIC,UAAU;AAAEH,gBAAYA;AAAd,GAAd;;AAEA,MAAII,WAAWC,IAAIC,wBAAJ,CAA6BC,SAA7B,CAAuCJ,OAAvC,EAAgD,YAAW;AACxE,WAAOE,IAAIG,YAAJ,CAAiB,GAAjB,CAAP;AACD,GAFc,CAAf;;AAIA,MAAIC,QAAQL,SAASM,IAAT,CAAcC,IAA1B;AAEAZ,OAAKa,KAAL,CAAWH,MAAMI,MAAjB,EAAyB,CAAzB;AACAd,OAAKa,KAAL,CAAWH,MAAM,CAAN,CAAX,EAAqBT,UAArB;AACAD,OAAKa,KAAL,CAAWH,MAAM,CAAN,CAAX,EAAqB,GAArB;AAEA,MAAIK,MAAMV,SAASF,EAAT,EAAV,CAdyD,CAgBzD;;AACA,MAAIa,gBAAgBd,OAAOe,eAAP,CAAuBC,KAAvB,CAA6B,IAA7B,EAAmCR,KAAnC,CAApB;AACA,MAAIS,YAAYH,cAAcb,EAAd,EAAhB;AACA,MAAIiB,YAAYJ,cAAcb,EAAd,EAAhB;AACAH,OAAKa,KAAL,CAAWE,GAAX,EAAgBI,SAAhB,EApByD,CAsBzD;;AACAd,aAAWC,IAAIC,wBAAJ,CAA6BC,SAA7B,CAAuCJ,OAAvC,EAAgD,YAAW;AACpE,WAAOE,IAAIG,YAAJ,CAAiB,GAAjB,CAAP;AACD,GAFU,CAAX;AAGAC,UAAQL,SAASM,IAAT,CAAcC,IAAtB;AACAZ,OAAKa,KAAL,CAAWH,MAAMI,MAAjB,EAAyB,CAAzB;AACAd,OAAKa,KAAL,CAAWH,MAAM,CAAN,CAAX,EAAqBT,UAArB;AACAD,OAAKa,KAAL,CAAWH,MAAM,CAAN,CAAX,EAAqB,GAArB,EA7ByD,CA+BzD;;AACA,MAAIW,MAAMhB,SAASF,EAAT,EAAV,CAhCyD,CAkCzD;AACA;;AACAH,OAAKsB,QAAL,CAAcP,GAAd,EAAmBM,GAAnB;AAEArB,OAAKa,KAAL,CAAWQ,GAAX,EAAgBD,SAAhB;AACD,CAvCD;AAyCAtB,SAASC,GAAT,CAAa,0CAAb,EAAyD,UAASC,IAAT,EAAe;AACtEM,MAAIG,YAAJ,GAAmBN,EAAnB;AACD,CAFD","sourcesContent":["Tinytest.add('livedata - DDP.randomStream', function(test) {\n  var randomSeed = Random.id();\n  var context = { randomSeed: randomSeed };\n\n  var sequence = DDP._CurrentMethodInvocation.withValue(context, function() {\n    return DDP.randomStream('1');\n  });\n\n  var seeds = sequence.alea.args;\n\n  test.equal(seeds.length, 2);\n  test.equal(seeds[0], randomSeed);\n  test.equal(seeds[1], '1');\n\n  var id1 = sequence.id();\n\n  // Clone the sequence by building it the same way RandomStream.get does\n  var sequenceClone = Random.createWithSeeds.apply(null, seeds);\n  var id1Cloned = sequenceClone.id();\n  var id2Cloned = sequenceClone.id();\n  test.equal(id1, id1Cloned);\n\n  // We should get the same sequence when we use the same key\n  sequence = DDP._CurrentMethodInvocation.withValue(context, function() {\n    return DDP.randomStream('1');\n  });\n  seeds = sequence.alea.args;\n  test.equal(seeds.length, 2);\n  test.equal(seeds[0], randomSeed);\n  test.equal(seeds[1], '1');\n\n  // But we should be at the 'next' position in the stream\n  var id2 = sequence.id();\n\n  // Technically these could be equal, but likely to be a bug if hit\n  // http://search.dilbert.com/comic/Random%20Number%20Generator\n  test.notEqual(id1, id2);\n\n  test.equal(id2, id2Cloned);\n});\n\nTinytest.add('livedata - DDP.randomStream with no-args', function(test) {\n  DDP.randomStream().id();\n});\n"]},"sourceType":"script","hash":"2e3b56b31cdf59befc77b821d19f14c4805f383c"}
