{"metadata":{},"options":{"plugins":[{"key":"base$1$0","visitor":{"_exploded":{},"_verified":{},"JSXNamespacedName":{"enter":[null]},"JSXElement":{"exit":[null]},"JSXFragment":{"exit":[null]},"Program":{"enter":[null],"exit":[null]},"JSXAttribute":{"enter":[null]}},"options":{"pragma":"React.createElement","pragmaFrag":"React.Fragment","throwIfNamespace":true,"useBuiltIns":false}},{"key":"base$1$1","visitor":{"_exploded":true,"_verified":true},"options":{}},{"key":"base$1$2","visitor":{"ExportDefaultDeclaration":{"enter":[null]},"CallExpression":{"enter":[null]},"_exploded":true,"_verified":true},"options":{}},{"key":"base$0$0","visitor":{"Program":{"enter":[null]},"_exploded":true,"_verified":true},"options":{"generateLetDeclarations":true,"enforceStrictMode":false}},{"key":"base$0$1","visitor":{"_exploded":true,"_verified":true},"options":{}},{"key":"base$0$2","visitor":{"_exploded":{},"_verified":{},"Program":{"enter":[null]},"ImportDeclaration":{"enter":[null,null]},"ClassProperty":{"enter":[null]},"AssignmentPattern":{"enter":[null]},"TypeCastExpression":{"enter":[null,null]},"ImportSpecifier":{"enter":[null]},"ClassDeclaration":{"enter":[null]},"ClassExpression":{"enter":[null]},"FunctionDeclaration":{"enter":[null]},"FunctionExpression":{"enter":[null]},"ObjectMethod":{"enter":[null]},"ArrowFunctionExpression":{"enter":[null]},"ClassMethod":{"enter":[null]},"AnyTypeAnnotation":{"enter":[null]},"ArrayTypeAnnotation":{"enter":[null]},"BooleanTypeAnnotation":{"enter":[null]},"BooleanLiteralTypeAnnotation":{"enter":[null]},"NullLiteralTypeAnnotation":{"enter":[null]},"ClassImplements":{"enter":[null]},"DeclareClass":{"enter":[null]},"DeclareFunction":{"enter":[null]},"DeclareInterface":{"enter":[null]},"DeclareModule":{"enter":[null]},"DeclareModuleExports":{"enter":[null]},"DeclareTypeAlias":{"enter":[null]},"DeclareOpaqueType":{"enter":[null]},"DeclareVariable":{"enter":[null]},"DeclareExportDeclaration":{"enter":[null]},"DeclareExportAllDeclaration":{"enter":[null]},"DeclaredPredicate":{"enter":[null]},"ExistsTypeAnnotation":{"enter":[null]},"FunctionTypeAnnotation":{"enter":[null]},"FunctionTypeParam":{"enter":[null]},"GenericTypeAnnotation":{"enter":[null]},"InferredPredicate":{"enter":[null]},"InterfaceExtends":{"enter":[null]},"InterfaceDeclaration":{"enter":[null]},"IntersectionTypeAnnotation":{"enter":[null]},"MixedTypeAnnotation":{"enter":[null]},"EmptyTypeAnnotation":{"enter":[null]},"NullableTypeAnnotation":{"enter":[null]},"NumberLiteralTypeAnnotation":{"enter":[null]},"NumberTypeAnnotation":{"enter":[null]},"ObjectTypeAnnotation":{"enter":[null]},"ObjectTypeCallProperty":{"enter":[null]},"ObjectTypeIndexer":{"enter":[null]},"ObjectTypeProperty":{"enter":[null]},"ObjectTypeSpreadProperty":{"enter":[null]},"OpaqueType":{"enter":[null]},"QualifiedTypeIdentifier":{"enter":[null]},"StringLiteralTypeAnnotation":{"enter":[null]},"StringTypeAnnotation":{"enter":[null]},"ThisTypeAnnotation":{"enter":[null]},"TupleTypeAnnotation":{"enter":[null]},"TypeofTypeAnnotation":{"enter":[null]},"TypeAlias":{"enter":[null]},"TypeAnnotation":{"enter":[null]},"TypeParameter":{"enter":[null]},"TypeParameterDeclaration":{"enter":[null]},"TypeParameterInstantiation":{"enter":[null]},"UnionTypeAnnotation":{"enter":[null]},"Variance":{"enter":[null]},"VoidTypeAnnotation":{"enter":[null]},"ExportAllDeclaration":{"enter":[null]},"ExportDefaultDeclaration":{"enter":[null]},"ExportNamedDeclaration":{"enter":[null]}},"options":{}},{"key":"base$0$3","visitor":{"CallExpression":{"enter":[null]},"BinaryExpression":{"enter":[null]},"MemberExpression":{"enter":[null],"exit":[null]},"_exploded":true,"_verified":true,"Identifier":{"enter":[null]},"JSXIdentifier":{"enter":[null]}},"options":{"polyfill":false,"useBuiltIns":true}},{"key":"base$0$4","visitor":{"_exploded":true,"_verified":true},"options":{}},{"key":"base$0$5","visitor":{"_exploded":{},"_verified":{},"VariableDeclarator":{"enter":[null]},"ExportNamedDeclaration":{"enter":[null]},"CatchClause":{"enter":[null]},"AssignmentExpression":{"enter":[null]},"ObjectExpression":{"enter":[null]},"FunctionDeclaration":{"enter":[null]},"FunctionExpression":{"enter":[null]},"ObjectMethod":{"enter":[null]},"ArrowFunctionExpression":{"enter":[null]},"ClassMethod":{"enter":[null]},"ForInStatement":{"enter":[null]},"ForOfStatement":{"enter":[null]}},"options":{}},{"key":"transform-meteor-async-await","visitor":{"AwaitExpression":{"enter":[null]},"_exploded":true,"_verified":true,"FunctionDeclaration":{"exit":[null]},"FunctionExpression":{"exit":[null]},"ObjectMethod":{"exit":[null]},"ArrowFunctionExpression":{"exit":[null]},"ClassMethod":{"exit":[null]}},"options":{"useNativeAsyncAwait":false}},{"key":"transform-meteor-dynamic-import","visitor":{"_exploded":{},"_verified":{},"CallExpression":{"enter":[null]}},"options":{}},{"key":"base$0$8","visitor":{"_exploded":{},"_verified":{},"Program":{"enter":[null]}},"options":{}},{"key":"base$0$9","visitor":{"Program":{"exit":[null]},"_exploded":true,"_verified":true},"options":{"allowTopLevelThis":true,"strictMode":false,"loose":true}},{"key":"base$0$10","visitor":{"_exploded":{},"_verified":{},"ClassDeclaration":{"enter":[null]},"ClassExpression":{"enter":[null]}},"options":{"loose":true}}],"compact":false,"ast":true,"babelrc":false,"sourceFileName":"packages/ddp-server/crossbar_tests.js","filename":"packages/ddp-server/crossbar_tests.js","sourceMaps":true,"envName":"development","cwd":"/Users/administrator/Downloads/meteor-serverless-training/weather-info","passPerPreset":false,"presets":[],"parserOpts":{"sourceType":"module","sourceFileName":"packages/ddp-server/crossbar_tests.js","plugins":["jsx","jsx","flow","flow","objectRestSpread","objectRestSpread","dynamicImport","asyncGenerators","classProperties","classPrivateProperties"]},"generatorOpts":{"filename":"packages/ddp-server/crossbar_tests.js","comments":true,"compact":false,"sourceMaps":true,"sourceFileName":"packages/ddp-server/crossbar_tests.js"}},"code":"// White box tests of invalidation crossbar matching function.\n// Note: the current crossbar match function is designed specifically\n// to ensure that a modification that targets a specific ID does not\n// notify a query that is watching a different specific ID. (And to\n// keep separate collections separate.) Other than that, there's no\n// deep meaning to the matching function, and it could be changed later\n// as long as it preserves that property.\nTinytest.add('livedata - crossbar', function (test) {\n  var crossbar = new DDPServer._Crossbar();\n  test.isTrue(crossbar._matches({\n    collection: \"C\"\n  }, {\n    collection: \"C\"\n  }));\n  test.isTrue(crossbar._matches({\n    collection: \"C\",\n    id: \"X\"\n  }, {\n    collection: \"C\"\n  }));\n  test.isTrue(crossbar._matches({\n    collection: \"C\"\n  }, {\n    collection: \"C\",\n    id: \"X\"\n  }));\n  test.isTrue(crossbar._matches({\n    collection: \"C\",\n    id: \"X\"\n  }, {\n    collection: \"C\"\n  }));\n  test.isFalse(crossbar._matches({\n    collection: \"C\",\n    id: \"X\"\n  }, {\n    collection: \"C\",\n    id: \"Y\"\n  })); // Test that stopped listens definitely don't fire.\n\n  var calledFirst = false;\n  var calledSecond = false;\n  var trigger = {\n    collection: \"C\"\n  };\n  var secondHandle;\n  crossbar.listen(trigger, function (notification) {\n    // This test assumes that listeners will be called in the order\n    // registered. It's not wrong for the crossbar to do something different,\n    // but the test won't be valid in that case, so make it fail so we notice.\n    calledFirst = true;\n\n    if (calledSecond) {\n      test.fail({\n        type: \"test_assumption_failed\",\n        message: \"test assumed that listeners would be called in the order registered\"\n      });\n    } else {\n      secondHandle.stop();\n    }\n  });\n  secondHandle = crossbar.listen(trigger, function (notification) {\n    // This should not get invoked, because it should be stopped by the other\n    // listener!\n    calledSecond = true;\n  });\n  crossbar.fire(trigger);\n  test.isTrue(calledFirst);\n  test.isFalse(calledSecond);\n});","map":{"version":3,"sources":["packages/ddp-server/crossbar_tests.js"],"names":["Tinytest","add","test","crossbar","DDPServer","_Crossbar","isTrue","_matches","collection","id","isFalse","calledFirst","calledSecond","trigger","secondHandle","listen","notification","fail","type","message","stop","fire"],"mappings":"AAAA;AACA;AACA;AACA;AACA;AACA;AACA;AACAA,SAASC,GAAT,CAAa,qBAAb,EAAoC,UAAUC,IAAV,EAAgB;AAClD,MAAIC,WAAW,IAAIC,UAAUC,SAAd,EAAf;AACAH,OAAKI,MAAL,CAAYH,SAASI,QAAT,CAAkB;AAACC,gBAAY;AAAb,GAAlB,EACkB;AAACA,gBAAY;AAAb,GADlB,CAAZ;AAEAN,OAAKI,MAAL,CAAYH,SAASI,QAAT,CAAkB;AAACC,gBAAY,GAAb;AAAkBC,QAAI;AAAtB,GAAlB,EACkB;AAACD,gBAAY;AAAb,GADlB,CAAZ;AAEAN,OAAKI,MAAL,CAAYH,SAASI,QAAT,CAAkB;AAACC,gBAAY;AAAb,GAAlB,EACkB;AAACA,gBAAY,GAAb;AAAkBC,QAAI;AAAtB,GADlB,CAAZ;AAEAP,OAAKI,MAAL,CAAYH,SAASI,QAAT,CAAkB;AAACC,gBAAY,GAAb;AAAkBC,QAAI;AAAtB,GAAlB,EACkB;AAACD,gBAAY;AAAb,GADlB,CAAZ;AAGAN,OAAKQ,OAAL,CAAaP,SAASI,QAAT,CAAkB;AAACC,gBAAY,GAAb;AAAkBC,QAAI;AAAtB,GAAlB,EACkB;AAACD,gBAAY,GAAb;AAAkBC,QAAI;AAAtB,GADlB,CAAb,EAXkD,CAclD;;AACA,MAAIE,cAAc,KAAlB;AACA,MAAIC,eAAe,KAAnB;AACA,MAAIC,UAAU;AAACL,gBAAY;AAAb,GAAd;AACA,MAAIM,YAAJ;AACAX,WAASY,MAAT,CAAgBF,OAAhB,EAAyB,UAAUG,YAAV,EAAwB;AAC/C;AACA;AACA;AACAL,kBAAc,IAAd;;AACA,QAAIC,YAAJ,EAAkB;AAChBV,WAAKe,IAAL,CAAU;AACRC,cAAM,wBADE;AAERC,iBAAS;AAFD,OAAV;AAID,KALD,MAKO;AACLL,mBAAaM,IAAb;AACD;AACF,GAbD;AAcAN,iBAAeX,SAASY,MAAT,CAAgBF,OAAhB,EAAyB,UAAUG,YAAV,EAAwB;AAC9D;AACA;AACAJ,mBAAe,IAAf;AACD,GAJc,CAAf;AAKAT,WAASkB,IAAT,CAAcR,OAAd;AACAX,OAAKI,MAAL,CAAYK,WAAZ;AACAT,OAAKQ,OAAL,CAAaE,YAAb;AACD,CAzCD","sourcesContent":["// White box tests of invalidation crossbar matching function.\n// Note: the current crossbar match function is designed specifically\n// to ensure that a modification that targets a specific ID does not\n// notify a query that is watching a different specific ID. (And to\n// keep separate collections separate.) Other than that, there's no\n// deep meaning to the matching function, and it could be changed later\n// as long as it preserves that property.\nTinytest.add('livedata - crossbar', function (test) {\n  var crossbar = new DDPServer._Crossbar;\n  test.isTrue(crossbar._matches({collection: \"C\"},\n                                {collection: \"C\"}));\n  test.isTrue(crossbar._matches({collection: \"C\", id: \"X\"},\n                                {collection: \"C\"}));\n  test.isTrue(crossbar._matches({collection: \"C\"},\n                                {collection: \"C\", id: \"X\"}));\n  test.isTrue(crossbar._matches({collection: \"C\", id: \"X\"},\n                                {collection: \"C\"}));\n\n  test.isFalse(crossbar._matches({collection: \"C\", id: \"X\"},\n                                 {collection: \"C\", id: \"Y\"}));\n\n  // Test that stopped listens definitely don't fire.\n  var calledFirst = false;\n  var calledSecond = false;\n  var trigger = {collection: \"C\"};\n  var secondHandle;\n  crossbar.listen(trigger, function (notification) {\n    // This test assumes that listeners will be called in the order\n    // registered. It's not wrong for the crossbar to do something different,\n    // but the test won't be valid in that case, so make it fail so we notice.\n    calledFirst = true;\n    if (calledSecond) {\n      test.fail({\n        type: \"test_assumption_failed\",\n        message: \"test assumed that listeners would be called in the order registered\"\n      });\n    } else {\n      secondHandle.stop();\n    }\n  });\n  secondHandle = crossbar.listen(trigger, function (notification) {\n    // This should not get invoked, because it should be stopped by the other\n    // listener!\n    calledSecond = true;\n  });\n  crossbar.fire(trigger);\n  test.isTrue(calledFirst);\n  test.isFalse(calledSecond);\n});\n"]},"sourceType":"script","hash":"3077fdae9e52d33c4eb0a788aa52334f980bb2cc"}
