{"metadata":{},"options":{"plugins":[{"key":"base$1$0","visitor":{"_exploded":{},"_verified":{},"JSXNamespacedName":{"enter":[null]},"JSXElement":{"exit":[null]},"JSXFragment":{"exit":[null]},"Program":{"enter":[null],"exit":[null]},"JSXAttribute":{"enter":[null]}},"options":{"pragma":"React.createElement","pragmaFrag":"React.Fragment","throwIfNamespace":true,"useBuiltIns":false}},{"key":"base$1$1","visitor":{"_exploded":true,"_verified":true},"options":{}},{"key":"base$1$2","visitor":{"ExportDefaultDeclaration":{"enter":[null]},"CallExpression":{"enter":[null]},"_exploded":true,"_verified":true},"options":{}},{"key":"base$0$0","visitor":{"Program":{"enter":[null]},"_exploded":true,"_verified":true},"options":{"generateLetDeclarations":true,"enforceStrictMode":false}},{"key":"base$0$1","visitor":{"_exploded":true,"_verified":true},"options":{}},{"key":"base$0$2","visitor":{"_exploded":{},"_verified":{},"Program":{"enter":[null]},"ImportDeclaration":{"enter":[null,null]},"ClassProperty":{"enter":[null]},"AssignmentPattern":{"enter":[null]},"TypeCastExpression":{"enter":[null,null]},"ImportSpecifier":{"enter":[null]},"ClassDeclaration":{"enter":[null]},"ClassExpression":{"enter":[null]},"FunctionDeclaration":{"enter":[null]},"FunctionExpression":{"enter":[null]},"ObjectMethod":{"enter":[null]},"ArrowFunctionExpression":{"enter":[null]},"ClassMethod":{"enter":[null]},"AnyTypeAnnotation":{"enter":[null]},"ArrayTypeAnnotation":{"enter":[null]},"BooleanTypeAnnotation":{"enter":[null]},"BooleanLiteralTypeAnnotation":{"enter":[null]},"NullLiteralTypeAnnotation":{"enter":[null]},"ClassImplements":{"enter":[null]},"DeclareClass":{"enter":[null]},"DeclareFunction":{"enter":[null]},"DeclareInterface":{"enter":[null]},"DeclareModule":{"enter":[null]},"DeclareModuleExports":{"enter":[null]},"DeclareTypeAlias":{"enter":[null]},"DeclareOpaqueType":{"enter":[null]},"DeclareVariable":{"enter":[null]},"DeclareExportDeclaration":{"enter":[null]},"DeclareExportAllDeclaration":{"enter":[null]},"DeclaredPredicate":{"enter":[null]},"ExistsTypeAnnotation":{"enter":[null]},"FunctionTypeAnnotation":{"enter":[null]},"FunctionTypeParam":{"enter":[null]},"GenericTypeAnnotation":{"enter":[null]},"InferredPredicate":{"enter":[null]},"InterfaceExtends":{"enter":[null]},"InterfaceDeclaration":{"enter":[null]},"IntersectionTypeAnnotation":{"enter":[null]},"MixedTypeAnnotation":{"enter":[null]},"EmptyTypeAnnotation":{"enter":[null]},"NullableTypeAnnotation":{"enter":[null]},"NumberLiteralTypeAnnotation":{"enter":[null]},"NumberTypeAnnotation":{"enter":[null]},"ObjectTypeAnnotation":{"enter":[null]},"ObjectTypeCallProperty":{"enter":[null]},"ObjectTypeIndexer":{"enter":[null]},"ObjectTypeProperty":{"enter":[null]},"ObjectTypeSpreadProperty":{"enter":[null]},"OpaqueType":{"enter":[null]},"QualifiedTypeIdentifier":{"enter":[null]},"StringLiteralTypeAnnotation":{"enter":[null]},"StringTypeAnnotation":{"enter":[null]},"ThisTypeAnnotation":{"enter":[null]},"TupleTypeAnnotation":{"enter":[null]},"TypeofTypeAnnotation":{"enter":[null]},"TypeAlias":{"enter":[null]},"TypeAnnotation":{"enter":[null]},"TypeParameter":{"enter":[null]},"TypeParameterDeclaration":{"enter":[null]},"TypeParameterInstantiation":{"enter":[null]},"UnionTypeAnnotation":{"enter":[null]},"Variance":{"enter":[null]},"VoidTypeAnnotation":{"enter":[null]},"ExportAllDeclaration":{"enter":[null]},"ExportDefaultDeclaration":{"enter":[null]},"ExportNamedDeclaration":{"enter":[null]}},"options":{}},{"key":"base$0$3","visitor":{"CallExpression":{"enter":[null]},"BinaryExpression":{"enter":[null]},"MemberExpression":{"enter":[null],"exit":[null]},"_exploded":true,"_verified":true,"Identifier":{"enter":[null]},"JSXIdentifier":{"enter":[null]}},"options":{"polyfill":false,"useBuiltIns":true}},{"key":"base$0$4","visitor":{"_exploded":true,"_verified":true},"options":{}},{"key":"base$0$5","visitor":{"_exploded":{},"_verified":{},"VariableDeclarator":{"enter":[null]},"ExportNamedDeclaration":{"enter":[null]},"CatchClause":{"enter":[null]},"AssignmentExpression":{"enter":[null]},"ObjectExpression":{"enter":[null]},"FunctionDeclaration":{"enter":[null]},"FunctionExpression":{"enter":[null]},"ObjectMethod":{"enter":[null]},"ArrowFunctionExpression":{"enter":[null]},"ClassMethod":{"enter":[null]},"ForInStatement":{"enter":[null]},"ForOfStatement":{"enter":[null]}},"options":{}},{"key":"transform-meteor-async-await","visitor":{"AwaitExpression":{"enter":[null]},"_exploded":true,"_verified":true,"FunctionDeclaration":{"exit":[null]},"FunctionExpression":{"exit":[null]},"ObjectMethod":{"exit":[null]},"ArrowFunctionExpression":{"exit":[null]},"ClassMethod":{"exit":[null]}},"options":{"useNativeAsyncAwait":false}},{"key":"transform-meteor-dynamic-import","visitor":{"_exploded":{},"_verified":{},"CallExpression":{"enter":[null]}},"options":{}},{"key":"base$0$8","visitor":{"_exploded":{},"_verified":{},"Program":{"enter":[null]}},"options":{}},{"key":"base$0$9","visitor":{"Program":{"exit":[null]},"_exploded":true,"_verified":true},"options":{"allowTopLevelThis":true,"strictMode":false,"loose":true}},{"key":"base$0$10","visitor":{"_exploded":{},"_verified":{},"ClassDeclaration":{"enter":[null]},"ClassExpression":{"enter":[null]}},"options":{"loose":true}}],"compact":false,"ast":true,"babelrc":false,"sourceFileName":"packages/ddp-common/heartbeat.js","filename":"packages/ddp-common/heartbeat.js","sourceMaps":true,"envName":"development","cwd":"/Users/administrator/Downloads/meteor-serverless-training/weather-info","passPerPreset":false,"presets":[],"parserOpts":{"sourceType":"module","sourceFileName":"packages/ddp-common/heartbeat.js","plugins":["jsx","jsx","flow","flow","objectRestSpread","objectRestSpread","dynamicImport","asyncGenerators","classProperties","classPrivateProperties"]},"generatorOpts":{"filename":"packages/ddp-common/heartbeat.js","comments":true,"compact":false,"sourceMaps":true,"sourceFileName":"packages/ddp-common/heartbeat.js"}},"code":"// Heartbeat options:\n//   heartbeatInterval: interval to send pings, in milliseconds.\n//   heartbeatTimeout: timeout to close the connection if a reply isn't\n//     received, in milliseconds.\n//   sendPing: function to call to send a ping on the connection.\n//   onTimeout: function to call to close the connection.\nDDPCommon.Heartbeat = class Heartbeat {\n  constructor(options) {\n    this.heartbeatInterval = options.heartbeatInterval;\n    this.heartbeatTimeout = options.heartbeatTimeout;\n    this._sendPing = options.sendPing;\n    this._onTimeout = options.onTimeout;\n    this._seenPacket = false;\n    this._heartbeatIntervalHandle = null;\n    this._heartbeatTimeoutHandle = null;\n  }\n\n  stop() {\n    this._clearHeartbeatIntervalTimer();\n\n    this._clearHeartbeatTimeoutTimer();\n  }\n\n  start() {\n    this.stop();\n\n    this._startHeartbeatIntervalTimer();\n  }\n\n  _startHeartbeatIntervalTimer() {\n    this._heartbeatIntervalHandle = Meteor.setInterval(() => this._heartbeatIntervalFired(), this.heartbeatInterval);\n  }\n\n  _startHeartbeatTimeoutTimer() {\n    this._heartbeatTimeoutHandle = Meteor.setTimeout(() => this._heartbeatTimeoutFired(), this.heartbeatTimeout);\n  }\n\n  _clearHeartbeatIntervalTimer() {\n    if (this._heartbeatIntervalHandle) {\n      Meteor.clearInterval(this._heartbeatIntervalHandle);\n      this._heartbeatIntervalHandle = null;\n    }\n  }\n\n  _clearHeartbeatTimeoutTimer() {\n    if (this._heartbeatTimeoutHandle) {\n      Meteor.clearTimeout(this._heartbeatTimeoutHandle);\n      this._heartbeatTimeoutHandle = null;\n    }\n  } // The heartbeat interval timer is fired when we should send a ping.\n\n\n  _heartbeatIntervalFired() {\n    // don't send ping if we've seen a packet since we last checked,\n    // *or* if we have already sent a ping and are awaiting a timeout.\n    // That shouldn't happen, but it's possible if\n    // `this.heartbeatInterval` is smaller than\n    // `this.heartbeatTimeout`.\n    if (!this._seenPacket && !this._heartbeatTimeoutHandle) {\n      this._sendPing(); // Set up timeout, in case a pong doesn't arrive in time.\n\n\n      this._startHeartbeatTimeoutTimer();\n    }\n\n    this._seenPacket = false;\n  } // The heartbeat timeout timer is fired when we sent a ping, but we\n  // timed out waiting for the pong.\n\n\n  _heartbeatTimeoutFired() {\n    this._heartbeatTimeoutHandle = null;\n\n    this._onTimeout();\n  }\n\n  messageReceived() {\n    // Tell periodic checkin that we have seen a packet, and thus it\n    // does not need to send a ping this cycle.\n    this._seenPacket = true; // If we were waiting for a pong, we got it.\n\n    if (this._heartbeatTimeoutHandle) {\n      this._clearHeartbeatTimeoutTimer();\n    }\n  }\n\n};","map":{"version":3,"sources":["packages/ddp-common/heartbeat.js"],"names":["DDPCommon","Heartbeat","constructor","options","heartbeatInterval","heartbeatTimeout","_sendPing","sendPing","_onTimeout","onTimeout","_seenPacket","_heartbeatIntervalHandle","_heartbeatTimeoutHandle","stop","_clearHeartbeatIntervalTimer","_clearHeartbeatTimeoutTimer","start","_startHeartbeatIntervalTimer","Meteor","setInterval","_heartbeatIntervalFired","_startHeartbeatTimeoutTimer","setTimeout","_heartbeatTimeoutFired","clearInterval","clearTimeout","messageReceived"],"mappings":"AAAA;AACA;AACA;AACA;AACA;AACA;AAEAA,UAAUC,SAAV,GAAsB,MAAMA,SAAN,CAAgB;AACpCC,cAAYC,OAAZ,EAAqB;AACnB,SAAKC,iBAAL,GAAyBD,QAAQC,iBAAjC;AACA,SAAKC,gBAAL,GAAwBF,QAAQE,gBAAhC;AACA,SAAKC,SAAL,GAAiBH,QAAQI,QAAzB;AACA,SAAKC,UAAL,GAAkBL,QAAQM,SAA1B;AACA,SAAKC,WAAL,GAAmB,KAAnB;AAEA,SAAKC,wBAAL,GAAgC,IAAhC;AACA,SAAKC,uBAAL,GAA+B,IAA/B;AACD;;AAEDC,SAAO;AACL,SAAKC,4BAAL;;AACA,SAAKC,2BAAL;AACD;;AAEDC,UAAQ;AACN,SAAKH,IAAL;;AACA,SAAKI,4BAAL;AACD;;AAEDA,iCAA+B;AAC7B,SAAKN,wBAAL,GAAgCO,OAAOC,WAAP,CAC9B,MAAM,KAAKC,uBAAL,EADwB,EAE9B,KAAKhB,iBAFyB,CAAhC;AAID;;AAEDiB,gCAA8B;AAC5B,SAAKT,uBAAL,GAA+BM,OAAOI,UAAP,CAC7B,MAAM,KAAKC,sBAAL,EADuB,EAE7B,KAAKlB,gBAFwB,CAA/B;AAID;;AAEDS,iCAA+B;AAC7B,QAAI,KAAKH,wBAAT,EAAmC;AACjCO,aAAOM,aAAP,CAAqB,KAAKb,wBAA1B;AACA,WAAKA,wBAAL,GAAgC,IAAhC;AACD;AACF;;AAEDI,gCAA8B;AAC5B,QAAI,KAAKH,uBAAT,EAAkC;AAChCM,aAAOO,YAAP,CAAoB,KAAKb,uBAAzB;AACA,WAAKA,uBAAL,GAA+B,IAA/B;AACD;AACF,GAhDmC,CAkDpC;;;AACAQ,4BAA0B;AACxB;AACA;AACA;AACA;AACA;AACA,QAAI,CAAE,KAAKV,WAAP,IAAsB,CAAE,KAAKE,uBAAjC,EAA0D;AACxD,WAAKN,SAAL,GADwD,CAExD;;;AACA,WAAKe,2BAAL;AACD;;AACD,SAAKX,WAAL,GAAmB,KAAnB;AACD,GA/DmC,CAiEpC;AACA;;;AACAa,2BAAyB;AACvB,SAAKX,uBAAL,GAA+B,IAA/B;;AACA,SAAKJ,UAAL;AACD;;AAEDkB,oBAAkB;AAChB;AACA;AACA,SAAKhB,WAAL,GAAmB,IAAnB,CAHgB,CAIhB;;AACA,QAAI,KAAKE,uBAAT,EAAkC;AAChC,WAAKG,2BAAL;AACD;AACF;;AAhFmC,CAAtC","sourcesContent":["// Heartbeat options:\n//   heartbeatInterval: interval to send pings, in milliseconds.\n//   heartbeatTimeout: timeout to close the connection if a reply isn't\n//     received, in milliseconds.\n//   sendPing: function to call to send a ping on the connection.\n//   onTimeout: function to call to close the connection.\n\nDDPCommon.Heartbeat = class Heartbeat {\n  constructor(options) {\n    this.heartbeatInterval = options.heartbeatInterval;\n    this.heartbeatTimeout = options.heartbeatTimeout;\n    this._sendPing = options.sendPing;\n    this._onTimeout = options.onTimeout;\n    this._seenPacket = false;\n\n    this._heartbeatIntervalHandle = null;\n    this._heartbeatTimeoutHandle = null;\n  }\n\n  stop() {\n    this._clearHeartbeatIntervalTimer();\n    this._clearHeartbeatTimeoutTimer();\n  }\n\n  start() {\n    this.stop();\n    this._startHeartbeatIntervalTimer();\n  }\n\n  _startHeartbeatIntervalTimer() {\n    this._heartbeatIntervalHandle = Meteor.setInterval(\n      () => this._heartbeatIntervalFired(),\n      this.heartbeatInterval\n    );\n  }\n\n  _startHeartbeatTimeoutTimer() {\n    this._heartbeatTimeoutHandle = Meteor.setTimeout(\n      () => this._heartbeatTimeoutFired(),\n      this.heartbeatTimeout\n    );\n  }\n\n  _clearHeartbeatIntervalTimer() {\n    if (this._heartbeatIntervalHandle) {\n      Meteor.clearInterval(this._heartbeatIntervalHandle);\n      this._heartbeatIntervalHandle = null;\n    }\n  }\n\n  _clearHeartbeatTimeoutTimer() {\n    if (this._heartbeatTimeoutHandle) {\n      Meteor.clearTimeout(this._heartbeatTimeoutHandle);\n      this._heartbeatTimeoutHandle = null;\n    }\n  }\n\n  // The heartbeat interval timer is fired when we should send a ping.\n  _heartbeatIntervalFired() {\n    // don't send ping if we've seen a packet since we last checked,\n    // *or* if we have already sent a ping and are awaiting a timeout.\n    // That shouldn't happen, but it's possible if\n    // `this.heartbeatInterval` is smaller than\n    // `this.heartbeatTimeout`.\n    if (! this._seenPacket && ! this._heartbeatTimeoutHandle) {\n      this._sendPing();\n      // Set up timeout, in case a pong doesn't arrive in time.\n      this._startHeartbeatTimeoutTimer();\n    }\n    this._seenPacket = false;\n  }\n\n  // The heartbeat timeout timer is fired when we sent a ping, but we\n  // timed out waiting for the pong.\n  _heartbeatTimeoutFired() {\n    this._heartbeatTimeoutHandle = null;\n    this._onTimeout();\n  }\n\n  messageReceived() {\n    // Tell periodic checkin that we have seen a packet, and thus it\n    // does not need to send a ping this cycle.\n    this._seenPacket = true;\n    // If we were waiting for a pong, we got it.\n    if (this._heartbeatTimeoutHandle) {\n      this._clearHeartbeatTimeoutTimer();\n    }\n  }\n};\n"]},"sourceType":"script","hash":"33c736f936d9e229b8ae449c09c7c62372b76630"}
