{"metadata":{},"options":{"plugins":[{"key":"base$1$0","visitor":{"_exploded":{},"_verified":{},"JSXNamespacedName":{"enter":[null]},"JSXElement":{"exit":[null]},"JSXFragment":{"exit":[null]},"Program":{"enter":[null],"exit":[null]},"JSXAttribute":{"enter":[null]}},"options":{"pragma":"React.createElement","pragmaFrag":"React.Fragment","throwIfNamespace":true,"useBuiltIns":false}},{"key":"base$1$1","visitor":{"_exploded":true,"_verified":true},"options":{}},{"key":"base$1$2","visitor":{"ExportDefaultDeclaration":{"enter":[null]},"CallExpression":{"enter":[null]},"_exploded":true,"_verified":true},"options":{}},{"key":"base$0$0","visitor":{"Program":{"enter":[null]},"_exploded":true,"_verified":true},"options":{"generateLetDeclarations":true,"enforceStrictMode":false}},{"key":"base$0$1","visitor":{"_exploded":true,"_verified":true},"options":{}},{"key":"base$0$2","visitor":{"_exploded":{},"_verified":{},"Program":{"enter":[null]},"ImportDeclaration":{"enter":[null,null]},"ClassProperty":{"enter":[null]},"AssignmentPattern":{"enter":[null]},"TypeCastExpression":{"enter":[null,null]},"ImportSpecifier":{"enter":[null]},"ClassDeclaration":{"enter":[null]},"ClassExpression":{"enter":[null]},"FunctionDeclaration":{"enter":[null]},"FunctionExpression":{"enter":[null]},"ObjectMethod":{"enter":[null]},"ArrowFunctionExpression":{"enter":[null]},"ClassMethod":{"enter":[null]},"AnyTypeAnnotation":{"enter":[null]},"ArrayTypeAnnotation":{"enter":[null]},"BooleanTypeAnnotation":{"enter":[null]},"BooleanLiteralTypeAnnotation":{"enter":[null]},"NullLiteralTypeAnnotation":{"enter":[null]},"ClassImplements":{"enter":[null]},"DeclareClass":{"enter":[null]},"DeclareFunction":{"enter":[null]},"DeclareInterface":{"enter":[null]},"DeclareModule":{"enter":[null]},"DeclareModuleExports":{"enter":[null]},"DeclareTypeAlias":{"enter":[null]},"DeclareOpaqueType":{"enter":[null]},"DeclareVariable":{"enter":[null]},"DeclareExportDeclaration":{"enter":[null]},"DeclareExportAllDeclaration":{"enter":[null]},"DeclaredPredicate":{"enter":[null]},"ExistsTypeAnnotation":{"enter":[null]},"FunctionTypeAnnotation":{"enter":[null]},"FunctionTypeParam":{"enter":[null]},"GenericTypeAnnotation":{"enter":[null]},"InferredPredicate":{"enter":[null]},"InterfaceExtends":{"enter":[null]},"InterfaceDeclaration":{"enter":[null]},"IntersectionTypeAnnotation":{"enter":[null]},"MixedTypeAnnotation":{"enter":[null]},"EmptyTypeAnnotation":{"enter":[null]},"NullableTypeAnnotation":{"enter":[null]},"NumberLiteralTypeAnnotation":{"enter":[null]},"NumberTypeAnnotation":{"enter":[null]},"ObjectTypeAnnotation":{"enter":[null]},"ObjectTypeCallProperty":{"enter":[null]},"ObjectTypeIndexer":{"enter":[null]},"ObjectTypeProperty":{"enter":[null]},"ObjectTypeSpreadProperty":{"enter":[null]},"OpaqueType":{"enter":[null]},"QualifiedTypeIdentifier":{"enter":[null]},"StringLiteralTypeAnnotation":{"enter":[null]},"StringTypeAnnotation":{"enter":[null]},"ThisTypeAnnotation":{"enter":[null]},"TupleTypeAnnotation":{"enter":[null]},"TypeofTypeAnnotation":{"enter":[null]},"TypeAlias":{"enter":[null]},"TypeAnnotation":{"enter":[null]},"TypeParameter":{"enter":[null]},"TypeParameterDeclaration":{"enter":[null]},"TypeParameterInstantiation":{"enter":[null]},"UnionTypeAnnotation":{"enter":[null]},"Variance":{"enter":[null]},"VoidTypeAnnotation":{"enter":[null]},"ExportAllDeclaration":{"enter":[null]},"ExportDefaultDeclaration":{"enter":[null]},"ExportNamedDeclaration":{"enter":[null]}},"options":{}},{"key":"base$0$3","visitor":{"CallExpression":{"enter":[null]},"BinaryExpression":{"enter":[null]},"MemberExpression":{"enter":[null],"exit":[null]},"_exploded":true,"_verified":true,"Identifier":{"enter":[null]},"JSXIdentifier":{"enter":[null]}},"options":{"polyfill":false,"useBuiltIns":true}},{"key":"base$0$4","visitor":{"_exploded":true,"_verified":true},"options":{}},{"key":"base$0$5","visitor":{"_exploded":{},"_verified":{},"VariableDeclarator":{"enter":[null]},"ExportNamedDeclaration":{"enter":[null]},"CatchClause":{"enter":[null]},"AssignmentExpression":{"enter":[null]},"ObjectExpression":{"enter":[null]},"FunctionDeclaration":{"enter":[null]},"FunctionExpression":{"enter":[null]},"ObjectMethod":{"enter":[null]},"ArrowFunctionExpression":{"enter":[null]},"ClassMethod":{"enter":[null]},"ForInStatement":{"enter":[null]},"ForOfStatement":{"enter":[null]}},"options":{}},{"key":"transform-meteor-async-await","visitor":{"AwaitExpression":{"enter":[null]},"_exploded":true,"_verified":true,"FunctionDeclaration":{"exit":[null]},"FunctionExpression":{"exit":[null]},"ObjectMethod":{"exit":[null]},"ArrowFunctionExpression":{"exit":[null]},"ClassMethod":{"exit":[null]}},"options":{"useNativeAsyncAwait":false}},{"key":"transform-meteor-dynamic-import","visitor":{"_exploded":{},"_verified":{},"CallExpression":{"enter":[null]}},"options":{}},{"key":"base$0$8","visitor":{"_exploded":{},"_verified":{},"Program":{"enter":[null]}},"options":{}},{"key":"base$0$9","visitor":{"Program":{"exit":[null]},"_exploded":true,"_verified":true},"options":{"allowTopLevelThis":true,"strictMode":false,"loose":true}},{"key":"base$0$10","visitor":{"_exploded":{},"_verified":{},"ClassDeclaration":{"enter":[null]},"ClassExpression":{"enter":[null]}},"options":{"loose":true}}],"compact":false,"ast":true,"babelrc":false,"sourceFileName":"packages/react-runtime/react-runtime-prod-tests.jsx","filename":"packages/react-runtime/react-runtime-prod-tests.jsx","sourceMaps":true,"envName":"development","cwd":"/Users/administrator/Downloads/meteor-serverless-training/weather-info-react","passPerPreset":false,"presets":[],"parserOpts":{"sourceType":"module","sourceFileName":"packages/react-runtime/react-runtime-prod-tests.jsx","plugins":["jsx","jsx","flow","flow","objectRestSpread","objectRestSpread","dynamicImport","asyncGenerators","classProperties","classPrivateProperties"]},"generatorOpts":{"filename":"packages/react-runtime/react-runtime-prod-tests.jsx","comments":true,"compact":false,"sourceMaps":true,"sourceFileName":"packages/react-runtime/react-runtime-prod-tests.jsx"}},"code":"// Note that we can't run these tests right now due to https://github.com/meteor/meteor/issues/6401\n// But it's useful to have them here for reference (you can run them in a browser console in\n//   and app that includes this package, running in `--production`)\nvar React = ReactProd;\nvar ReactDOM = ReactDOMProd;\nvar ComponentWithRequiredProp = React.createClass({\n  displayName: \"ComponentWithRequiredProp\",\n  propTypes: {\n    requiredString: React.PropTypes.string.isRequired\n  },\n\n  render() {\n    return React.createElement(\"div\", null, \"Nothing useful here...\");\n  }\n\n});\nTinytest.add('react-runtime-prod - is actually the production version', function (test) {\n  // Make sure we don't have debug-only addons\n  test.isUndefined(React.addons.TestUtils);\n  test.isUndefined(React.addons.Perf); // Check if we print an error to console about props\n  // You can be sure this test is correct because we have an identical one in\n  // react-runtime-dev\n\n  let error;\n\n  try {\n    var oldError = console.error;\n\n    console.error = function specialError(message) {\n      error = message;\n    };\n\n    var div = document.createElement(\"DIV\");\n    ReactDOM.render(React.createElement(ComponentWithRequiredProp, null), div);\n    test.isUndefined(error);\n  } finally {\n    console.error = oldError;\n  } // It should throw when style is not an object\n\n\n  var div = document.createElement(\"DIV\");\n\n  try {\n    ReactDOM.render(React.createElement(\"div\", {\n      style: \"mystyle\"\n    }), div);\n  } catch (e) {\n    // The production build doesn't have the error message\n    test.matches(e.message, /^Minified exception/);\n  }\n});","map":{"version":3,"sources":["packages/react-runtime/react-runtime-prod-tests.jsx"],"names":["React","ReactProd","ReactDOM","ReactDOMProd","ComponentWithRequiredProp","createClass","propTypes","requiredString","PropTypes","string","isRequired","render","Tinytest","add","test","isUndefined","addons","TestUtils","Perf","error","oldError","console","specialError","message","div","document","createElement","e","matches"],"mappings":"AAAA;AACA;AACA;AAEA,IAAIA,QAAQC,SAAZ;AACA,IAAIC,WAAWC,YAAf;AAEA,IAAIC,4BAA4BJ,MAAMK,WAAN,CAAkB;AAAA;AAChDC,aAAW;AACTC,oBAAgBP,MAAMQ,SAAN,CAAgBC,MAAhB,CAAuBC;AAD9B,GADqC;;AAIhDC,WAAS;AACP,WACE,0DADF;AAGD;;AAR+C,CAAlB,CAAhC;AAWAC,SAASC,GAAT,CAAa,yDAAb,EAAwE,UAAUC,IAAV,EAAgB;AACtF;AACAA,OAAKC,WAAL,CAAiBf,MAAMgB,MAAN,CAAaC,SAA9B;AACAH,OAAKC,WAAL,CAAiBf,MAAMgB,MAAN,CAAaE,IAA9B,EAHsF,CAKtF;AACA;AACA;;AACA,MAAIC,KAAJ;;AACA,MAAI;AACF,QAAIC,WAAWC,QAAQF,KAAvB;;AACAE,YAAQF,KAAR,GAAgB,SAASG,YAAT,CAAsBC,OAAtB,EAA+B;AAC7CJ,cAAQI,OAAR;AACD,KAFD;;AAIA,QAAIC,MAAMC,SAASC,aAAT,CAAuB,KAAvB,CAAV;AACAxB,aAASS,MAAT,CAAgB,oBAAC,yBAAD,OAAhB,EAA+Ca,GAA/C;AAEAV,SAAKC,WAAL,CAAiBI,KAAjB;AACD,GAVD,SAUU;AACRE,YAAQF,KAAR,GAAgBC,QAAhB;AACD,GArBqF,CAuBtF;;;AACA,MAAII,MAAMC,SAASC,aAAT,CAAuB,KAAvB,CAAV;;AACA,MAAI;AACFxB,aAASS,MAAT,CAAgB;AAAK,aAAM;AAAX,MAAhB,EAAyCa,GAAzC;AACD,GAFD,CAEE,OAAOG,CAAP,EAAU;AACV;AACAb,SAAKc,OAAL,CAAaD,EAAEJ,OAAf,EAAwB,qBAAxB;AACD;AACF,CA/BD","sourcesContent":["// Note that we can't run these tests right now due to https://github.com/meteor/meteor/issues/6401\n// But it's useful to have them here for reference (you can run them in a browser console in\n//   and app that includes this package, running in `--production`)\n\nvar React = ReactProd;\nvar ReactDOM = ReactDOMProd;\n\nvar ComponentWithRequiredProp = React.createClass({\n  propTypes: {\n    requiredString: React.PropTypes.string.isRequired\n  },\n  render() {\n    return (\n      <div>Nothing useful here...</div>\n    );\n  }\n});\n\nTinytest.add('react-runtime-prod - is actually the production version', function (test) {\n  // Make sure we don't have debug-only addons\n  test.isUndefined(React.addons.TestUtils);\n  test.isUndefined(React.addons.Perf);\n\n  // Check if we print an error to console about props\n  // You can be sure this test is correct because we have an identical one in\n  // react-runtime-dev\n  let error;\n  try {\n    var oldError = console.error;\n    console.error = function specialError(message) {\n      error = message;\n    };\n\n    var div = document.createElement(\"DIV\");\n    ReactDOM.render(<ComponentWithRequiredProp />, div);\n\n    test.isUndefined(error);\n  } finally {\n    console.error = oldError;\n  }\n\n  // It should throw when style is not an object\n  var div = document.createElement(\"DIV\");\n  try {\n    ReactDOM.render(<div style=\"mystyle\" />, div);\n  } catch (e) {\n    // The production build doesn't have the error message\n    test.matches(e.message, /^Minified exception/);\n  }\n});\n"]},"sourceType":"script","hash":"3e23901e87657831bf7fce294b72b4cc0cbcdd0a"}
