{"metadata":{},"options":{"plugins":[{"key":"base$0$0","visitor":{"Program":{"enter":[null]},"_exploded":true,"_verified":true},"options":{"generateLetDeclarations":true,"enforceStrictMode":false}},{"key":"transform-meteor-dynamic-import","visitor":{"_exploded":{},"_verified":{},"CallExpression":{"enter":[null]}},"options":{}},{"key":"base$0$2","visitor":{"CallExpression":{"enter":[null]},"BinaryExpression":{"enter":[null]},"MemberExpression":{"enter":[null],"exit":[null]},"_exploded":true,"_verified":true,"Identifier":{"enter":[null]},"JSXIdentifier":{"enter":[null]}},"options":{"polyfill":false,"useBuiltIns":false}},{"key":"base$0$3","visitor":{"_exploded":{},"_verified":{},"ClassDeclaration":{"enter":[null]},"ClassExpression":{"enter":[null]}},"options":{"loose":true}},{"key":"base$0$4","visitor":{"FunctionExpression":{"exit":[null]},"_exploded":true,"_verified":true},"options":{}},{"key":"base$0$5","visitor":{"ForInStatement":{"enter":[null]},"_exploded":true,"_verified":true},"options":{}},{"key":"base$0$6","visitor":{"Program":{"exit":[null]},"_exploded":true,"_verified":true},"options":{"allowTopLevelThis":true,"strictMode":false,"loose":true}},{"key":"base$0$1$0","visitor":{"_exploded":{},"_verified":{},"JSXNamespacedName":{"enter":[null]},"JSXElement":{"exit":[null]},"JSXFragment":{"exit":[null]},"Program":{"enter":[null],"exit":[null]},"JSXAttribute":{"enter":[null]}},"options":{"pragma":"React.createElement","pragmaFrag":"React.Fragment","throwIfNamespace":true,"useBuiltIns":false}},{"key":"base$0$1$1","visitor":{"_exploded":true,"_verified":true},"options":{}},{"key":"base$0$1$2","visitor":{"ExportDefaultDeclaration":{"enter":[null]},"CallExpression":{"enter":[null]},"_exploded":true,"_verified":true},"options":{}},{"key":"base$0$0$0","visitor":{"_exploded":true,"_verified":true},"options":{}},{"key":"base$0$0$1","visitor":{"_exploded":true,"_verified":true},"options":{}},{"key":"base$0$0$2","visitor":{"ArrowFunctionExpression":{"enter":[null]},"_exploded":true,"_verified":true},"options":{}},{"key":"base$0$0$3","visitor":{"BlockStatement":{"enter":[null]},"SwitchCase":{"enter":[null]},"_exploded":true,"_verified":true},"options":{}},{"key":"base$0$0$4","visitor":{"VariableDeclaration":{"enter":[null]},"CatchClause":{"enter":[null]},"_exploded":true,"BlockStatement":{"enter":[null]},"SwitchStatement":{"enter":[null]},"Program":{"enter":[null]},"_verified":true,"DoWhileStatement":{"enter":[null]},"ForInStatement":{"enter":[null]},"ForStatement":{"enter":[null]},"WhileStatement":{"enter":[null]},"ForOfStatement":{"enter":[null]}},"options":{}},{"key":"base$0$0$5","visitor":{"ExportDefaultDeclaration":{"enter":[null]},"ClassDeclaration":{"enter":[null]},"ClassExpression":{"enter":[null]},"_exploded":true,"_verified":true},"options":{"loose":true}},{"key":"base$0$0$6","visitor":{"ObjectExpression":{"exit":[null]},"_exploded":true,"_verified":true},"options":{"loose":true}},{"key":"base$0$0$7","visitor":{"ExportNamedDeclaration":{"enter":[null]},"CatchClause":{"enter":[null]},"AssignmentExpression":{"enter":[null]},"VariableDeclaration":{"enter":[null]},"_exploded":true,"_verified":true,"ForInStatement":{"enter":[null]},"ForOfStatement":{"enter":[null]}},"options":{}},{"key":"base$0$0$8","visitor":{"ForOfStatement":{"enter":[null]},"_exploded":true,"_verified":true},"options":{"loose":true}},{"key":"base$0$0$9","visitor":{"NumericLiteral":{"enter":[null]},"StringLiteral":{"enter":[null]},"_exploded":true,"_verified":true},"options":{}},{"key":"base$0$0$10","visitor":{"ObjectExpression":{"enter":[null]},"_exploded":true,"_verified":true},"options":{}},{"key":"base$0$0$11","visitor":{"_exploded":true,"_verified":true,"FunctionDeclaration":{"enter":[null]},"FunctionExpression":{"enter":[null]},"ObjectMethod":{"enter":[null]},"ArrowFunctionExpression":{"enter":[null]},"ClassMethod":{"enter":[null]}},"options":{}},{"key":"base$0$0$12","visitor":{"ObjectMethod":{"enter":[null]},"ObjectProperty":{"enter":[null]},"_exploded":true,"_verified":true},"options":{}},{"key":"base$0$0$13","visitor":{"ArrayExpression":{"enter":[null]},"CallExpression":{"enter":[null]},"NewExpression":{"enter":[null]},"_exploded":true,"_verified":true},"options":{}},{"key":"base$0$0$14","visitor":{"RegExpLiteral":{"enter":[null]},"_exploded":true,"_verified":true},"options":{}},{"key":"base$0$0$15","visitor":{"TaggedTemplateExpression":{"enter":[null]},"TemplateLiteral":{"enter":[null]},"_exploded":true,"_verified":true},"options":{"loose":true}},{"key":"base$0$0$16","visitor":{"UnaryExpression":{"enter":[null]},"_exploded":true,"_verified":true,"BlockStatement":{"enter":[null]},"CatchClause":{"enter":[null]},"DoWhileStatement":{"enter":[null]},"ForInStatement":{"enter":[null]},"ForStatement":{"enter":[null]},"FunctionDeclaration":{"enter":[null]},"FunctionExpression":{"enter":[null]},"Program":{"enter":[null]},"ObjectMethod":{"enter":[null]},"SwitchStatement":{"enter":[null]},"WhileStatement":{"enter":[null]},"ArrowFunctionExpression":{"enter":[null]},"ClassDeclaration":{"enter":[null]},"ClassExpression":{"enter":[null]},"ForOfStatement":{"enter":[null]},"ClassMethod":{"enter":[null]}},"options":{}},{"key":"base$0$0$17","visitor":{"RegExpLiteral":{"enter":[null]},"_exploded":true,"_verified":true},"options":{}},{"key":"base$0$0$18","visitor":{"_exploded":true,"_verified":true},"options":{}},{"key":"base$0$0$19","visitor":{"_exploded":{},"_verified":{},"VariableDeclarator":{"enter":[null]},"ExportNamedDeclaration":{"enter":[null]},"CatchClause":{"enter":[null]},"AssignmentExpression":{"enter":[null]},"ObjectExpression":{"enter":[null]},"FunctionDeclaration":{"enter":[null]},"FunctionExpression":{"enter":[null]},"ObjectMethod":{"enter":[null]},"ArrowFunctionExpression":{"enter":[null]},"ClassMethod":{"enter":[null]},"ForInStatement":{"enter":[null]},"ForOfStatement":{"enter":[null]}},"options":{}},{"key":"base$0$0$20","visitor":{"ObjectProperty":{"exit":[null]},"_exploded":true,"_verified":true},"options":{}},{"key":"base$0$0$21","visitor":{"_exploded":{},"_verified":{},"Program":{"enter":[null]},"ImportDeclaration":{"enter":[null,null]},"ClassProperty":{"enter":[null]},"AssignmentPattern":{"enter":[null]},"TypeCastExpression":{"enter":[null,null]},"ImportSpecifier":{"enter":[null]},"ClassDeclaration":{"enter":[null]},"ClassExpression":{"enter":[null]},"FunctionDeclaration":{"enter":[null]},"FunctionExpression":{"enter":[null]},"ObjectMethod":{"enter":[null]},"ArrowFunctionExpression":{"enter":[null]},"ClassMethod":{"enter":[null]},"AnyTypeAnnotation":{"enter":[null]},"ArrayTypeAnnotation":{"enter":[null]},"BooleanTypeAnnotation":{"enter":[null]},"BooleanLiteralTypeAnnotation":{"enter":[null]},"NullLiteralTypeAnnotation":{"enter":[null]},"ClassImplements":{"enter":[null]},"DeclareClass":{"enter":[null]},"DeclareFunction":{"enter":[null]},"DeclareInterface":{"enter":[null]},"DeclareModule":{"enter":[null]},"DeclareModuleExports":{"enter":[null]},"DeclareTypeAlias":{"enter":[null]},"DeclareOpaqueType":{"enter":[null]},"DeclareVariable":{"enter":[null]},"DeclareExportDeclaration":{"enter":[null]},"DeclareExportAllDeclaration":{"enter":[null]},"DeclaredPredicate":{"enter":[null]},"ExistsTypeAnnotation":{"enter":[null]},"FunctionTypeAnnotation":{"enter":[null]},"FunctionTypeParam":{"enter":[null]},"GenericTypeAnnotation":{"enter":[null]},"InferredPredicate":{"enter":[null]},"InterfaceExtends":{"enter":[null]},"InterfaceDeclaration":{"enter":[null]},"IntersectionTypeAnnotation":{"enter":[null]},"MixedTypeAnnotation":{"enter":[null]},"EmptyTypeAnnotation":{"enter":[null]},"NullableTypeAnnotation":{"enter":[null]},"NumberLiteralTypeAnnotation":{"enter":[null]},"NumberTypeAnnotation":{"enter":[null]},"ObjectTypeAnnotation":{"enter":[null]},"ObjectTypeCallProperty":{"enter":[null]},"ObjectTypeIndexer":{"enter":[null]},"ObjectTypeProperty":{"enter":[null]},"ObjectTypeSpreadProperty":{"enter":[null]},"OpaqueType":{"enter":[null]},"QualifiedTypeIdentifier":{"enter":[null]},"StringLiteralTypeAnnotation":{"enter":[null]},"StringTypeAnnotation":{"enter":[null]},"ThisTypeAnnotation":{"enter":[null]},"TupleTypeAnnotation":{"enter":[null]},"TypeofTypeAnnotation":{"enter":[null]},"TypeAlias":{"enter":[null]},"TypeAnnotation":{"enter":[null]},"TypeParameter":{"enter":[null]},"TypeParameterDeclaration":{"enter":[null]},"TypeParameterInstantiation":{"enter":[null]},"UnionTypeAnnotation":{"enter":[null]},"Variance":{"enter":[null]},"VoidTypeAnnotation":{"enter":[null]},"ExportAllDeclaration":{"enter":[null]},"ExportDefaultDeclaration":{"enter":[null]},"ExportNamedDeclaration":{"enter":[null]}},"options":{}},{"key":"base$0$0$22","visitor":{"AssignmentExpression":{"enter":[null]},"BinaryExpression":{"enter":[null]},"_exploded":true,"_verified":true},"options":{}},{"key":"base$0$0$23","visitor":{"_exploded":{},"_verified":{},"Program":{"enter":[null]}},"options":{}},{"key":"regenerator-transform","visitor":{"_exploded":true,"_verified":true,"FunctionDeclaration":{"exit":[null]},"FunctionExpression":{"exit":[null]},"ObjectMethod":{"exit":[null]},"ArrowFunctionExpression":{"exit":[null]},"ClassMethod":{"exit":[null]}},"options":{}}],"presets":[],"compact":false,"ast":true,"babelrc":false,"sourceFileName":"packages/check/isPlainObject.js","filename":"packages/check/isPlainObject.js","sourceMaps":true,"envName":"development","cwd":"/Users/administrator/Downloads/meteor-serverless-training/weather-info","passPerPreset":false,"parserOpts":{"sourceType":"module","sourceFileName":"packages/check/isPlainObject.js","plugins":["dynamicImport","classProperties","classPrivateProperties","jsx","jsx","flow","asyncGenerators","objectRestSpread","objectRestSpread","flow","asyncGenerators"]},"generatorOpts":{"filename":"packages/check/isPlainObject.js","comments":true,"compact":false,"sourceMaps":true,"sourceFileName":"packages/check/isPlainObject.js"}},"code":"module.export({\n  isPlainObject: function () {\n    return isPlainObject;\n  }\n});\n// Copy of jQuery.isPlainObject for the server side from jQuery v3.1.1.\nvar class2type = {};\nvar toString = class2type.toString;\nvar hasOwn = Object.prototype.hasOwnProperty;\nvar fnToString = hasOwn.toString;\nvar ObjectFunctionString = fnToString.call(Object);\nvar getProto = Object.getPrototypeOf;\n\nvar isPlainObject = function (obj) {\n  var proto;\n  var Ctor; // Detect obvious negatives\n  // Use toString instead of jQuery.type to catch host objects\n\n  if (!obj || toString.call(obj) !== '[object Object]') {\n    return false;\n  }\n\n  proto = getProto(obj); // Objects with no prototype (e.g., `Object.create( null )`) are plain\n\n  if (!proto) {\n    return true;\n  } // Objects with prototype are plain iff they were constructed by a global Object function\n\n\n  Ctor = hasOwn.call(proto, 'constructor') && proto.constructor;\n  return typeof Ctor === 'function' && fnToString.call(Ctor) === ObjectFunctionString;\n};","map":{"version":3,"sources":["packages/check/isPlainObject.js"],"names":["module","export","isPlainObject","class2type","toString","hasOwn","Object","prototype","hasOwnProperty","fnToString","ObjectFunctionString","call","getProto","getPrototypeOf","proto","Ctor","obj","constructor"],"mappings":"AAAAA,OAAOC,MAAP,CAAc;AAACC,iBAAc;AAAA,WAAIA,aAAJ;AAAA;AAAf,CAAd;AAAA;AAEA,IAAMC,aAAa,EAAnB;AAEA,IAAMC,WAAWD,WAAWC,QAA5B;AAEA,IAAMC,SAASC,OAAOC,SAAP,CAAiBC,cAAhC;AAEA,IAAMC,aAAaJ,OAAOD,QAA1B;AAEA,IAAMM,uBAAuBD,WAAWE,IAAX,CAAgBL,MAAhB,CAA7B;AAEA,IAAMM,WAAWN,OAAOO,cAAxB;;AAEO,IAAMX,gBAAgB,eAAO;AAClC,MAAIY,KAAJ;AACA,MAAIC,IAAJ,CAFkC,CAIlC;AACA;;AACA,MAAI,CAACC,GAAD,IAAQZ,SAASO,IAAT,CAAcK,GAAd,MAAuB,iBAAnC,EAAsD;AACpD,WAAO,KAAP;AACD;;AAEDF,UAAQF,SAASI,GAAT,CAAR,CAVkC,CAYlC;;AACA,MAAI,CAACF,KAAL,EAAY;AACV,WAAO,IAAP;AACD,GAfiC,CAiBlC;;;AACAC,SAAOV,OAAOM,IAAP,CAAYG,KAAZ,EAAmB,aAAnB,KAAqCA,MAAMG,WAAlD;AACA,SAAO,OAAOF,IAAP,KAAgB,UAAhB,IACLN,WAAWE,IAAX,CAAgBI,IAAhB,MAA0BL,oBAD5B;AAED,CArBM","sourcesContent":["// Copy of jQuery.isPlainObject for the server side from jQuery v3.1.1.\n\nconst class2type = {};\n\nconst toString = class2type.toString;\n\nconst hasOwn = Object.prototype.hasOwnProperty;\n\nconst fnToString = hasOwn.toString;\n\nconst ObjectFunctionString = fnToString.call(Object);\n\nconst getProto = Object.getPrototypeOf;\n\nexport const isPlainObject = obj => {\n  let proto;\n  let Ctor;\n\n  // Detect obvious negatives\n  // Use toString instead of jQuery.type to catch host objects\n  if (!obj || toString.call(obj) !== '[object Object]') {\n    return false;\n  }\n\n  proto = getProto(obj);\n\n  // Objects with no prototype (e.g., `Object.create( null )`) are plain\n  if (!proto) {\n    return true;\n  }\n\n  // Objects with prototype are plain iff they were constructed by a global Object function\n  Ctor = hasOwn.call(proto, 'constructor') && proto.constructor;\n  return typeof Ctor === 'function' && \n    fnToString.call(Ctor) === ObjectFunctionString;\n};\n"]},"sourceType":"script","hash":"53cdc12842719bbdc0237fbf4b21576d7bdb52be"}
