{"metadata":{},"options":{"plugins":[{"key":"base$0$0","visitor":{"Program":{"enter":[null]},"_exploded":true,"_verified":true},"options":{"generateLetDeclarations":true,"enforceStrictMode":false}},{"key":"transform-meteor-dynamic-import","visitor":{"_exploded":{},"_verified":{},"CallExpression":{"enter":[null]}},"options":{}},{"key":"base$0$2","visitor":{"CallExpression":{"enter":[null]},"BinaryExpression":{"enter":[null]},"MemberExpression":{"enter":[null],"exit":[null]},"_exploded":true,"_verified":true,"Identifier":{"enter":[null]},"JSXIdentifier":{"enter":[null]}},"options":{"polyfill":false,"useBuiltIns":false}},{"key":"base$0$3","visitor":{"_exploded":{},"_verified":{},"ClassDeclaration":{"enter":[null]},"ClassExpression":{"enter":[null]}},"options":{"loose":true}},{"key":"base$0$4","visitor":{"FunctionExpression":{"exit":[null]},"_exploded":true,"_verified":true},"options":{}},{"key":"base$0$5","visitor":{"ForInStatement":{"enter":[null]},"_exploded":true,"_verified":true},"options":{}},{"key":"base$0$6","visitor":{"Program":{"exit":[null]},"_exploded":true,"_verified":true},"options":{"allowTopLevelThis":true,"strictMode":false,"loose":true}},{"key":"base$0$1$0","visitor":{"_exploded":{},"_verified":{},"JSXNamespacedName":{"enter":[null]},"JSXElement":{"exit":[null]},"JSXFragment":{"exit":[null]},"Program":{"enter":[null],"exit":[null]},"JSXAttribute":{"enter":[null]}},"options":{"pragma":"React.createElement","pragmaFrag":"React.Fragment","throwIfNamespace":true,"useBuiltIns":false}},{"key":"base$0$1$1","visitor":{"_exploded":true,"_verified":true},"options":{}},{"key":"base$0$1$2","visitor":{"ExportDefaultDeclaration":{"enter":[null]},"CallExpression":{"enter":[null]},"_exploded":true,"_verified":true},"options":{}},{"key":"base$0$0$0","visitor":{"_exploded":true,"_verified":true},"options":{}},{"key":"base$0$0$1","visitor":{"_exploded":true,"_verified":true},"options":{}},{"key":"base$0$0$2","visitor":{"ArrowFunctionExpression":{"enter":[null]},"_exploded":true,"_verified":true},"options":{}},{"key":"base$0$0$3","visitor":{"BlockStatement":{"enter":[null]},"SwitchCase":{"enter":[null]},"_exploded":true,"_verified":true},"options":{}},{"key":"base$0$0$4","visitor":{"VariableDeclaration":{"enter":[null]},"CatchClause":{"enter":[null]},"_exploded":true,"BlockStatement":{"enter":[null]},"SwitchStatement":{"enter":[null]},"Program":{"enter":[null]},"_verified":true,"DoWhileStatement":{"enter":[null]},"ForInStatement":{"enter":[null]},"ForStatement":{"enter":[null]},"WhileStatement":{"enter":[null]},"ForOfStatement":{"enter":[null]}},"options":{}},{"key":"base$0$0$5","visitor":{"ExportDefaultDeclaration":{"enter":[null]},"ClassDeclaration":{"enter":[null]},"ClassExpression":{"enter":[null]},"_exploded":true,"_verified":true},"options":{"loose":true}},{"key":"base$0$0$6","visitor":{"ObjectExpression":{"exit":[null]},"_exploded":true,"_verified":true},"options":{"loose":true}},{"key":"base$0$0$7","visitor":{"ExportNamedDeclaration":{"enter":[null]},"CatchClause":{"enter":[null]},"AssignmentExpression":{"enter":[null]},"VariableDeclaration":{"enter":[null]},"_exploded":true,"_verified":true,"ForInStatement":{"enter":[null]},"ForOfStatement":{"enter":[null]}},"options":{}},{"key":"base$0$0$8","visitor":{"ForOfStatement":{"enter":[null]},"_exploded":true,"_verified":true},"options":{"loose":true}},{"key":"base$0$0$9","visitor":{"NumericLiteral":{"enter":[null]},"StringLiteral":{"enter":[null]},"_exploded":true,"_verified":true},"options":{}},{"key":"base$0$0$10","visitor":{"ObjectExpression":{"enter":[null]},"_exploded":true,"_verified":true},"options":{}},{"key":"base$0$0$11","visitor":{"_exploded":true,"_verified":true,"FunctionDeclaration":{"enter":[null]},"FunctionExpression":{"enter":[null]},"ObjectMethod":{"enter":[null]},"ArrowFunctionExpression":{"enter":[null]},"ClassMethod":{"enter":[null]}},"options":{}},{"key":"base$0$0$12","visitor":{"ObjectMethod":{"enter":[null]},"ObjectProperty":{"enter":[null]},"_exploded":true,"_verified":true},"options":{}},{"key":"base$0$0$13","visitor":{"ArrayExpression":{"enter":[null]},"CallExpression":{"enter":[null]},"NewExpression":{"enter":[null]},"_exploded":true,"_verified":true},"options":{}},{"key":"base$0$0$14","visitor":{"RegExpLiteral":{"enter":[null]},"_exploded":true,"_verified":true},"options":{}},{"key":"base$0$0$15","visitor":{"TaggedTemplateExpression":{"enter":[null]},"TemplateLiteral":{"enter":[null]},"_exploded":true,"_verified":true},"options":{"loose":true}},{"key":"base$0$0$16","visitor":{"UnaryExpression":{"enter":[null]},"_exploded":true,"_verified":true,"BlockStatement":{"enter":[null]},"CatchClause":{"enter":[null]},"DoWhileStatement":{"enter":[null]},"ForInStatement":{"enter":[null]},"ForStatement":{"enter":[null]},"FunctionDeclaration":{"enter":[null]},"FunctionExpression":{"enter":[null]},"Program":{"enter":[null]},"ObjectMethod":{"enter":[null]},"SwitchStatement":{"enter":[null]},"WhileStatement":{"enter":[null]},"ArrowFunctionExpression":{"enter":[null]},"ClassDeclaration":{"enter":[null]},"ClassExpression":{"enter":[null]},"ForOfStatement":{"enter":[null]},"ClassMethod":{"enter":[null]}},"options":{}},{"key":"base$0$0$17","visitor":{"RegExpLiteral":{"enter":[null]},"_exploded":true,"_verified":true},"options":{}},{"key":"base$0$0$18","visitor":{"_exploded":true,"_verified":true},"options":{}},{"key":"base$0$0$19","visitor":{"_exploded":{},"_verified":{},"VariableDeclarator":{"enter":[null]},"ExportNamedDeclaration":{"enter":[null]},"CatchClause":{"enter":[null]},"AssignmentExpression":{"enter":[null]},"ObjectExpression":{"enter":[null]},"FunctionDeclaration":{"enter":[null]},"FunctionExpression":{"enter":[null]},"ObjectMethod":{"enter":[null]},"ArrowFunctionExpression":{"enter":[null]},"ClassMethod":{"enter":[null]},"ForInStatement":{"enter":[null]},"ForOfStatement":{"enter":[null]}},"options":{}},{"key":"base$0$0$20","visitor":{"ObjectProperty":{"exit":[null]},"_exploded":true,"_verified":true},"options":{}},{"key":"base$0$0$21","visitor":{"_exploded":{},"_verified":{},"Program":{"enter":[null]},"ImportDeclaration":{"enter":[null,null]},"ClassProperty":{"enter":[null]},"AssignmentPattern":{"enter":[null]},"TypeCastExpression":{"enter":[null,null]},"ImportSpecifier":{"enter":[null]},"ClassDeclaration":{"enter":[null]},"ClassExpression":{"enter":[null]},"FunctionDeclaration":{"enter":[null]},"FunctionExpression":{"enter":[null]},"ObjectMethod":{"enter":[null]},"ArrowFunctionExpression":{"enter":[null]},"ClassMethod":{"enter":[null]},"AnyTypeAnnotation":{"enter":[null]},"ArrayTypeAnnotation":{"enter":[null]},"BooleanTypeAnnotation":{"enter":[null]},"BooleanLiteralTypeAnnotation":{"enter":[null]},"NullLiteralTypeAnnotation":{"enter":[null]},"ClassImplements":{"enter":[null]},"DeclareClass":{"enter":[null]},"DeclareFunction":{"enter":[null]},"DeclareInterface":{"enter":[null]},"DeclareModule":{"enter":[null]},"DeclareModuleExports":{"enter":[null]},"DeclareTypeAlias":{"enter":[null]},"DeclareOpaqueType":{"enter":[null]},"DeclareVariable":{"enter":[null]},"DeclareExportDeclaration":{"enter":[null]},"DeclareExportAllDeclaration":{"enter":[null]},"DeclaredPredicate":{"enter":[null]},"ExistsTypeAnnotation":{"enter":[null]},"FunctionTypeAnnotation":{"enter":[null]},"FunctionTypeParam":{"enter":[null]},"GenericTypeAnnotation":{"enter":[null]},"InferredPredicate":{"enter":[null]},"InterfaceExtends":{"enter":[null]},"InterfaceDeclaration":{"enter":[null]},"IntersectionTypeAnnotation":{"enter":[null]},"MixedTypeAnnotation":{"enter":[null]},"EmptyTypeAnnotation":{"enter":[null]},"NullableTypeAnnotation":{"enter":[null]},"NumberLiteralTypeAnnotation":{"enter":[null]},"NumberTypeAnnotation":{"enter":[null]},"ObjectTypeAnnotation":{"enter":[null]},"ObjectTypeCallProperty":{"enter":[null]},"ObjectTypeIndexer":{"enter":[null]},"ObjectTypeProperty":{"enter":[null]},"ObjectTypeSpreadProperty":{"enter":[null]},"OpaqueType":{"enter":[null]},"QualifiedTypeIdentifier":{"enter":[null]},"StringLiteralTypeAnnotation":{"enter":[null]},"StringTypeAnnotation":{"enter":[null]},"ThisTypeAnnotation":{"enter":[null]},"TupleTypeAnnotation":{"enter":[null]},"TypeofTypeAnnotation":{"enter":[null]},"TypeAlias":{"enter":[null]},"TypeAnnotation":{"enter":[null]},"TypeParameter":{"enter":[null]},"TypeParameterDeclaration":{"enter":[null]},"TypeParameterInstantiation":{"enter":[null]},"UnionTypeAnnotation":{"enter":[null]},"Variance":{"enter":[null]},"VoidTypeAnnotation":{"enter":[null]},"ExportAllDeclaration":{"enter":[null]},"ExportDefaultDeclaration":{"enter":[null]},"ExportNamedDeclaration":{"enter":[null]}},"options":{}},{"key":"base$0$0$22","visitor":{"AssignmentExpression":{"enter":[null]},"BinaryExpression":{"enter":[null]},"_exploded":true,"_verified":true},"options":{}},{"key":"base$0$0$23","visitor":{"_exploded":{},"_verified":{},"Program":{"enter":[null]}},"options":{}},{"key":"regenerator-transform","visitor":{"_exploded":true,"_verified":true,"FunctionDeclaration":{"exit":[null]},"FunctionExpression":{"exit":[null]},"ObjectMethod":{"exit":[null]},"ArrowFunctionExpression":{"exit":[null]},"ClassMethod":{"exit":[null]}},"options":{}}],"presets":[],"compact":false,"ast":true,"babelrc":false,"sourceFileName":"packages/react-runtime/react-runtime-dev-tests.jsx","filename":"packages/react-runtime/react-runtime-dev-tests.jsx","sourceMaps":true,"envName":"development","cwd":"/Users/administrator/Downloads/meteor-serverless-training/weather-info-react","passPerPreset":false,"parserOpts":{"sourceType":"module","sourceFileName":"packages/react-runtime/react-runtime-dev-tests.jsx","plugins":["dynamicImport","classProperties","classPrivateProperties","jsx","jsx","flow","asyncGenerators","objectRestSpread","objectRestSpread","flow","asyncGenerators"]},"generatorOpts":{"filename":"packages/react-runtime/react-runtime-dev-tests.jsx","comments":true,"compact":false,"sourceMaps":true,"sourceFileName":"packages/react-runtime/react-runtime-dev-tests.jsx"}},"code":"// Note that we can't run these tests right now due to https://github.com/meteor/meteor/issues/6401\n// But it's useful to have them here for reference (you can run them in a browser console in\n//   and app that includes this package)\nvar React = Package[\"react-runtime-dev\"].ReactDev;\nvar ReactDOM = Package[\"react-runtime-dev\"].ReactDOMDev;\nvar ComponentWithRequiredProp = React.createClass({\n  displayName: \"ComponentWithRequiredProp\",\n  propTypes: {\n    requiredString: React.PropTypes.string.isRequired\n  },\n  render: function () {\n    return React.createElement(\"div\", null, \"Nothing useful here...\");\n  }\n});\nTinytest.add('react-runtime-dev - is actually the development version', function (test) {\n  // Make sure we don't have debug-only addons\n  test.isNotUndefined(React.addons.TestUtils);\n  test.isNotUndefined(React.addons.Perf); // Check if we print an error to console about props\n\n  var error;\n  var oldError = console.error;\n\n  try {\n    console.error = function () {\n      function specialError(message) {\n        error = message;\n      }\n\n      return specialError;\n    }();\n\n    var div = document.createElement(\"DIV\");\n    ReactDOM.render(React.createElement(ComponentWithRequiredProp, null), div);\n    test.isNotUndefined(error);\n  } finally {\n    console.error = oldError;\n  } // It should throw when style is not an object\n\n\n  var div = document.createElement(\"DIV\");\n\n  try {\n    ReactDOM.render(React.createElement(\"div\", {\n      style: \"mystyle\"\n    }), div);\n  } catch (e) {\n    // The development build has the right error message\n    test.matches(e.message, /^Invariant Violation/);\n  }\n});","map":{"version":3,"sources":["packages/react-runtime/react-runtime-dev-tests.jsx"],"names":["React","Package","ReactDev","ReactDOM","ReactDOMDev","ComponentWithRequiredProp","createClass","propTypes","requiredString","PropTypes","string","isRequired","render","Tinytest","add","test","isNotUndefined","addons","TestUtils","Perf","error","oldError","console","specialError","message","div","document","createElement","e","matches"],"mappings":"AAAA;AACA;AACA;AAEA,IAAIA,QAAQC,QAAQ,mBAAR,EAA6BC,QAAzC;AACA,IAAIC,WAAWF,QAAQ,mBAAR,EAA6BG,WAA5C;AAEA,IAAIC,4BAA4BL,MAAMM,WAAN,CAAkB;AAAA;AAChDC,aAAW;AACTC,oBAAgBR,MAAMS,SAAN,CAAgBC,MAAhB,CAAuBC;AAD9B,GADqC;AAIhDC,QAJgD,cAIvC;AACP,WACE,0DADF;AAGD;AAR+C,CAAlB,CAAhC;AAWAC,SAASC,GAAT,CAAa,yDAAb,EAAwE,UAAUC,IAAV,EAAgB;AACtF;AACAA,OAAKC,cAAL,CAAoBhB,MAAMiB,MAAN,CAAaC,SAAjC;AACAH,OAAKC,cAAL,CAAoBhB,MAAMiB,MAAN,CAAaE,IAAjC,EAHsF,CAKtF;;AACA,MAAIC,KAAJ;AAEA,MAAIC,WAAWC,QAAQF,KAAvB;;AACA,MAAI;AACFE,YAAQF,KAAR;AAAgB,eAASG,YAAT,CAAsBC,OAAtB,EAA+B;AAC7CJ,gBAAQI,OAAR;AACD;;AAFD,aAAyBD,YAAzB;AAAA;;AAIA,QAAIE,MAAMC,SAASC,aAAT,CAAuB,KAAvB,CAAV;AACAxB,aAASS,MAAT,CAAgB,oBAAC,yBAAD,OAAhB,EAA+Ca,GAA/C;AAEAV,SAAKC,cAAL,CAAoBI,KAApB;AACD,GATD,SASU;AACRE,YAAQF,KAAR,GAAgBC,QAAhB;AACD,GApBqF,CAsBtF;;;AACA,MAAII,MAAMC,SAASC,aAAT,CAAuB,KAAvB,CAAV;;AACA,MAAI;AACFxB,aAASS,MAAT,CAAgB;AAAK,aAAM;AAAX,MAAhB,EAAyCa,GAAzC;AACD,GAFD,CAEE,OAAOG,CAAP,EAAU;AACV;AACAb,SAAKc,OAAL,CAAaD,EAAEJ,OAAf,EAAwB,sBAAxB;AACD;AACF,CA9BD","sourcesContent":["// Note that we can't run these tests right now due to https://github.com/meteor/meteor/issues/6401\n// But it's useful to have them here for reference (you can run them in a browser console in\n//   and app that includes this package)\n\nvar React = Package[\"react-runtime-dev\"].ReactDev;\nvar ReactDOM = Package[\"react-runtime-dev\"].ReactDOMDev;\n\nvar ComponentWithRequiredProp = React.createClass({\n  propTypes: {\n    requiredString: React.PropTypes.string.isRequired\n  },\n  render() {\n    return (\n      <div>Nothing useful here...</div>\n    );\n  }\n});\n\nTinytest.add('react-runtime-dev - is actually the development version', function (test) {\n  // Make sure we don't have debug-only addons\n  test.isNotUndefined(React.addons.TestUtils);\n  test.isNotUndefined(React.addons.Perf);\n\n  // Check if we print an error to console about props\n  let error;\n\n  var oldError = console.error;\n  try {\n    console.error = function specialError(message) {\n      error = message;\n    };\n\n    var div = document.createElement(\"DIV\");\n    ReactDOM.render(<ComponentWithRequiredProp />, div);\n\n    test.isNotUndefined(error);\n  } finally {\n    console.error = oldError;\n  }\n\n  // It should throw when style is not an object\n  var div = document.createElement(\"DIV\");\n  try {\n    ReactDOM.render(<div style=\"mystyle\" />, div);\n  } catch (e) {\n    // The development build has the right error message\n    test.matches(e.message, /^Invariant Violation/);\n  }\n});\n"]},"sourceType":"script","hash":"5b5a108037de2ac91d27e7693a1ea2b41626d372"}
