{"metadata":{},"options":{"plugins":[{"key":"base$1$0","visitor":{"_exploded":{},"_verified":{},"JSXNamespacedName":{"enter":[null]},"JSXElement":{"exit":[null]},"JSXFragment":{"exit":[null]},"Program":{"enter":[null],"exit":[null]},"JSXAttribute":{"enter":[null]}},"options":{"pragma":"React.createElement","pragmaFrag":"React.Fragment","throwIfNamespace":true,"useBuiltIns":false}},{"key":"base$1$1","visitor":{"_exploded":true,"_verified":true},"options":{}},{"key":"base$1$2","visitor":{"ExportDefaultDeclaration":{"enter":[null]},"CallExpression":{"enter":[null]},"_exploded":true,"_verified":true},"options":{}},{"key":"base$0$0","visitor":{"Program":{"enter":[null]},"_exploded":true,"_verified":true},"options":{"generateLetDeclarations":true,"enforceStrictMode":false}},{"key":"base$0$1","visitor":{"_exploded":true,"_verified":true},"options":{}},{"key":"base$0$2","visitor":{"_exploded":{},"_verified":{},"Program":{"enter":[null]},"ImportDeclaration":{"enter":[null,null]},"ClassProperty":{"enter":[null]},"AssignmentPattern":{"enter":[null]},"TypeCastExpression":{"enter":[null,null]},"ImportSpecifier":{"enter":[null]},"ClassDeclaration":{"enter":[null]},"ClassExpression":{"enter":[null]},"FunctionDeclaration":{"enter":[null]},"FunctionExpression":{"enter":[null]},"ObjectMethod":{"enter":[null]},"ArrowFunctionExpression":{"enter":[null]},"ClassMethod":{"enter":[null]},"AnyTypeAnnotation":{"enter":[null]},"ArrayTypeAnnotation":{"enter":[null]},"BooleanTypeAnnotation":{"enter":[null]},"BooleanLiteralTypeAnnotation":{"enter":[null]},"NullLiteralTypeAnnotation":{"enter":[null]},"ClassImplements":{"enter":[null]},"DeclareClass":{"enter":[null]},"DeclareFunction":{"enter":[null]},"DeclareInterface":{"enter":[null]},"DeclareModule":{"enter":[null]},"DeclareModuleExports":{"enter":[null]},"DeclareTypeAlias":{"enter":[null]},"DeclareOpaqueType":{"enter":[null]},"DeclareVariable":{"enter":[null]},"DeclareExportDeclaration":{"enter":[null]},"DeclareExportAllDeclaration":{"enter":[null]},"DeclaredPredicate":{"enter":[null]},"ExistsTypeAnnotation":{"enter":[null]},"FunctionTypeAnnotation":{"enter":[null]},"FunctionTypeParam":{"enter":[null]},"GenericTypeAnnotation":{"enter":[null]},"InferredPredicate":{"enter":[null]},"InterfaceExtends":{"enter":[null]},"InterfaceDeclaration":{"enter":[null]},"IntersectionTypeAnnotation":{"enter":[null]},"MixedTypeAnnotation":{"enter":[null]},"EmptyTypeAnnotation":{"enter":[null]},"NullableTypeAnnotation":{"enter":[null]},"NumberLiteralTypeAnnotation":{"enter":[null]},"NumberTypeAnnotation":{"enter":[null]},"ObjectTypeAnnotation":{"enter":[null]},"ObjectTypeCallProperty":{"enter":[null]},"ObjectTypeIndexer":{"enter":[null]},"ObjectTypeProperty":{"enter":[null]},"ObjectTypeSpreadProperty":{"enter":[null]},"OpaqueType":{"enter":[null]},"QualifiedTypeIdentifier":{"enter":[null]},"StringLiteralTypeAnnotation":{"enter":[null]},"StringTypeAnnotation":{"enter":[null]},"ThisTypeAnnotation":{"enter":[null]},"TupleTypeAnnotation":{"enter":[null]},"TypeofTypeAnnotation":{"enter":[null]},"TypeAlias":{"enter":[null]},"TypeAnnotation":{"enter":[null]},"TypeParameter":{"enter":[null]},"TypeParameterDeclaration":{"enter":[null]},"TypeParameterInstantiation":{"enter":[null]},"UnionTypeAnnotation":{"enter":[null]},"Variance":{"enter":[null]},"VoidTypeAnnotation":{"enter":[null]},"ExportAllDeclaration":{"enter":[null]},"ExportDefaultDeclaration":{"enter":[null]},"ExportNamedDeclaration":{"enter":[null]}},"options":{}},{"key":"base$0$3","visitor":{"CallExpression":{"enter":[null]},"BinaryExpression":{"enter":[null]},"MemberExpression":{"enter":[null],"exit":[null]},"_exploded":true,"_verified":true,"Identifier":{"enter":[null]},"JSXIdentifier":{"enter":[null]}},"options":{"polyfill":false,"useBuiltIns":true}},{"key":"base$0$4","visitor":{"_exploded":true,"_verified":true},"options":{}},{"key":"base$0$5","visitor":{"_exploded":{},"_verified":{},"VariableDeclarator":{"enter":[null]},"ExportNamedDeclaration":{"enter":[null]},"CatchClause":{"enter":[null]},"AssignmentExpression":{"enter":[null]},"ObjectExpression":{"enter":[null]},"FunctionDeclaration":{"enter":[null]},"FunctionExpression":{"enter":[null]},"ObjectMethod":{"enter":[null]},"ArrowFunctionExpression":{"enter":[null]},"ClassMethod":{"enter":[null]},"ForInStatement":{"enter":[null]},"ForOfStatement":{"enter":[null]}},"options":{}},{"key":"transform-meteor-async-await","visitor":{"AwaitExpression":{"enter":[null]},"_exploded":true,"_verified":true,"FunctionDeclaration":{"exit":[null]},"FunctionExpression":{"exit":[null]},"ObjectMethod":{"exit":[null]},"ArrowFunctionExpression":{"exit":[null]},"ClassMethod":{"exit":[null]}},"options":{"useNativeAsyncAwait":false}},{"key":"transform-meteor-dynamic-import","visitor":{"_exploded":{},"_verified":{},"CallExpression":{"enter":[null]}},"options":{}},{"key":"base$0$8","visitor":{"_exploded":{},"_verified":{},"Program":{"enter":[null]}},"options":{}},{"key":"base$0$9","visitor":{"Program":{"exit":[null]},"_exploded":true,"_verified":true},"options":{"allowTopLevelThis":true,"strictMode":false,"loose":true}},{"key":"base$0$10","visitor":{"_exploded":{},"_verified":{},"ClassDeclaration":{"enter":[null]},"ClassExpression":{"enter":[null]}},"options":{"loose":true}}],"compact":false,"ast":true,"babelrc":false,"sourceFileName":"packages/react-meteor-data/react-meteor-data.jsx","filename":"packages/react-meteor-data/react-meteor-data.jsx","sourceMaps":true,"envName":"development","cwd":"/Users/administrator/Downloads/meteor-serverless-training/weather-info-react","passPerPreset":false,"presets":[],"parserOpts":{"sourceType":"module","sourceFileName":"packages/react-meteor-data/react-meteor-data.jsx","plugins":["jsx","jsx","flow","flow","objectRestSpread","objectRestSpread","dynamicImport","asyncGenerators","classProperties","classPrivateProperties"]},"generatorOpts":{"filename":"packages/react-meteor-data/react-meteor-data.jsx","comments":true,"compact":false,"sourceMaps":true,"sourceFileName":"packages/react-meteor-data/react-meteor-data.jsx"}},"code":"let checkNpmVersions;\nmodule.watch(require(\"meteor/tmeasday:check-npm-versions\"), {\n  checkNpmVersions(v) {\n    checkNpmVersions = v;\n  }\n\n}, 0);\nmodule.watch(require(\"./createContainer.jsx\"), {\n  default(v) {\n    exports.createContainer = v;\n  }\n\n}, 1);\nmodule.watch(require(\"./ReactMeteorData.jsx\"), {\n  default(v) {\n    exports.withTracker = v;\n  }\n\n}, 2);\nmodule.watch(require(\"./ReactMeteorData.jsx\"), {\n  ReactMeteorData(v) {\n    exports.ReactMeteorData = v;\n  }\n\n}, 3);\ncheckNpmVersions({\n  react: '15.3 - 16'\n}, 'react-meteor-data');","map":{"version":3,"sources":["packages/react-meteor-data/react-meteor-data.jsx"],"names":["checkNpmVersions","module","watch","require","v","default","exports","createContainer","withTracker","ReactMeteorData","react"],"mappings":"AAAA,IAAIA,gBAAJ;AAAqBC,OAAOC,KAAP,CAAaC,QAAQ,oCAAR,CAAb,EAA2D;AAACH,mBAAiBI,CAAjB,EAAmB;AAACJ,uBAAiBI,CAAjB;AAAmB;;AAAxC,CAA3D,EAAqG,CAArG;AAAwGH,OAAOC,KAAP,CAAaC,QAAQ,uBAAR,CAAb,EAA8C;AAACE,UAAQD,CAAR,EAAU;AAACE,YAAQC,eAAR,GAAwBH,CAAxB;AAA0B;;AAAtC,CAA9C,EAAsF,CAAtF;AAAyFH,OAAOC,KAAP,CAAaC,QAAQ,uBAAR,CAAb,EAA8C;AAACE,UAAQD,CAAR,EAAU;AAACE,YAAQE,WAAR,GAAoBJ,CAApB;AAAsB;;AAAlC,CAA9C,EAAkF,CAAlF;AAAqFH,OAAOC,KAAP,CAAaC,QAAQ,uBAAR,CAAb,EAA8C;AAACM,kBAAgBL,CAAhB,EAAkB;AAACE,YAAQG,eAAR,GAAwBL,CAAxB;AAA0B;;AAA9C,CAA9C,EAA8F,CAA9F;AAE3SJ,iBAAiB;AACfU,SAAO;AADQ,CAAjB,EAEG,mBAFH","sourcesContent":["import { checkNpmVersions } from 'meteor/tmeasday:check-npm-versions';\n\ncheckNpmVersions({\n  react: '15.3 - 16',\n}, 'react-meteor-data');\n\nexport { default as createContainer } from './createContainer.jsx';\nexport { default as withTracker } from './ReactMeteorData.jsx';\nexport { ReactMeteorData } from './ReactMeteorData.jsx';\n"]},"sourceType":"script","hash":"602c6ef9bc1ce5e94bb1fc2300fded8a5fa74598"}
