{"metadata":{},"options":{"plugins":[{"key":"base$1$0","visitor":{"_exploded":{},"_verified":{},"JSXNamespacedName":{"enter":[null]},"JSXElement":{"exit":[null]},"JSXFragment":{"exit":[null]},"Program":{"enter":[null],"exit":[null]},"JSXAttribute":{"enter":[null]}},"options":{"pragma":"React.createElement","pragmaFrag":"React.Fragment","throwIfNamespace":true,"useBuiltIns":false}},{"key":"base$1$1","visitor":{"_exploded":true,"_verified":true},"options":{}},{"key":"base$1$2","visitor":{"ExportDefaultDeclaration":{"enter":[null]},"CallExpression":{"enter":[null]},"_exploded":true,"_verified":true},"options":{}},{"key":"base$0$0","visitor":{"Program":{"enter":[null]},"_exploded":true,"_verified":true},"options":{"generateLetDeclarations":true,"enforceStrictMode":false}},{"key":"base$0$1","visitor":{"_exploded":true,"_verified":true},"options":{}},{"key":"base$0$2","visitor":{"_exploded":{},"_verified":{},"Program":{"enter":[null]},"ImportDeclaration":{"enter":[null,null]},"ClassProperty":{"enter":[null]},"AssignmentPattern":{"enter":[null]},"TypeCastExpression":{"enter":[null,null]},"ImportSpecifier":{"enter":[null]},"ClassDeclaration":{"enter":[null]},"ClassExpression":{"enter":[null]},"FunctionDeclaration":{"enter":[null]},"FunctionExpression":{"enter":[null]},"ObjectMethod":{"enter":[null]},"ArrowFunctionExpression":{"enter":[null]},"ClassMethod":{"enter":[null]},"AnyTypeAnnotation":{"enter":[null]},"ArrayTypeAnnotation":{"enter":[null]},"BooleanTypeAnnotation":{"enter":[null]},"BooleanLiteralTypeAnnotation":{"enter":[null]},"NullLiteralTypeAnnotation":{"enter":[null]},"ClassImplements":{"enter":[null]},"DeclareClass":{"enter":[null]},"DeclareFunction":{"enter":[null]},"DeclareInterface":{"enter":[null]},"DeclareModule":{"enter":[null]},"DeclareModuleExports":{"enter":[null]},"DeclareTypeAlias":{"enter":[null]},"DeclareOpaqueType":{"enter":[null]},"DeclareVariable":{"enter":[null]},"DeclareExportDeclaration":{"enter":[null]},"DeclareExportAllDeclaration":{"enter":[null]},"DeclaredPredicate":{"enter":[null]},"ExistsTypeAnnotation":{"enter":[null]},"FunctionTypeAnnotation":{"enter":[null]},"FunctionTypeParam":{"enter":[null]},"GenericTypeAnnotation":{"enter":[null]},"InferredPredicate":{"enter":[null]},"InterfaceExtends":{"enter":[null]},"InterfaceDeclaration":{"enter":[null]},"IntersectionTypeAnnotation":{"enter":[null]},"MixedTypeAnnotation":{"enter":[null]},"EmptyTypeAnnotation":{"enter":[null]},"NullableTypeAnnotation":{"enter":[null]},"NumberLiteralTypeAnnotation":{"enter":[null]},"NumberTypeAnnotation":{"enter":[null]},"ObjectTypeAnnotation":{"enter":[null]},"ObjectTypeCallProperty":{"enter":[null]},"ObjectTypeIndexer":{"enter":[null]},"ObjectTypeProperty":{"enter":[null]},"ObjectTypeSpreadProperty":{"enter":[null]},"OpaqueType":{"enter":[null]},"QualifiedTypeIdentifier":{"enter":[null]},"StringLiteralTypeAnnotation":{"enter":[null]},"StringTypeAnnotation":{"enter":[null]},"ThisTypeAnnotation":{"enter":[null]},"TupleTypeAnnotation":{"enter":[null]},"TypeofTypeAnnotation":{"enter":[null]},"TypeAlias":{"enter":[null]},"TypeAnnotation":{"enter":[null]},"TypeParameter":{"enter":[null]},"TypeParameterDeclaration":{"enter":[null]},"TypeParameterInstantiation":{"enter":[null]},"UnionTypeAnnotation":{"enter":[null]},"Variance":{"enter":[null]},"VoidTypeAnnotation":{"enter":[null]},"ExportAllDeclaration":{"enter":[null]},"ExportDefaultDeclaration":{"enter":[null]},"ExportNamedDeclaration":{"enter":[null]}},"options":{}},{"key":"base$0$3","visitor":{"CallExpression":{"enter":[null]},"BinaryExpression":{"enter":[null]},"MemberExpression":{"enter":[null],"exit":[null]},"_exploded":true,"_verified":true,"Identifier":{"enter":[null]},"JSXIdentifier":{"enter":[null]}},"options":{"polyfill":false,"useBuiltIns":true}},{"key":"base$0$4","visitor":{"_exploded":true,"_verified":true},"options":{}},{"key":"base$0$5","visitor":{"_exploded":{},"_verified":{},"VariableDeclarator":{"enter":[null]},"ExportNamedDeclaration":{"enter":[null]},"CatchClause":{"enter":[null]},"AssignmentExpression":{"enter":[null]},"ObjectExpression":{"enter":[null]},"FunctionDeclaration":{"enter":[null]},"FunctionExpression":{"enter":[null]},"ObjectMethod":{"enter":[null]},"ArrowFunctionExpression":{"enter":[null]},"ClassMethod":{"enter":[null]},"ForInStatement":{"enter":[null]},"ForOfStatement":{"enter":[null]}},"options":{}},{"key":"transform-meteor-async-await","visitor":{"AwaitExpression":{"enter":[null]},"_exploded":true,"_verified":true,"FunctionDeclaration":{"exit":[null]},"FunctionExpression":{"exit":[null]},"ObjectMethod":{"exit":[null]},"ArrowFunctionExpression":{"exit":[null]},"ClassMethod":{"exit":[null]}},"options":{"useNativeAsyncAwait":false}},{"key":"transform-meteor-dynamic-import","visitor":{"_exploded":{},"_verified":{},"CallExpression":{"enter":[null]}},"options":{}},{"key":"base$0$8","visitor":{"_exploded":{},"_verified":{},"Program":{"enter":[null]}},"options":{}},{"key":"base$0$9","visitor":{"Program":{"exit":[null]},"_exploded":true,"_verified":true},"options":{"allowTopLevelThis":true,"strictMode":false,"loose":true}},{"key":"base$0$10","visitor":{"_exploded":{},"_verified":{},"ClassDeclaration":{"enter":[null]},"ClassExpression":{"enter":[null]}},"options":{"loose":true}}],"compact":false,"ast":true,"babelrc":false,"sourceFileName":"packages/tmeasday:check-npm-versions/check-npm-versions.js","filename":"packages/tmeasday:check-npm-versions/check-npm-versions.js","sourceMaps":true,"envName":"development","cwd":"/Users/administrator/Downloads/meteor-serverless-training/weather-info-react","passPerPreset":false,"presets":[],"parserOpts":{"sourceType":"module","sourceFileName":"packages/tmeasday:check-npm-versions/check-npm-versions.js","plugins":["jsx","jsx","flow","flow","objectRestSpread","objectRestSpread","dynamicImport","asyncGenerators","classProperties","classPrivateProperties"]},"generatorOpts":{"filename":"packages/tmeasday:check-npm-versions/check-npm-versions.js","comments":true,"compact":false,"sourceMaps":true,"sourceFileName":"packages/tmeasday:check-npm-versions/check-npm-versions.js"}},"code":"const module1 = module;\nmodule1.export({\n  checkNpmVersions: () => checkNpmVersions\n});\nlet semver;\nmodule1.watch(require(\"semver\"), {\n  default(v) {\n    semver = v;\n  }\n\n}, 0);\n\n// Returns:\n//   - true      if a version of the package in the range is installed\n//   - false     if no version is installed\n//   - version#  if incompatible version is installed\nconst compatibleVersionIsInstalled = (name, range) => {\n  try {\n    const installedVersion = require(`${name}/package.json`).version;\n\n    if (semver.satisfies(installedVersion, range)) {\n      return true;\n    } else {\n      return installedVersion;\n    }\n  } catch (e) {\n    // XXX add something to the tool to make this more reliable\n    const message = e.toString(); // One message comes out of the install npm package the other from npm directly\n\n    if (message.match(\"Cannot find module\") || message.match(\"Can't find npm module\")) {\n      return false;\n    } else {\n      throw e;\n    }\n  }\n};\n\nconst checkNpmVersions = (packages, packageName) => {\n  const failures = {};\n  Object.keys(packages).forEach(name => {\n    const range = packages[name];\n    const failure = compatibleVersionIsInstalled(name, range);\n\n    if (failure !== true) {\n      failures[name] = failure;\n    }\n  });\n\n  if (Object.keys(failures).length === 0) {\n    return true;\n  }\n\n  const errors = [];\n  Object.keys(failures).forEach(name => {\n    const installed = failures[name];\n    const requirement = `${name}@${packages[name]}`;\n\n    if (installed) {\n      errors.push(` - ${name}@${installed} installed, ${requirement} needed`);\n    } else {\n      errors.push(` - ${name}@${packages[name]} not installed.`);\n    }\n  });\n  const qualifier = packageName ? `(for ${packageName}) ` : '';\n  console.warn(`WARNING: npm peer requirements ${qualifier}not installed:\n${errors.join('\\n')}\n\nRead more about installing npm peer dependencies:\n  http://guide.meteor.com/using-packages.html#peer-npm-dependencies\n`);\n};","map":{"version":3,"sources":["packages/tmeasday:check-npm-versions/check-npm-versions.js"],"names":["module1","module","export","checkNpmVersions","semver","watch","require","default","v","compatibleVersionIsInstalled","name","range","installedVersion","version","satisfies","e","message","toString","match","packages","packageName","failures","Object","keys","forEach","failure","length","errors","installed","requirement","push","qualifier","console","warn","join"],"mappings":"AAAA,MAAMA,UAAQC,MAAd;AAAqBD,QAAQE,MAAR,CAAe;AAACC,oBAAiB,MAAIA;AAAtB,CAAf;AAAwD,IAAIC,MAAJ;AAAWJ,QAAQK,KAAR,CAAcC,QAAQ,QAAR,CAAd,EAAgC;AAACC,UAAQC,CAAR,EAAU;AAACJ,aAAOI,CAAP;AAAS;;AAArB,CAAhC,EAAuD,CAAvD;;AAExF;AACA;AACA;AACA;AACA,MAAMC,+BAA+B,CAACC,IAAD,EAAOC,KAAP,KAAiB;AACpD,MAAI;AACF,UAAMC,mBAAmBN,QAAS,GAAEI,IAAK,eAAhB,EAAgCG,OAAzD;;AACA,QAAIT,OAAOU,SAAP,CAAiBF,gBAAjB,EAAmCD,KAAnC,CAAJ,EAA+C;AAC7C,aAAO,IAAP;AACD,KAFD,MAEO;AACL,aAAOC,gBAAP;AACD;AACF,GAPD,CAOE,OAAOG,CAAP,EAAU;AACV;AACA,UAAMC,UAAUD,EAAEE,QAAF,EAAhB,CAFU,CAGV;;AACA,QAAID,QAAQE,KAAR,CAAc,oBAAd,KAAuCF,QAAQE,KAAR,CAAc,uBAAd,CAA3C,EAAmF;AACjF,aAAO,KAAP;AACD,KAFD,MAEO;AACL,YAAMH,CAAN;AACD;AACF;AACF,CAlBD;;AAoBO,MAAMZ,mBAAmB,CAACgB,QAAD,EAAWC,WAAX,KAA2B;AACzD,QAAMC,WAAW,EAAjB;AAEAC,SAAOC,IAAP,CAAYJ,QAAZ,EAAsBK,OAAtB,CAA+Bd,IAAD,IAAU;AACtC,UAAMC,QAAQQ,SAAST,IAAT,CAAd;AACA,UAAMe,UAAUhB,6BAA6BC,IAA7B,EAAmCC,KAAnC,CAAhB;;AAEA,QAAIc,YAAY,IAAhB,EAAsB;AACpBJ,eAASX,IAAT,IAAiBe,OAAjB;AACD;AACF,GAPD;;AASA,MAAIH,OAAOC,IAAP,CAAYF,QAAZ,EAAsBK,MAAtB,KAAiC,CAArC,EAAwC;AACtC,WAAO,IAAP;AACD;;AAED,QAAMC,SAAS,EAAf;AAEAL,SAAOC,IAAP,CAAYF,QAAZ,EAAsBG,OAAtB,CAA+Bd,IAAD,IAAU;AACtC,UAAMkB,YAAYP,SAASX,IAAT,CAAlB;AACA,UAAMmB,cAAe,GAAEnB,IAAK,IAAGS,SAAST,IAAT,CAAe,EAA9C;;AAEA,QAAIkB,SAAJ,EAAe;AACbD,aAAOG,IAAP,CAAa,MAAKpB,IAAK,IAAGkB,SAAU,eAAcC,WAAY,SAA9D;AACD,KAFD,MAEO;AACLF,aAAOG,IAAP,CAAa,MAAKpB,IAAK,IAAGS,SAAST,IAAT,CAAe,iBAAzC;AACD;AACF,GATD;AAWA,QAAMqB,YAAYX,cAAe,QAAOA,WAAY,IAAlC,GAAwC,EAA1D;AACAY,UAAQC,IAAR,CAAc,kCAAiCF,SAAU;EACzDJ,OAAOO,IAAP,CAAY,IAAZ,CAAkB;;;;CADlB;AAMD,CApCM","sourcesContent":["import semver from 'semver';\n\n// Returns:\n//   - true      if a version of the package in the range is installed\n//   - false     if no version is installed\n//   - version#  if incompatible version is installed\nconst compatibleVersionIsInstalled = (name, range) => {\n  try {\n    const installedVersion = require(`${name}/package.json`).version;\n    if (semver.satisfies(installedVersion, range)) {\n      return true;\n    } else {\n      return installedVersion;\n    }\n  } catch (e) {\n    // XXX add something to the tool to make this more reliable\n    const message = e.toString();\n    // One message comes out of the install npm package the other from npm directly\n    if (message.match(\"Cannot find module\") || message.match(\"Can't find npm module\")) {\n      return false;\n    } else {\n      throw e;\n    }\n  }\n};\n\nexport const checkNpmVersions = (packages, packageName) => {\n  const failures = {};\n\n  Object.keys(packages).forEach((name) => {\n    const range = packages[name];\n    const failure = compatibleVersionIsInstalled(name, range);\n\n    if (failure !== true) {\n      failures[name] = failure;\n    }\n  });\n\n  if (Object.keys(failures).length === 0) {\n    return true;\n  }\n\n  const errors = [];\n\n  Object.keys(failures).forEach((name) => {\n    const installed = failures[name];\n    const requirement = `${name}@${packages[name]}`;\n\n    if (installed) {\n      errors.push(` - ${name}@${installed} installed, ${requirement} needed`);\n    } else {\n      errors.push(` - ${name}@${packages[name]} not installed.`);\n    }\n  });\n\n  const qualifier = packageName ? `(for ${packageName}) ` : '';\n  console.warn(`WARNING: npm peer requirements ${qualifier}not installed:\n${errors.join('\\n')}\n\nRead more about installing npm peer dependencies:\n  http://guide.meteor.com/using-packages.html#peer-npm-dependencies\n`);\n};\n"]},"sourceType":"script","hash":"60bb32e34c9028498be4ec51c41fbeba4f01de9e"}
