{"metadata":{},"options":{"plugins":[{"key":"base$0$0","visitor":{"Program":{"enter":[null]},"_exploded":true,"_verified":true},"options":{"generateLetDeclarations":true,"enforceStrictMode":false}},{"key":"transform-meteor-dynamic-import","visitor":{"_exploded":{},"_verified":{},"CallExpression":{"enter":[null]}},"options":{}},{"key":"base$0$2","visitor":{"CallExpression":{"enter":[null]},"BinaryExpression":{"enter":[null]},"MemberExpression":{"enter":[null],"exit":[null]},"_exploded":true,"_verified":true,"Identifier":{"enter":[null]},"JSXIdentifier":{"enter":[null]}},"options":{"polyfill":false,"useBuiltIns":false}},{"key":"base$0$3","visitor":{"_exploded":{},"_verified":{},"ClassDeclaration":{"enter":[null]},"ClassExpression":{"enter":[null]}},"options":{"loose":true}},{"key":"base$0$4","visitor":{"FunctionExpression":{"exit":[null]},"_exploded":true,"_verified":true},"options":{}},{"key":"base$0$5","visitor":{"ForInStatement":{"enter":[null]},"_exploded":true,"_verified":true},"options":{}},{"key":"base$0$6","visitor":{"Program":{"exit":[null]},"_exploded":true,"_verified":true},"options":{"allowTopLevelThis":true,"strictMode":false,"loose":true}},{"key":"base$0$1$0","visitor":{"_exploded":{},"_verified":{},"JSXNamespacedName":{"enter":[null]},"JSXElement":{"exit":[null]},"JSXFragment":{"exit":[null]},"Program":{"enter":[null],"exit":[null]},"JSXAttribute":{"enter":[null]}},"options":{"pragma":"React.createElement","pragmaFrag":"React.Fragment","throwIfNamespace":true,"useBuiltIns":false}},{"key":"base$0$1$1","visitor":{"_exploded":true,"_verified":true},"options":{}},{"key":"base$0$1$2","visitor":{"ExportDefaultDeclaration":{"enter":[null]},"CallExpression":{"enter":[null]},"_exploded":true,"_verified":true},"options":{}},{"key":"base$0$0$0","visitor":{"_exploded":true,"_verified":true},"options":{}},{"key":"base$0$0$1","visitor":{"_exploded":true,"_verified":true},"options":{}},{"key":"base$0$0$2","visitor":{"ArrowFunctionExpression":{"enter":[null]},"_exploded":true,"_verified":true},"options":{}},{"key":"base$0$0$3","visitor":{"BlockStatement":{"enter":[null]},"SwitchCase":{"enter":[null]},"_exploded":true,"_verified":true},"options":{}},{"key":"base$0$0$4","visitor":{"VariableDeclaration":{"enter":[null]},"CatchClause":{"enter":[null]},"_exploded":true,"BlockStatement":{"enter":[null]},"SwitchStatement":{"enter":[null]},"Program":{"enter":[null]},"_verified":true,"DoWhileStatement":{"enter":[null]},"ForInStatement":{"enter":[null]},"ForStatement":{"enter":[null]},"WhileStatement":{"enter":[null]},"ForOfStatement":{"enter":[null]}},"options":{}},{"key":"base$0$0$5","visitor":{"ExportDefaultDeclaration":{"enter":[null]},"ClassDeclaration":{"enter":[null]},"ClassExpression":{"enter":[null]},"_exploded":true,"_verified":true},"options":{"loose":true}},{"key":"base$0$0$6","visitor":{"ObjectExpression":{"exit":[null]},"_exploded":true,"_verified":true},"options":{"loose":true}},{"key":"base$0$0$7","visitor":{"ExportNamedDeclaration":{"enter":[null]},"CatchClause":{"enter":[null]},"AssignmentExpression":{"enter":[null]},"VariableDeclaration":{"enter":[null]},"_exploded":true,"_verified":true,"ForInStatement":{"enter":[null]},"ForOfStatement":{"enter":[null]}},"options":{}},{"key":"base$0$0$8","visitor":{"ForOfStatement":{"enter":[null]},"_exploded":true,"_verified":true},"options":{"loose":true}},{"key":"base$0$0$9","visitor":{"NumericLiteral":{"enter":[null]},"StringLiteral":{"enter":[null]},"_exploded":true,"_verified":true},"options":{}},{"key":"base$0$0$10","visitor":{"ObjectExpression":{"enter":[null]},"_exploded":true,"_verified":true},"options":{}},{"key":"base$0$0$11","visitor":{"_exploded":true,"_verified":true,"FunctionDeclaration":{"enter":[null]},"FunctionExpression":{"enter":[null]},"ObjectMethod":{"enter":[null]},"ArrowFunctionExpression":{"enter":[null]},"ClassMethod":{"enter":[null]}},"options":{}},{"key":"base$0$0$12","visitor":{"ObjectMethod":{"enter":[null]},"ObjectProperty":{"enter":[null]},"_exploded":true,"_verified":true},"options":{}},{"key":"base$0$0$13","visitor":{"ArrayExpression":{"enter":[null]},"CallExpression":{"enter":[null]},"NewExpression":{"enter":[null]},"_exploded":true,"_verified":true},"options":{}},{"key":"base$0$0$14","visitor":{"RegExpLiteral":{"enter":[null]},"_exploded":true,"_verified":true},"options":{}},{"key":"base$0$0$15","visitor":{"TaggedTemplateExpression":{"enter":[null]},"TemplateLiteral":{"enter":[null]},"_exploded":true,"_verified":true},"options":{"loose":true}},{"key":"base$0$0$16","visitor":{"UnaryExpression":{"enter":[null]},"_exploded":true,"_verified":true,"BlockStatement":{"enter":[null]},"CatchClause":{"enter":[null]},"DoWhileStatement":{"enter":[null]},"ForInStatement":{"enter":[null]},"ForStatement":{"enter":[null]},"FunctionDeclaration":{"enter":[null]},"FunctionExpression":{"enter":[null]},"Program":{"enter":[null]},"ObjectMethod":{"enter":[null]},"SwitchStatement":{"enter":[null]},"WhileStatement":{"enter":[null]},"ArrowFunctionExpression":{"enter":[null]},"ClassDeclaration":{"enter":[null]},"ClassExpression":{"enter":[null]},"ForOfStatement":{"enter":[null]},"ClassMethod":{"enter":[null]}},"options":{}},{"key":"base$0$0$17","visitor":{"RegExpLiteral":{"enter":[null]},"_exploded":true,"_verified":true},"options":{}},{"key":"base$0$0$18","visitor":{"_exploded":true,"_verified":true},"options":{}},{"key":"base$0$0$19","visitor":{"_exploded":{},"_verified":{},"VariableDeclarator":{"enter":[null]},"ExportNamedDeclaration":{"enter":[null]},"CatchClause":{"enter":[null]},"AssignmentExpression":{"enter":[null]},"ObjectExpression":{"enter":[null]},"FunctionDeclaration":{"enter":[null]},"FunctionExpression":{"enter":[null]},"ObjectMethod":{"enter":[null]},"ArrowFunctionExpression":{"enter":[null]},"ClassMethod":{"enter":[null]},"ForInStatement":{"enter":[null]},"ForOfStatement":{"enter":[null]}},"options":{}},{"key":"base$0$0$20","visitor":{"ObjectProperty":{"exit":[null]},"_exploded":true,"_verified":true},"options":{}},{"key":"base$0$0$21","visitor":{"_exploded":{},"_verified":{},"Program":{"enter":[null]},"ImportDeclaration":{"enter":[null,null]},"ClassProperty":{"enter":[null]},"AssignmentPattern":{"enter":[null]},"TypeCastExpression":{"enter":[null,null]},"ImportSpecifier":{"enter":[null]},"ClassDeclaration":{"enter":[null]},"ClassExpression":{"enter":[null]},"FunctionDeclaration":{"enter":[null]},"FunctionExpression":{"enter":[null]},"ObjectMethod":{"enter":[null]},"ArrowFunctionExpression":{"enter":[null]},"ClassMethod":{"enter":[null]},"AnyTypeAnnotation":{"enter":[null]},"ArrayTypeAnnotation":{"enter":[null]},"BooleanTypeAnnotation":{"enter":[null]},"BooleanLiteralTypeAnnotation":{"enter":[null]},"NullLiteralTypeAnnotation":{"enter":[null]},"ClassImplements":{"enter":[null]},"DeclareClass":{"enter":[null]},"DeclareFunction":{"enter":[null]},"DeclareInterface":{"enter":[null]},"DeclareModule":{"enter":[null]},"DeclareModuleExports":{"enter":[null]},"DeclareTypeAlias":{"enter":[null]},"DeclareOpaqueType":{"enter":[null]},"DeclareVariable":{"enter":[null]},"DeclareExportDeclaration":{"enter":[null]},"DeclareExportAllDeclaration":{"enter":[null]},"DeclaredPredicate":{"enter":[null]},"ExistsTypeAnnotation":{"enter":[null]},"FunctionTypeAnnotation":{"enter":[null]},"FunctionTypeParam":{"enter":[null]},"GenericTypeAnnotation":{"enter":[null]},"InferredPredicate":{"enter":[null]},"InterfaceExtends":{"enter":[null]},"InterfaceDeclaration":{"enter":[null]},"IntersectionTypeAnnotation":{"enter":[null]},"MixedTypeAnnotation":{"enter":[null]},"EmptyTypeAnnotation":{"enter":[null]},"NullableTypeAnnotation":{"enter":[null]},"NumberLiteralTypeAnnotation":{"enter":[null]},"NumberTypeAnnotation":{"enter":[null]},"ObjectTypeAnnotation":{"enter":[null]},"ObjectTypeCallProperty":{"enter":[null]},"ObjectTypeIndexer":{"enter":[null]},"ObjectTypeProperty":{"enter":[null]},"ObjectTypeSpreadProperty":{"enter":[null]},"OpaqueType":{"enter":[null]},"QualifiedTypeIdentifier":{"enter":[null]},"StringLiteralTypeAnnotation":{"enter":[null]},"StringTypeAnnotation":{"enter":[null]},"ThisTypeAnnotation":{"enter":[null]},"TupleTypeAnnotation":{"enter":[null]},"TypeofTypeAnnotation":{"enter":[null]},"TypeAlias":{"enter":[null]},"TypeAnnotation":{"enter":[null]},"TypeParameter":{"enter":[null]},"TypeParameterDeclaration":{"enter":[null]},"TypeParameterInstantiation":{"enter":[null]},"UnionTypeAnnotation":{"enter":[null]},"Variance":{"enter":[null]},"VoidTypeAnnotation":{"enter":[null]},"ExportAllDeclaration":{"enter":[null]},"ExportDefaultDeclaration":{"enter":[null]},"ExportNamedDeclaration":{"enter":[null]}},"options":{}},{"key":"base$0$0$22","visitor":{"AssignmentExpression":{"enter":[null]},"BinaryExpression":{"enter":[null]},"_exploded":true,"_verified":true},"options":{}},{"key":"base$0$0$23","visitor":{"_exploded":{},"_verified":{},"Program":{"enter":[null]}},"options":{}},{"key":"regenerator-transform","visitor":{"_exploded":true,"_verified":true,"FunctionDeclaration":{"exit":[null]},"FunctionExpression":{"exit":[null]},"ObjectMethod":{"exit":[null]},"ArrowFunctionExpression":{"exit":[null]},"ClassMethod":{"exit":[null]}},"options":{}}],"presets":[],"compact":false,"ast":true,"babelrc":false,"sourceFileName":"client/main.js","filename":"client/main.js","sourceMaps":true,"envName":"development","cwd":"/Users/administrator/Downloads/meteor-serverless-training/weather-info-react","passPerPreset":false,"parserOpts":{"sourceType":"module","sourceFileName":"client/main.js","plugins":["dynamicImport","classProperties","classPrivateProperties","jsx","jsx","flow","asyncGenerators","objectRestSpread","objectRestSpread","flow","asyncGenerators"]},"generatorOpts":{"filename":"client/main.js","comments":true,"compact":false,"sourceMaps":true,"sourceFileName":"client/main.js"}},"code":"var _interopRequireDefault = require(\"@babel/runtime/helpers/interopRequireDefault\");\n\nvar _inheritsLoose2 = _interopRequireDefault(require(\"@babel/runtime/helpers/inheritsLoose\"));\n\nvar Template;\nmodule.watch(require(\"meteor/templating\"), {\n  Template: function (v) {\n    Template = v;\n  }\n}, 0);\nvar React, Component;\nmodule.watch(require(\"react\"), {\n  \"default\": function (v) {\n    React = v;\n  },\n  Component: function (v) {\n    Component = v;\n  }\n}, 1);\nvar ReactDOM;\nmodule.watch(require(\"react-dom\"), {\n  \"default\": function (v) {\n    ReactDOM = v;\n  }\n}, 2);\nmodule.watch(require(\"./main.html\"));\nvar get;\nmodule.watch(require(\"lodash/get\"), {\n  \"default\": function (v) {\n    get = v;\n  }\n}, 3);\nTemplate.zip.onCreated(function () {\n  this.details = new ReactiveVar();\n  this.zipcode = new ReactiveVar();\n});\nTemplate.zip.helpers({\n  details: function () {\n    return Template.instance().details.get();\n  },\n  zipcode: function () {\n    return Template.instance().zipcode.get();\n  }\n});\nTemplate.zip.events({\n  'click button': function (event, template) {\n    var zipcode = parseInt(template.find(\"#zipcode\").value);\n    check(zipcode, Number);\n    /* Meteor.call(\"getWeather\",zipcode, function(err, res){console.log(res);\n      if(err){\n        alert(err.reason);\n      }else{\n        template.details.set(res);\n        template.zipcode.set(zipcode);\n      }\n    }); */\n\n    ReactDOM.render(React.createElement(App, null), document.getElementById('weather'));\n  }\n});\n\nvar Todo =\n/*#__PURE__*/\nfunction (_Component) {\n  function Todo(props) {\n    return _Component.call(this, props) || this;\n  }\n\n  var _proto = Todo.prototype;\n\n  _proto.render = function () {\n    function render() {\n      return React.createElement(\"div\", null, \"Hello World\");\n    }\n\n    return render;\n  }();\n\n  (0, _inheritsLoose2.default)(Todo, _Component);\n  return Todo;\n}(Component);\n\nmodule.exportDefault(Todo);","map":{"version":3,"sources":["client/main.js"],"names":["Template","module","watch","require","v","React","Component","ReactDOM","get","zip","onCreated","details","ReactiveVar","zipcode","helpers","instance","events","event","template","parseInt","find","value","check","Number","render","document","getElementById","Todo","props","exportDefault"],"mappings":";;;;AAAA,IAAIA,QAAJ;AAAaC,OAAOC,KAAP,CAAaC,QAAQ,mBAAR,CAAb,EAA0C;AAACH,UAAD,YAAUI,CAAV,EAAY;AAACJ,eAASI,CAAT;AAAW;AAAxB,CAA1C,EAAoE,CAApE;AAAuE,IAAIC,KAAJ,EAAUC,SAAV;AAAoBL,OAAOC,KAAP,CAAaC,QAAQ,OAAR,CAAb,EAA8B;AAAA,uBAASC,CAAT,EAAW;AAACC,YAAMD,CAAN;AAAQ,GAApB;AAAqBE,WAArB,YAA+BF,CAA/B,EAAiC;AAACE,gBAAUF,CAAV;AAAY;AAA9C,CAA9B,EAA8E,CAA9E;AAAiF,IAAIG,QAAJ;AAAaN,OAAOC,KAAP,CAAaC,QAAQ,WAAR,CAAb,EAAkC;AAAA,uBAASC,CAAT,EAAW;AAACG,eAASH,CAAT;AAAW;AAAvB,CAAlC,EAA2D,CAA3D;AAA8DH,OAAOC,KAAP,CAAaC,QAAQ,aAAR,CAAb;AAAqC,IAAIK,GAAJ;AAAQP,OAAOC,KAAP,CAAaC,QAAQ,YAAR,CAAb,EAAmC;AAAA,uBAASC,CAAT,EAAW;AAACI,UAAIJ,CAAJ;AAAM;AAAlB,CAAnC,EAAuD,CAAvD;AAKjTJ,SAASS,GAAT,CAAaC,SAAb,CAAuB,YAAU;AAC/B,OAAKC,OAAL,GAAe,IAAIC,WAAJ,EAAf;AACA,OAAKC,OAAL,GAAe,IAAID,WAAJ,EAAf;AACD,CAHD;AAIAZ,SAASS,GAAT,CAAaK,OAAb,CAAqB;AACnBH,WAAS,YAAW;AAClB,WAAOX,SAASe,QAAT,GAAoBJ,OAApB,CAA4BH,GAA5B,EAAP;AACD,GAHkB;AAInBK,WAAS,YAAW;AAClB,WAAOb,SAASe,QAAT,GAAoBF,OAApB,CAA4BL,GAA5B,EAAP;AACD;AANkB,CAArB;AAQAR,SAASS,GAAT,CAAaO,MAAb,CAAoB;AAClB,gBADkB,YACHC,KADG,EACIC,QADJ,EACc;AAC9B,QAAML,UAAUM,SAASD,SAASE,IAAT,CAAc,UAAd,EAA0BC,KAAnC,CAAhB;AACAC,UAAMT,OAAN,EAAeU,MAAf;AACA;;;;;;;;;AAQAhB,aAASiB,MAAT,CAAgB,oBAAC,GAAD,OAAhB,EAAyBC,SAASC,cAAT,CAAwB,SAAxB,CAAzB;AAED;AAdiB,CAApB;;IAgBMC,I;;;AACJ,gBAAYC,KAAZ,EAAmB;AAAA,WACjB,sBAAMA,KAAN,CADiB;AAElB;;;;SACDJ,M;sBAAS;AACP,aACE,+CADF;AAKD;;;;;;;EAVgBlB,S;;AAjCnBL,OAAO4B,aAAP,CA8CeF,IA9Cf","sourcesContent":["import { Template } from 'meteor/templating';\nimport React, { Component } from 'react';\nimport ReactDOM from 'react-dom'\nimport './main.html';\nimport get from 'lodash/get';\nTemplate.zip.onCreated(function(){\n  this.details = new ReactiveVar();\n  this.zipcode = new ReactiveVar();\n});\nTemplate.zip.helpers({\n  details: function() {\n    return Template.instance().details.get();\n  },\n  zipcode: function() {\n    return Template.instance().zipcode.get();\n  }\n});\nTemplate.zip.events({\n  'click button'(event, template) {\n    const zipcode = parseInt(template.find(\"#zipcode\").value);\n    check(zipcode, Number);\n    /* Meteor.call(\"getWeather\",zipcode, function(err, res){console.log(res);\n      if(err){\n        alert(err.reason);\n      }else{\n        template.details.set(res);\n        template.zipcode.set(zipcode);\n      }\n    }); */\n    ReactDOM.render(<App />, document.getElementById('weather'));\n    \n  },\n});\nclass Todo extends Component {\n  constructor(props) {\n    super(props);\n  }\n  render() {\n    return (\n      <div>\n        Hello World\n      </div>\n    );\n  }\n}\n\nexport default Todo;\n\n\n\n\n\n"]},"sourceType":"script","hash":"612c0b0caec57b24eb63265c36c544d72eaec6e8"}
