{"metadata":{},"options":{"plugins":[{"key":"base$1$0","visitor":{"_exploded":{},"_verified":{},"JSXNamespacedName":{"enter":[null]},"JSXElement":{"exit":[null]},"JSXFragment":{"exit":[null]},"Program":{"enter":[null],"exit":[null]},"JSXAttribute":{"enter":[null]}},"options":{"pragma":"React.createElement","pragmaFrag":"React.Fragment","throwIfNamespace":true,"useBuiltIns":false}},{"key":"base$1$1","visitor":{"_exploded":true,"_verified":true},"options":{}},{"key":"base$1$2","visitor":{"ExportDefaultDeclaration":{"enter":[null]},"CallExpression":{"enter":[null]},"_exploded":true,"_verified":true},"options":{}},{"key":"base$0$0","visitor":{"Program":{"enter":[null]},"_exploded":true,"_verified":true},"options":{"generateLetDeclarations":true,"enforceStrictMode":false}},{"key":"base$0$1","visitor":{"_exploded":true,"_verified":true},"options":{}},{"key":"base$0$2","visitor":{"_exploded":{},"_verified":{},"Program":{"enter":[null]},"ImportDeclaration":{"enter":[null,null]},"ClassProperty":{"enter":[null]},"AssignmentPattern":{"enter":[null]},"TypeCastExpression":{"enter":[null,null]},"ImportSpecifier":{"enter":[null]},"ClassDeclaration":{"enter":[null]},"ClassExpression":{"enter":[null]},"FunctionDeclaration":{"enter":[null]},"FunctionExpression":{"enter":[null]},"ObjectMethod":{"enter":[null]},"ArrowFunctionExpression":{"enter":[null]},"ClassMethod":{"enter":[null]},"AnyTypeAnnotation":{"enter":[null]},"ArrayTypeAnnotation":{"enter":[null]},"BooleanTypeAnnotation":{"enter":[null]},"BooleanLiteralTypeAnnotation":{"enter":[null]},"NullLiteralTypeAnnotation":{"enter":[null]},"ClassImplements":{"enter":[null]},"DeclareClass":{"enter":[null]},"DeclareFunction":{"enter":[null]},"DeclareInterface":{"enter":[null]},"DeclareModule":{"enter":[null]},"DeclareModuleExports":{"enter":[null]},"DeclareTypeAlias":{"enter":[null]},"DeclareOpaqueType":{"enter":[null]},"DeclareVariable":{"enter":[null]},"DeclareExportDeclaration":{"enter":[null]},"DeclareExportAllDeclaration":{"enter":[null]},"DeclaredPredicate":{"enter":[null]},"ExistsTypeAnnotation":{"enter":[null]},"FunctionTypeAnnotation":{"enter":[null]},"FunctionTypeParam":{"enter":[null]},"GenericTypeAnnotation":{"enter":[null]},"InferredPredicate":{"enter":[null]},"InterfaceExtends":{"enter":[null]},"InterfaceDeclaration":{"enter":[null]},"IntersectionTypeAnnotation":{"enter":[null]},"MixedTypeAnnotation":{"enter":[null]},"EmptyTypeAnnotation":{"enter":[null]},"NullableTypeAnnotation":{"enter":[null]},"NumberLiteralTypeAnnotation":{"enter":[null]},"NumberTypeAnnotation":{"enter":[null]},"ObjectTypeAnnotation":{"enter":[null]},"ObjectTypeCallProperty":{"enter":[null]},"ObjectTypeIndexer":{"enter":[null]},"ObjectTypeProperty":{"enter":[null]},"ObjectTypeSpreadProperty":{"enter":[null]},"OpaqueType":{"enter":[null]},"QualifiedTypeIdentifier":{"enter":[null]},"StringLiteralTypeAnnotation":{"enter":[null]},"StringTypeAnnotation":{"enter":[null]},"ThisTypeAnnotation":{"enter":[null]},"TupleTypeAnnotation":{"enter":[null]},"TypeofTypeAnnotation":{"enter":[null]},"TypeAlias":{"enter":[null]},"TypeAnnotation":{"enter":[null]},"TypeParameter":{"enter":[null]},"TypeParameterDeclaration":{"enter":[null]},"TypeParameterInstantiation":{"enter":[null]},"UnionTypeAnnotation":{"enter":[null]},"Variance":{"enter":[null]},"VoidTypeAnnotation":{"enter":[null]},"ExportAllDeclaration":{"enter":[null]},"ExportDefaultDeclaration":{"enter":[null]},"ExportNamedDeclaration":{"enter":[null]}},"options":{}},{"key":"base$0$3","visitor":{"CallExpression":{"enter":[null]},"BinaryExpression":{"enter":[null]},"MemberExpression":{"enter":[null],"exit":[null]},"_exploded":true,"_verified":true,"Identifier":{"enter":[null]},"JSXIdentifier":{"enter":[null]}},"options":{"polyfill":false,"useBuiltIns":true}},{"key":"base$0$4","visitor":{"_exploded":true,"_verified":true},"options":{}},{"key":"base$0$5","visitor":{"_exploded":{},"_verified":{},"VariableDeclarator":{"enter":[null]},"ExportNamedDeclaration":{"enter":[null]},"CatchClause":{"enter":[null]},"AssignmentExpression":{"enter":[null]},"ObjectExpression":{"enter":[null]},"FunctionDeclaration":{"enter":[null]},"FunctionExpression":{"enter":[null]},"ObjectMethod":{"enter":[null]},"ArrowFunctionExpression":{"enter":[null]},"ClassMethod":{"enter":[null]},"ForInStatement":{"enter":[null]},"ForOfStatement":{"enter":[null]}},"options":{}},{"key":"transform-meteor-async-await","visitor":{"AwaitExpression":{"enter":[null]},"_exploded":true,"_verified":true,"FunctionDeclaration":{"exit":[null]},"FunctionExpression":{"exit":[null]},"ObjectMethod":{"exit":[null]},"ArrowFunctionExpression":{"exit":[null]},"ClassMethod":{"exit":[null]}},"options":{"useNativeAsyncAwait":false}},{"key":"transform-meteor-dynamic-import","visitor":{"_exploded":{},"_verified":{},"CallExpression":{"enter":[null]}},"options":{}},{"key":"base$0$8","visitor":{"_exploded":{},"_verified":{},"Program":{"enter":[null]}},"options":{}},{"key":"base$0$9","visitor":{"Program":{"exit":[null]},"_exploded":true,"_verified":true},"options":{"allowTopLevelThis":true,"strictMode":false,"loose":true}},{"key":"base$0$10","visitor":{"_exploded":{},"_verified":{},"ClassDeclaration":{"enter":[null]},"ClassExpression":{"enter":[null]}},"options":{"loose":true}}],"compact":false,"ast":true,"babelrc":false,"sourceFileName":"packages/react-meteor-data/createContainer.jsx","filename":"packages/react-meteor-data/createContainer.jsx","sourceMaps":true,"envName":"development","cwd":"/Users/administrator/Downloads/meteor-serverless-training/weather-info-react","passPerPreset":false,"presets":[],"parserOpts":{"sourceType":"module","sourceFileName":"packages/react-meteor-data/createContainer.jsx","plugins":["jsx","jsx","flow","flow","objectRestSpread","objectRestSpread","dynamicImport","asyncGenerators","classProperties","classPrivateProperties"]},"generatorOpts":{"filename":"packages/react-meteor-data/createContainer.jsx","comments":true,"compact":false,"sourceMaps":true,"sourceFileName":"packages/react-meteor-data/createContainer.jsx"}},"code":"module.export({\n  default: () => createContainer\n});\nlet Meteor;\nmodule.watch(require(\"meteor/meteor\"), {\n  Meteor(v) {\n    Meteor = v;\n  }\n\n}, 0);\nlet React;\nmodule.watch(require(\"react\"), {\n  default(v) {\n    React = v;\n  }\n\n}, 1);\nlet connect;\nmodule.watch(require(\"./ReactMeteorData.jsx\"), {\n  default(v) {\n    connect = v;\n  }\n\n}, 2);\nlet hasDisplayedWarning = false;\n\nfunction createContainer(options, Component) {\n  if (!hasDisplayedWarning && Meteor.isDevelopment) {\n    console.warn('Warning: createContainer was deprecated in react-meteor-data@0.2.13. Use withTracker instead.\\n' + 'https://github.com/meteor/react-packages/tree/devel/packages/react-meteor-data#usage');\n    hasDisplayedWarning = true;\n  }\n\n  return connect(options)(Component);\n}","map":{"version":3,"sources":["packages/react-meteor-data/createContainer.jsx"],"names":["module","export","default","createContainer","Meteor","watch","require","v","React","connect","hasDisplayedWarning","options","Component","isDevelopment","console","warn"],"mappings":"AAAAA,OAAOC,MAAP,CAAc;AAACC,WAAQ,MAAIC;AAAb,CAAd;AAA6C,IAAIC,MAAJ;AAAWJ,OAAOK,KAAP,CAAaC,QAAQ,eAAR,CAAb,EAAsC;AAACF,SAAOG,CAAP,EAAS;AAACH,aAAOG,CAAP;AAAS;;AAApB,CAAtC,EAA4D,CAA5D;AAA+D,IAAIC,KAAJ;AAAUR,OAAOK,KAAP,CAAaC,QAAQ,OAAR,CAAb,EAA8B;AAACJ,UAAQK,CAAR,EAAU;AAACC,YAAMD,CAAN;AAAQ;;AAApB,CAA9B,EAAoD,CAApD;AAAuD,IAAIE,OAAJ;AAAYT,OAAOK,KAAP,CAAaC,QAAQ,uBAAR,CAAb,EAA8C;AAACJ,UAAQK,CAAR,EAAU;AAACE,cAAQF,CAAR;AAAU;;AAAtB,CAA9C,EAAsE,CAAtE;AAQpM,IAAIG,sBAAsB,KAA1B;;AAEe,SAASP,eAAT,CAAyBQ,OAAzB,EAAkCC,SAAlC,EAA6C;AAC1D,MAAI,CAACF,mBAAD,IAAwBN,OAAOS,aAAnC,EAAkD;AAChDC,YAAQC,IAAR,CACE,oGACE,sFAFJ;AAIAL,0BAAsB,IAAtB;AACD;;AAED,SAAOD,QAAQE,OAAR,EAAiBC,SAAjB,CAAP;AACD","sourcesContent":["/**\n * Container helper using react-meteor-data.\n */\n\nimport { Meteor } from 'meteor/meteor';\nimport React from 'react';\nimport connect from './ReactMeteorData.jsx';\n\nlet hasDisplayedWarning = false;\n\nexport default function createContainer(options, Component) {\n  if (!hasDisplayedWarning && Meteor.isDevelopment) {\n    console.warn(\n      'Warning: createContainer was deprecated in react-meteor-data@0.2.13. Use withTracker instead.\\n' +\n        'https://github.com/meteor/react-packages/tree/devel/packages/react-meteor-data#usage',\n    );\n    hasDisplayedWarning = true;\n  }\n\n  return connect(options)(Component);\n}\n"]},"sourceType":"script","hash":"63447291ae087e1947e75c83123246a0bf993652"}
