{"metadata":{},"options":{"plugins":[{"key":"base$1$0","visitor":{"_exploded":{},"_verified":{},"JSXNamespacedName":{"enter":[null]},"JSXElement":{"exit":[null]},"JSXFragment":{"exit":[null]},"Program":{"enter":[null],"exit":[null]},"JSXAttribute":{"enter":[null]}},"options":{"pragma":"React.createElement","pragmaFrag":"React.Fragment","throwIfNamespace":true,"useBuiltIns":false}},{"key":"base$1$1","visitor":{"_exploded":true,"_verified":true},"options":{}},{"key":"base$1$2","visitor":{"ExportDefaultDeclaration":{"enter":[null]},"CallExpression":{"enter":[null]},"_exploded":true,"_verified":true},"options":{}},{"key":"base$0$0","visitor":{"Program":{"enter":[null]},"_exploded":true,"_verified":true},"options":{"generateLetDeclarations":true,"enforceStrictMode":false}},{"key":"base$0$1","visitor":{"_exploded":true,"_verified":true},"options":{}},{"key":"base$0$2","visitor":{"_exploded":{},"_verified":{},"Program":{"enter":[null]},"ImportDeclaration":{"enter":[null,null]},"ClassProperty":{"enter":[null]},"AssignmentPattern":{"enter":[null]},"TypeCastExpression":{"enter":[null,null]},"ImportSpecifier":{"enter":[null]},"ClassDeclaration":{"enter":[null]},"ClassExpression":{"enter":[null]},"FunctionDeclaration":{"enter":[null]},"FunctionExpression":{"enter":[null]},"ObjectMethod":{"enter":[null]},"ArrowFunctionExpression":{"enter":[null]},"ClassMethod":{"enter":[null]},"AnyTypeAnnotation":{"enter":[null]},"ArrayTypeAnnotation":{"enter":[null]},"BooleanTypeAnnotation":{"enter":[null]},"BooleanLiteralTypeAnnotation":{"enter":[null]},"NullLiteralTypeAnnotation":{"enter":[null]},"ClassImplements":{"enter":[null]},"DeclareClass":{"enter":[null]},"DeclareFunction":{"enter":[null]},"DeclareInterface":{"enter":[null]},"DeclareModule":{"enter":[null]},"DeclareModuleExports":{"enter":[null]},"DeclareTypeAlias":{"enter":[null]},"DeclareOpaqueType":{"enter":[null]},"DeclareVariable":{"enter":[null]},"DeclareExportDeclaration":{"enter":[null]},"DeclareExportAllDeclaration":{"enter":[null]},"DeclaredPredicate":{"enter":[null]},"ExistsTypeAnnotation":{"enter":[null]},"FunctionTypeAnnotation":{"enter":[null]},"FunctionTypeParam":{"enter":[null]},"GenericTypeAnnotation":{"enter":[null]},"InferredPredicate":{"enter":[null]},"InterfaceExtends":{"enter":[null]},"InterfaceDeclaration":{"enter":[null]},"IntersectionTypeAnnotation":{"enter":[null]},"MixedTypeAnnotation":{"enter":[null]},"EmptyTypeAnnotation":{"enter":[null]},"NullableTypeAnnotation":{"enter":[null]},"NumberLiteralTypeAnnotation":{"enter":[null]},"NumberTypeAnnotation":{"enter":[null]},"ObjectTypeAnnotation":{"enter":[null]},"ObjectTypeCallProperty":{"enter":[null]},"ObjectTypeIndexer":{"enter":[null]},"ObjectTypeProperty":{"enter":[null]},"ObjectTypeSpreadProperty":{"enter":[null]},"OpaqueType":{"enter":[null]},"QualifiedTypeIdentifier":{"enter":[null]},"StringLiteralTypeAnnotation":{"enter":[null]},"StringTypeAnnotation":{"enter":[null]},"ThisTypeAnnotation":{"enter":[null]},"TupleTypeAnnotation":{"enter":[null]},"TypeofTypeAnnotation":{"enter":[null]},"TypeAlias":{"enter":[null]},"TypeAnnotation":{"enter":[null]},"TypeParameter":{"enter":[null]},"TypeParameterDeclaration":{"enter":[null]},"TypeParameterInstantiation":{"enter":[null]},"UnionTypeAnnotation":{"enter":[null]},"Variance":{"enter":[null]},"VoidTypeAnnotation":{"enter":[null]},"ExportAllDeclaration":{"enter":[null]},"ExportDefaultDeclaration":{"enter":[null]},"ExportNamedDeclaration":{"enter":[null]}},"options":{}},{"key":"base$0$3","visitor":{"CallExpression":{"enter":[null]},"BinaryExpression":{"enter":[null]},"MemberExpression":{"enter":[null],"exit":[null]},"_exploded":true,"_verified":true,"Identifier":{"enter":[null]},"JSXIdentifier":{"enter":[null]}},"options":{"polyfill":false,"useBuiltIns":true}},{"key":"base$0$4","visitor":{"_exploded":true,"_verified":true},"options":{}},{"key":"base$0$5","visitor":{"_exploded":{},"_verified":{},"VariableDeclarator":{"enter":[null]},"ExportNamedDeclaration":{"enter":[null]},"CatchClause":{"enter":[null]},"AssignmentExpression":{"enter":[null]},"ObjectExpression":{"enter":[null]},"FunctionDeclaration":{"enter":[null]},"FunctionExpression":{"enter":[null]},"ObjectMethod":{"enter":[null]},"ArrowFunctionExpression":{"enter":[null]},"ClassMethod":{"enter":[null]},"ForInStatement":{"enter":[null]},"ForOfStatement":{"enter":[null]}},"options":{}},{"key":"transform-meteor-async-await","visitor":{"AwaitExpression":{"enter":[null]},"_exploded":true,"_verified":true,"FunctionDeclaration":{"exit":[null]},"FunctionExpression":{"exit":[null]},"ObjectMethod":{"exit":[null]},"ArrowFunctionExpression":{"exit":[null]},"ClassMethod":{"exit":[null]}},"options":{"useNativeAsyncAwait":false}},{"key":"transform-meteor-dynamic-import","visitor":{"_exploded":{},"_verified":{},"CallExpression":{"enter":[null]}},"options":{}},{"key":"base$0$8","visitor":{"_exploded":{},"_verified":{},"Program":{"enter":[null]}},"options":{}},{"key":"base$0$9","visitor":{"Program":{"exit":[null]},"_exploded":true,"_verified":true},"options":{"allowTopLevelThis":true,"strictMode":false,"loose":true}},{"key":"base$0$10","visitor":{"_exploded":{},"_verified":{},"ClassDeclaration":{"enter":[null]},"ClassExpression":{"enter":[null]}},"options":{"loose":true}}],"compact":false,"ast":true,"babelrc":false,"sourceFileName":"packages/react-runtime/react-runtime.js","filename":"packages/react-runtime/react-runtime.js","sourceMaps":true,"envName":"development","cwd":"/Users/administrator/Downloads/meteor-serverless-training/weather-info-react","passPerPreset":false,"presets":[],"parserOpts":{"sourceType":"module","sourceFileName":"packages/react-runtime/react-runtime.js","plugins":["jsx","jsx","flow","flow","objectRestSpread","objectRestSpread","dynamicImport","asyncGenerators","classProperties","classPrivateProperties"]},"generatorOpts":{"filename":"packages/react-runtime/react-runtime.js","comments":true,"compact":false,"sourceMaps":true,"sourceFileName":"packages/react-runtime/react-runtime.js"}},"code":"module.export({\n  React: () => React,\n  ReactDOM: () => ReactDOM,\n  ReactDOMServer: () => ReactDOMServer\n});\nlet Meteor;\nmodule.watch(require(\"meteor/meteor\"), {\n  Meteor(v) {\n    Meteor = v;\n  }\n\n}, 0);\n\nlet _;\n\nmodule.watch(require(\"meteor/underscore\"), {\n  _(v) {\n    _ = v;\n  }\n\n}, 1);\nlet checkNpmVersions;\nmodule.watch(require(\"meteor/tmeasday:check-npm-versions\"), {\n  checkNpmVersions(v) {\n    checkNpmVersions = v;\n  }\n\n}, 2);\nconst requiredPackages = {\n  react: '15.x',\n  'react-dom': '15.x',\n  'react-addons-transition-group': '15.x',\n  'react-addons-css-transition-group': '15.x',\n  'react-addons-linked-state-mixin': '15.x',\n  'react-addons-create-fragment': '15.x',\n  'react-addons-update': '15.x',\n  'react-addons-pure-render-mixin': '15.x'\n};\n\nif (Meteor.isDevelopment) {\n  _.extend(requiredPackages, {\n    'react-addons-test-utils': '15.x',\n    'react-addons-perf': '15.x'\n  });\n}\n\ncheckNpmVersions(requiredPackages, 'react-runtime');\n\nconst React = require('react');\n\nconst ReactDOM = require('react-dom');\n\nReact.addons = {\n  TransitionGroup: require('react-addons-transition-group'),\n  CSSTransitionGroup: require('react-addons-css-transition-group'),\n  LinkedStateMixin: require('react-addons-linked-state-mixin'),\n  createFragment: require('react-addons-create-fragment'),\n  update: require('react-addons-update'),\n  PureRenderMixin: require('react-addons-pure-render-mixin')\n};\n\nif (Meteor.isDevelopment) {\n  React.addons.TestUtils = require('react-addons-test-utils');\n  React.addons.Perf = require('react-addons-perf');\n}\n\nlet ReactDOMServer;\n\nif (Meteor.isServer) {\n  module.runSetters(ReactDOMServer = require('react-dom/server'));\n}","map":{"version":3,"sources":["packages/react-runtime/react-runtime.js"],"names":["module","export","React","ReactDOM","ReactDOMServer","Meteor","watch","require","v","_","checkNpmVersions","requiredPackages","react","isDevelopment","extend","addons","TransitionGroup","CSSTransitionGroup","LinkedStateMixin","createFragment","update","PureRenderMixin","TestUtils","Perf","isServer"],"mappings":"AAAAA,OAAOC,MAAP,CAAc;AAACC,SAAM,MAAIA,KAAX;AAAiBC,YAAS,MAAIA,QAA9B;AAAuCC,kBAAe,MAAIA;AAA1D,CAAd;AAAyF,IAAIC,MAAJ;AAAWL,OAAOM,KAAP,CAAaC,QAAQ,eAAR,CAAb,EAAsC;AAACF,SAAOG,CAAP,EAAS;AAACH,aAAOG,CAAP;AAAS;;AAApB,CAAtC,EAA4D,CAA5D;;AAA+D,IAAIC,CAAJ;;AAAMT,OAAOM,KAAP,CAAaC,QAAQ,mBAAR,CAAb,EAA0C;AAACE,IAAED,CAAF,EAAI;AAACC,QAAED,CAAF;AAAI;;AAAV,CAA1C,EAAsD,CAAtD;AAAyD,IAAIE,gBAAJ;AAAqBV,OAAOM,KAAP,CAAaC,QAAQ,oCAAR,CAAb,EAA2D;AAACG,mBAAiBF,CAAjB,EAAmB;AAACE,uBAAiBF,CAAjB;AAAmB;;AAAxC,CAA3D,EAAqG,CAArG;AAGvP,MAAMG,mBAAmB;AACvBC,SAAO,MADgB;AAEvB,eAAa,MAFU;AAGvB,mCAAiC,MAHV;AAIvB,uCAAqC,MAJd;AAKvB,qCAAmC,MALZ;AAMvB,kCAAgC,MANT;AAOvB,yBAAuB,MAPA;AAQvB,oCAAkC;AARX,CAAzB;;AAWA,IAAIP,OAAOQ,aAAX,EAA0B;AACxBJ,IAAEK,MAAF,CAASH,gBAAT,EAA2B;AACzB,+BAA2B,MADF;AAEzB,yBAAqB;AAFI,GAA3B;AAID;;AAGDD,iBAAiBC,gBAAjB,EAAmC,eAAnC;;AAEA,MAAMT,QAAQK,QAAQ,OAAR,CAAd;;AACA,MAAMJ,WAAWI,QAAQ,WAAR,CAAjB;;AAEAL,MAAMa,MAAN,GAAe;AACbC,mBAAiBT,QAAQ,+BAAR,CADJ;AAEbU,sBAAoBV,QAAQ,mCAAR,CAFP;AAGbW,oBAAkBX,QAAQ,iCAAR,CAHL;AAIbY,kBAAgBZ,QAAQ,8BAAR,CAJH;AAKba,UAAQb,QAAQ,qBAAR,CALK;AAMbc,mBAAiBd,QAAQ,gCAAR;AANJ,CAAf;;AASA,IAAIF,OAAOQ,aAAX,EAA0B;AACxBX,QAAMa,MAAN,CAAaO,SAAb,GAAyBf,QAAQ,yBAAR,CAAzB;AACAL,QAAMa,MAAN,CAAaQ,IAAb,GAAoBhB,QAAQ,mBAAR,CAApB;AACD;;AAED,IAAIH,cAAJ;;AACA,IAAIC,OAAOmB,QAAX,EAAqB;AACnB,qCAAiBjB,QAAQ,kBAAR,CAAjB;AACD","sourcesContent":["import { Meteor } from 'meteor/meteor';\nimport { _ } from 'meteor/underscore';\n\nconst requiredPackages = {\n  react: '15.x',\n  'react-dom': '15.x',\n  'react-addons-transition-group': '15.x',\n  'react-addons-css-transition-group': '15.x',\n  'react-addons-linked-state-mixin': '15.x',\n  'react-addons-create-fragment': '15.x',\n  'react-addons-update': '15.x',\n  'react-addons-pure-render-mixin': '15.x',\n};\n\nif (Meteor.isDevelopment) {\n  _.extend(requiredPackages, {\n    'react-addons-test-utils': '15.x',\n    'react-addons-perf': '15.x',\n  });\n}\n\nimport { checkNpmVersions } from 'meteor/tmeasday:check-npm-versions';\ncheckNpmVersions(requiredPackages, 'react-runtime');\n\nconst React = require('react');\nconst ReactDOM = require('react-dom');\n\nReact.addons = {\n  TransitionGroup: require('react-addons-transition-group'),\n  CSSTransitionGroup: require('react-addons-css-transition-group'),\n  LinkedStateMixin: require('react-addons-linked-state-mixin'),\n  createFragment: require('react-addons-create-fragment'),\n  update: require('react-addons-update'),\n  PureRenderMixin: require('react-addons-pure-render-mixin'),\n};\n\nif (Meteor.isDevelopment) {\n  React.addons.TestUtils = require('react-addons-test-utils');\n  React.addons.Perf = require('react-addons-perf');\n}\n\nlet ReactDOMServer;\nif (Meteor.isServer) {\n  ReactDOMServer = require('react-dom/server');\n}\n\nexport { React, ReactDOM, ReactDOMServer };\n"]},"sourceType":"script","hash":"70c59c2ff940b20029435beaff92cf6577c9305d"}
