{"metadata":{},"options":{"plugins":[{"key":"base$0$0","visitor":{"Program":{"enter":[null]},"_exploded":true,"_verified":true},"options":{"generateLetDeclarations":true,"enforceStrictMode":false}},{"key":"transform-meteor-dynamic-import","visitor":{"_exploded":{},"_verified":{},"CallExpression":{"enter":[null]}},"options":{}},{"key":"base$0$2","visitor":{"CallExpression":{"enter":[null]},"BinaryExpression":{"enter":[null]},"MemberExpression":{"enter":[null],"exit":[null]},"_exploded":true,"_verified":true,"Identifier":{"enter":[null]},"JSXIdentifier":{"enter":[null]}},"options":{"polyfill":false,"useBuiltIns":false}},{"key":"base$0$3","visitor":{"_exploded":{},"_verified":{},"ClassDeclaration":{"enter":[null]},"ClassExpression":{"enter":[null]}},"options":{"loose":true}},{"key":"base$0$4","visitor":{"FunctionExpression":{"exit":[null]},"_exploded":true,"_verified":true},"options":{}},{"key":"base$0$5","visitor":{"ForInStatement":{"enter":[null]},"_exploded":true,"_verified":true},"options":{}},{"key":"base$0$6","visitor":{"Program":{"exit":[null]},"_exploded":true,"_verified":true},"options":{"allowTopLevelThis":true,"strictMode":false,"loose":true}},{"key":"base$0$1$0","visitor":{"_exploded":{},"_verified":{},"JSXNamespacedName":{"enter":[null]},"JSXElement":{"exit":[null]},"JSXFragment":{"exit":[null]},"Program":{"enter":[null],"exit":[null]},"JSXAttribute":{"enter":[null]}},"options":{"pragma":"React.createElement","pragmaFrag":"React.Fragment","throwIfNamespace":true,"useBuiltIns":false}},{"key":"base$0$1$1","visitor":{"_exploded":true,"_verified":true},"options":{}},{"key":"base$0$1$2","visitor":{"ExportDefaultDeclaration":{"enter":[null]},"CallExpression":{"enter":[null]},"_exploded":true,"_verified":true},"options":{}},{"key":"base$0$0$0","visitor":{"_exploded":true,"_verified":true},"options":{}},{"key":"base$0$0$1","visitor":{"_exploded":true,"_verified":true},"options":{}},{"key":"base$0$0$2","visitor":{"ArrowFunctionExpression":{"enter":[null]},"_exploded":true,"_verified":true},"options":{}},{"key":"base$0$0$3","visitor":{"BlockStatement":{"enter":[null]},"SwitchCase":{"enter":[null]},"_exploded":true,"_verified":true},"options":{}},{"key":"base$0$0$4","visitor":{"VariableDeclaration":{"enter":[null]},"CatchClause":{"enter":[null]},"_exploded":true,"BlockStatement":{"enter":[null]},"SwitchStatement":{"enter":[null]},"Program":{"enter":[null]},"_verified":true,"DoWhileStatement":{"enter":[null]},"ForInStatement":{"enter":[null]},"ForStatement":{"enter":[null]},"WhileStatement":{"enter":[null]},"ForOfStatement":{"enter":[null]}},"options":{}},{"key":"base$0$0$5","visitor":{"ExportDefaultDeclaration":{"enter":[null]},"ClassDeclaration":{"enter":[null]},"ClassExpression":{"enter":[null]},"_exploded":true,"_verified":true},"options":{"loose":true}},{"key":"base$0$0$6","visitor":{"ObjectExpression":{"exit":[null]},"_exploded":true,"_verified":true},"options":{"loose":true}},{"key":"base$0$0$7","visitor":{"ExportNamedDeclaration":{"enter":[null]},"CatchClause":{"enter":[null]},"AssignmentExpression":{"enter":[null]},"VariableDeclaration":{"enter":[null]},"_exploded":true,"_verified":true,"ForInStatement":{"enter":[null]},"ForOfStatement":{"enter":[null]}},"options":{}},{"key":"base$0$0$8","visitor":{"ForOfStatement":{"enter":[null]},"_exploded":true,"_verified":true},"options":{"loose":true}},{"key":"base$0$0$9","visitor":{"NumericLiteral":{"enter":[null]},"StringLiteral":{"enter":[null]},"_exploded":true,"_verified":true},"options":{}},{"key":"base$0$0$10","visitor":{"ObjectExpression":{"enter":[null]},"_exploded":true,"_verified":true},"options":{}},{"key":"base$0$0$11","visitor":{"_exploded":true,"_verified":true,"FunctionDeclaration":{"enter":[null]},"FunctionExpression":{"enter":[null]},"ObjectMethod":{"enter":[null]},"ArrowFunctionExpression":{"enter":[null]},"ClassMethod":{"enter":[null]}},"options":{}},{"key":"base$0$0$12","visitor":{"ObjectMethod":{"enter":[null]},"ObjectProperty":{"enter":[null]},"_exploded":true,"_verified":true},"options":{}},{"key":"base$0$0$13","visitor":{"ArrayExpression":{"enter":[null]},"CallExpression":{"enter":[null]},"NewExpression":{"enter":[null]},"_exploded":true,"_verified":true},"options":{}},{"key":"base$0$0$14","visitor":{"RegExpLiteral":{"enter":[null]},"_exploded":true,"_verified":true},"options":{}},{"key":"base$0$0$15","visitor":{"TaggedTemplateExpression":{"enter":[null]},"TemplateLiteral":{"enter":[null]},"_exploded":true,"_verified":true},"options":{"loose":true}},{"key":"base$0$0$16","visitor":{"UnaryExpression":{"enter":[null]},"_exploded":true,"_verified":true,"BlockStatement":{"enter":[null]},"CatchClause":{"enter":[null]},"DoWhileStatement":{"enter":[null]},"ForInStatement":{"enter":[null]},"ForStatement":{"enter":[null]},"FunctionDeclaration":{"enter":[null]},"FunctionExpression":{"enter":[null]},"Program":{"enter":[null]},"ObjectMethod":{"enter":[null]},"SwitchStatement":{"enter":[null]},"WhileStatement":{"enter":[null]},"ArrowFunctionExpression":{"enter":[null]},"ClassDeclaration":{"enter":[null]},"ClassExpression":{"enter":[null]},"ForOfStatement":{"enter":[null]},"ClassMethod":{"enter":[null]}},"options":{}},{"key":"base$0$0$17","visitor":{"RegExpLiteral":{"enter":[null]},"_exploded":true,"_verified":true},"options":{}},{"key":"base$0$0$18","visitor":{"_exploded":true,"_verified":true},"options":{}},{"key":"base$0$0$19","visitor":{"_exploded":{},"_verified":{},"VariableDeclarator":{"enter":[null]},"ExportNamedDeclaration":{"enter":[null]},"CatchClause":{"enter":[null]},"AssignmentExpression":{"enter":[null]},"ObjectExpression":{"enter":[null]},"FunctionDeclaration":{"enter":[null]},"FunctionExpression":{"enter":[null]},"ObjectMethod":{"enter":[null]},"ArrowFunctionExpression":{"enter":[null]},"ClassMethod":{"enter":[null]},"ForInStatement":{"enter":[null]},"ForOfStatement":{"enter":[null]}},"options":{}},{"key":"base$0$0$20","visitor":{"ObjectProperty":{"exit":[null]},"_exploded":true,"_verified":true},"options":{}},{"key":"base$0$0$21","visitor":{"_exploded":{},"_verified":{},"Program":{"enter":[null]},"ImportDeclaration":{"enter":[null,null]},"ClassProperty":{"enter":[null]},"AssignmentPattern":{"enter":[null]},"TypeCastExpression":{"enter":[null,null]},"ImportSpecifier":{"enter":[null]},"ClassDeclaration":{"enter":[null]},"ClassExpression":{"enter":[null]},"FunctionDeclaration":{"enter":[null]},"FunctionExpression":{"enter":[null]},"ObjectMethod":{"enter":[null]},"ArrowFunctionExpression":{"enter":[null]},"ClassMethod":{"enter":[null]},"AnyTypeAnnotation":{"enter":[null]},"ArrayTypeAnnotation":{"enter":[null]},"BooleanTypeAnnotation":{"enter":[null]},"BooleanLiteralTypeAnnotation":{"enter":[null]},"NullLiteralTypeAnnotation":{"enter":[null]},"ClassImplements":{"enter":[null]},"DeclareClass":{"enter":[null]},"DeclareFunction":{"enter":[null]},"DeclareInterface":{"enter":[null]},"DeclareModule":{"enter":[null]},"DeclareModuleExports":{"enter":[null]},"DeclareTypeAlias":{"enter":[null]},"DeclareOpaqueType":{"enter":[null]},"DeclareVariable":{"enter":[null]},"DeclareExportDeclaration":{"enter":[null]},"DeclareExportAllDeclaration":{"enter":[null]},"DeclaredPredicate":{"enter":[null]},"ExistsTypeAnnotation":{"enter":[null]},"FunctionTypeAnnotation":{"enter":[null]},"FunctionTypeParam":{"enter":[null]},"GenericTypeAnnotation":{"enter":[null]},"InferredPredicate":{"enter":[null]},"InterfaceExtends":{"enter":[null]},"InterfaceDeclaration":{"enter":[null]},"IntersectionTypeAnnotation":{"enter":[null]},"MixedTypeAnnotation":{"enter":[null]},"EmptyTypeAnnotation":{"enter":[null]},"NullableTypeAnnotation":{"enter":[null]},"NumberLiteralTypeAnnotation":{"enter":[null]},"NumberTypeAnnotation":{"enter":[null]},"ObjectTypeAnnotation":{"enter":[null]},"ObjectTypeCallProperty":{"enter":[null]},"ObjectTypeIndexer":{"enter":[null]},"ObjectTypeProperty":{"enter":[null]},"ObjectTypeSpreadProperty":{"enter":[null]},"OpaqueType":{"enter":[null]},"QualifiedTypeIdentifier":{"enter":[null]},"StringLiteralTypeAnnotation":{"enter":[null]},"StringTypeAnnotation":{"enter":[null]},"ThisTypeAnnotation":{"enter":[null]},"TupleTypeAnnotation":{"enter":[null]},"TypeofTypeAnnotation":{"enter":[null]},"TypeAlias":{"enter":[null]},"TypeAnnotation":{"enter":[null]},"TypeParameter":{"enter":[null]},"TypeParameterDeclaration":{"enter":[null]},"TypeParameterInstantiation":{"enter":[null]},"UnionTypeAnnotation":{"enter":[null]},"Variance":{"enter":[null]},"VoidTypeAnnotation":{"enter":[null]},"ExportAllDeclaration":{"enter":[null]},"ExportDefaultDeclaration":{"enter":[null]},"ExportNamedDeclaration":{"enter":[null]}},"options":{}},{"key":"base$0$0$22","visitor":{"AssignmentExpression":{"enter":[null]},"BinaryExpression":{"enter":[null]},"_exploded":true,"_verified":true},"options":{}},{"key":"base$0$0$23","visitor":{"_exploded":{},"_verified":{},"Program":{"enter":[null]}},"options":{}},{"key":"regenerator-transform","visitor":{"_exploded":true,"_verified":true,"FunctionDeclaration":{"exit":[null]},"FunctionExpression":{"exit":[null]},"ObjectMethod":{"exit":[null]},"ArrowFunctionExpression":{"exit":[null]},"ClassMethod":{"exit":[null]}},"options":{}}],"presets":[],"compact":false,"ast":true,"babelrc":false,"sourceFileName":"packages/mongo/doc_fetcher.js","filename":"packages/mongo/doc_fetcher.js","sourceMaps":true,"envName":"development","cwd":"/Users/administrator/Downloads/meteor-serverless-training/weather-info","passPerPreset":false,"parserOpts":{"sourceType":"module","sourceFileName":"packages/mongo/doc_fetcher.js","plugins":["dynamicImport","classProperties","classPrivateProperties","jsx","jsx","flow","asyncGenerators","objectRestSpread","objectRestSpread","flow","asyncGenerators"]},"generatorOpts":{"filename":"packages/mongo/doc_fetcher.js","comments":true,"compact":false,"sourceMaps":true,"sourceFileName":"packages/mongo/doc_fetcher.js"}},"code":"var Fiber = Npm.require('fibers');\n\nvar Future = Npm.require('fibers/future');\n\nDocFetcher = function (mongoConnection) {\n  var self = this;\n  self._mongoConnection = mongoConnection; // Map from cache key -> [callback]\n\n  self._callbacksForCacheKey = {};\n};\n\n_.extend(DocFetcher.prototype, {\n  // Fetches document \"id\" from collectionName, returning it or null if not\n  // found.\n  //\n  // If you make multiple calls to fetch() with the same cacheKey (a string),\n  // DocFetcher may assume that they all return the same document. (It does\n  // not check to see if collectionName/id match.)\n  //\n  // You may assume that callback is never called synchronously (and in fact\n  // OplogObserveDriver does so).\n  fetch: function (collectionName, id, cacheKey, callback) {\n    var self = this;\n    check(collectionName, String); // id is some sort of scalar\n\n    check(cacheKey, String); // If there's already an in-progress fetch for this cache key, yield until\n    // it's done and return whatever it returns.\n\n    if (_.has(self._callbacksForCacheKey, cacheKey)) {\n      self._callbacksForCacheKey[cacheKey].push(callback);\n\n      return;\n    }\n\n    var callbacks = self._callbacksForCacheKey[cacheKey] = [callback];\n    Fiber(function () {\n      try {\n        var doc = self._mongoConnection.findOne(collectionName, {\n          _id: id\n        }) || null; // Return doc to all relevant callbacks. Note that this array can\n        // continue to grow during callback excecution.\n\n        while (!_.isEmpty(callbacks)) {\n          // Clone the document so that the various calls to fetch don't return\n          // objects that are intertwingled with each other. Clone before\n          // popping the future, so that if clone throws, the error gets passed\n          // to the next callback.\n          var clonedDoc = EJSON.clone(doc);\n          callbacks.pop()(null, clonedDoc);\n        }\n      } catch (e) {\n        while (!_.isEmpty(callbacks)) {\n          callbacks.pop()(e);\n        }\n      } finally {\n        // XXX consider keeping the doc around for a period of time before\n        // removing from the cache\n        delete self._callbacksForCacheKey[cacheKey];\n      }\n    }).run();\n  }\n});\n\nMongoTest.DocFetcher = DocFetcher;","map":{"version":3,"sources":["packages/mongo/doc_fetcher.js"],"names":["Fiber","Npm","require","Future","DocFetcher","mongoConnection","self","_mongoConnection","_callbacksForCacheKey","_","extend","prototype","fetch","collectionName","id","cacheKey","callback","check","String","has","push","callbacks","doc","findOne","_id","isEmpty","clonedDoc","EJSON","clone","pop","e","run","MongoTest"],"mappings":"AAAA,IAAIA,QAAQC,IAAIC,OAAJ,CAAY,QAAZ,CAAZ;;AACA,IAAIC,SAASF,IAAIC,OAAJ,CAAY,eAAZ,CAAb;;AAEAE,aAAa,UAAUC,eAAV,EAA2B;AACtC,MAAIC,OAAO,IAAX;AACAA,OAAKC,gBAAL,GAAwBF,eAAxB,CAFsC,CAGtC;;AACAC,OAAKE,qBAAL,GAA6B,EAA7B;AACD,CALD;;AAOAC,EAAEC,MAAF,CAASN,WAAWO,SAApB,EAA+B;AAC7B;AACA;AACA;AACA;AACA;AACA;AACA;AACA;AACA;AACAC,SAAO,UAAUC,cAAV,EAA0BC,EAA1B,EAA8BC,QAA9B,EAAwCC,QAAxC,EAAkD;AACvD,QAAIV,OAAO,IAAX;AAEAW,UAAMJ,cAAN,EAAsBK,MAAtB,EAHuD,CAIvD;;AACAD,UAAMF,QAAN,EAAgBG,MAAhB,EALuD,CAOvD;AACA;;AACA,QAAIT,EAAEU,GAAF,CAAMb,KAAKE,qBAAX,EAAkCO,QAAlC,CAAJ,EAAiD;AAC/CT,WAAKE,qBAAL,CAA2BO,QAA3B,EAAqCK,IAArC,CAA0CJ,QAA1C;;AACA;AACD;;AAED,QAAIK,YAAYf,KAAKE,qBAAL,CAA2BO,QAA3B,IAAuC,CAACC,QAAD,CAAvD;AAEAhB,UAAM,YAAY;AAChB,UAAI;AACF,YAAIsB,MAAMhB,KAAKC,gBAAL,CAAsBgB,OAAtB,CACRV,cADQ,EACQ;AAACW,eAAKV;AAAN,SADR,KACsB,IADhC,CADE,CAGF;AACA;;AACA,eAAO,CAACL,EAAEgB,OAAF,CAAUJ,SAAV,CAAR,EAA8B;AAC5B;AACA;AACA;AACA;AACA,cAAIK,YAAYC,MAAMC,KAAN,CAAYN,GAAZ,CAAhB;AACAD,oBAAUQ,GAAV,GAAgB,IAAhB,EAAsBH,SAAtB;AACD;AACF,OAbD,CAaE,OAAOI,CAAP,EAAU;AACV,eAAO,CAACrB,EAAEgB,OAAF,CAAUJ,SAAV,CAAR,EAA8B;AAC5BA,oBAAUQ,GAAV,GAAgBC,CAAhB;AACD;AACF,OAjBD,SAiBU;AACR;AACA;AACA,eAAOxB,KAAKE,qBAAL,CAA2BO,QAA3B,CAAP;AACD;AACF,KAvBD,EAuBGgB,GAvBH;AAwBD;AAlD4B,CAA/B;;AAqDAC,UAAU5B,UAAV,GAAuBA,UAAvB","sourcesContent":["var Fiber = Npm.require('fibers');\nvar Future = Npm.require('fibers/future');\n\nDocFetcher = function (mongoConnection) {\n  var self = this;\n  self._mongoConnection = mongoConnection;\n  // Map from cache key -> [callback]\n  self._callbacksForCacheKey = {};\n};\n\n_.extend(DocFetcher.prototype, {\n  // Fetches document \"id\" from collectionName, returning it or null if not\n  // found.\n  //\n  // If you make multiple calls to fetch() with the same cacheKey (a string),\n  // DocFetcher may assume that they all return the same document. (It does\n  // not check to see if collectionName/id match.)\n  //\n  // You may assume that callback is never called synchronously (and in fact\n  // OplogObserveDriver does so).\n  fetch: function (collectionName, id, cacheKey, callback) {\n    var self = this;\n\n    check(collectionName, String);\n    // id is some sort of scalar\n    check(cacheKey, String);\n\n    // If there's already an in-progress fetch for this cache key, yield until\n    // it's done and return whatever it returns.\n    if (_.has(self._callbacksForCacheKey, cacheKey)) {\n      self._callbacksForCacheKey[cacheKey].push(callback);\n      return;\n    }\n\n    var callbacks = self._callbacksForCacheKey[cacheKey] = [callback];\n\n    Fiber(function () {\n      try {\n        var doc = self._mongoConnection.findOne(\n          collectionName, {_id: id}) || null;\n        // Return doc to all relevant callbacks. Note that this array can\n        // continue to grow during callback excecution.\n        while (!_.isEmpty(callbacks)) {\n          // Clone the document so that the various calls to fetch don't return\n          // objects that are intertwingled with each other. Clone before\n          // popping the future, so that if clone throws, the error gets passed\n          // to the next callback.\n          var clonedDoc = EJSON.clone(doc);\n          callbacks.pop()(null, clonedDoc);\n        }\n      } catch (e) {\n        while (!_.isEmpty(callbacks)) {\n          callbacks.pop()(e);\n        }\n      } finally {\n        // XXX consider keeping the doc around for a period of time before\n        // removing from the cache\n        delete self._callbacksForCacheKey[cacheKey];\n      }\n    }).run();\n  }\n});\n\nMongoTest.DocFetcher = DocFetcher;\n"]},"sourceType":"script","hash":"721d426fdcc523a4da369b9470d21a8894821af3"}
