{"metadata":{},"options":{"plugins":[{"key":"base$0$0","visitor":{"Program":{"enter":[null]},"_exploded":true,"_verified":true},"options":{"generateLetDeclarations":true,"enforceStrictMode":false}},{"key":"transform-meteor-dynamic-import","visitor":{"_exploded":{},"_verified":{},"CallExpression":{"enter":[null]}},"options":{}},{"key":"base$0$2","visitor":{"CallExpression":{"enter":[null]},"BinaryExpression":{"enter":[null]},"MemberExpression":{"enter":[null],"exit":[null]},"_exploded":true,"_verified":true,"Identifier":{"enter":[null]},"JSXIdentifier":{"enter":[null]}},"options":{"polyfill":false,"useBuiltIns":false}},{"key":"base$0$3","visitor":{"_exploded":{},"_verified":{},"ClassDeclaration":{"enter":[null]},"ClassExpression":{"enter":[null]}},"options":{"loose":true}},{"key":"base$0$4","visitor":{"FunctionExpression":{"exit":[null]},"_exploded":true,"_verified":true},"options":{}},{"key":"base$0$5","visitor":{"ForInStatement":{"enter":[null]},"_exploded":true,"_verified":true},"options":{}},{"key":"base$0$6","visitor":{"Program":{"exit":[null]},"_exploded":true,"_verified":true},"options":{"allowTopLevelThis":true,"strictMode":false,"loose":true}},{"key":"base$0$1$0","visitor":{"_exploded":{},"_verified":{},"JSXNamespacedName":{"enter":[null]},"JSXElement":{"exit":[null]},"JSXFragment":{"exit":[null]},"Program":{"enter":[null],"exit":[null]},"JSXAttribute":{"enter":[null]}},"options":{"pragma":"React.createElement","pragmaFrag":"React.Fragment","throwIfNamespace":true,"useBuiltIns":false}},{"key":"base$0$1$1","visitor":{"_exploded":true,"_verified":true},"options":{}},{"key":"base$0$1$2","visitor":{"ExportDefaultDeclaration":{"enter":[null]},"CallExpression":{"enter":[null]},"_exploded":true,"_verified":true},"options":{}},{"key":"base$0$0$0","visitor":{"_exploded":true,"_verified":true},"options":{}},{"key":"base$0$0$1","visitor":{"_exploded":true,"_verified":true},"options":{}},{"key":"base$0$0$2","visitor":{"ArrowFunctionExpression":{"enter":[null]},"_exploded":true,"_verified":true},"options":{}},{"key":"base$0$0$3","visitor":{"BlockStatement":{"enter":[null]},"SwitchCase":{"enter":[null]},"_exploded":true,"_verified":true},"options":{}},{"key":"base$0$0$4","visitor":{"VariableDeclaration":{"enter":[null]},"CatchClause":{"enter":[null]},"_exploded":true,"BlockStatement":{"enter":[null]},"SwitchStatement":{"enter":[null]},"Program":{"enter":[null]},"_verified":true,"DoWhileStatement":{"enter":[null]},"ForInStatement":{"enter":[null]},"ForStatement":{"enter":[null]},"WhileStatement":{"enter":[null]},"ForOfStatement":{"enter":[null]}},"options":{}},{"key":"base$0$0$5","visitor":{"ExportDefaultDeclaration":{"enter":[null]},"ClassDeclaration":{"enter":[null]},"ClassExpression":{"enter":[null]},"_exploded":true,"_verified":true},"options":{"loose":true}},{"key":"base$0$0$6","visitor":{"ObjectExpression":{"exit":[null]},"_exploded":true,"_verified":true},"options":{"loose":true}},{"key":"base$0$0$7","visitor":{"ExportNamedDeclaration":{"enter":[null]},"CatchClause":{"enter":[null]},"AssignmentExpression":{"enter":[null]},"VariableDeclaration":{"enter":[null]},"_exploded":true,"_verified":true,"ForInStatement":{"enter":[null]},"ForOfStatement":{"enter":[null]}},"options":{}},{"key":"base$0$0$8","visitor":{"ForOfStatement":{"enter":[null]},"_exploded":true,"_verified":true},"options":{"loose":true}},{"key":"base$0$0$9","visitor":{"NumericLiteral":{"enter":[null]},"StringLiteral":{"enter":[null]},"_exploded":true,"_verified":true},"options":{}},{"key":"base$0$0$10","visitor":{"ObjectExpression":{"enter":[null]},"_exploded":true,"_verified":true},"options":{}},{"key":"base$0$0$11","visitor":{"_exploded":true,"_verified":true,"FunctionDeclaration":{"enter":[null]},"FunctionExpression":{"enter":[null]},"ObjectMethod":{"enter":[null]},"ArrowFunctionExpression":{"enter":[null]},"ClassMethod":{"enter":[null]}},"options":{}},{"key":"base$0$0$12","visitor":{"ObjectMethod":{"enter":[null]},"ObjectProperty":{"enter":[null]},"_exploded":true,"_verified":true},"options":{}},{"key":"base$0$0$13","visitor":{"ArrayExpression":{"enter":[null]},"CallExpression":{"enter":[null]},"NewExpression":{"enter":[null]},"_exploded":true,"_verified":true},"options":{}},{"key":"base$0$0$14","visitor":{"RegExpLiteral":{"enter":[null]},"_exploded":true,"_verified":true},"options":{}},{"key":"base$0$0$15","visitor":{"TaggedTemplateExpression":{"enter":[null]},"TemplateLiteral":{"enter":[null]},"_exploded":true,"_verified":true},"options":{"loose":true}},{"key":"base$0$0$16","visitor":{"UnaryExpression":{"enter":[null]},"_exploded":true,"_verified":true,"BlockStatement":{"enter":[null]},"CatchClause":{"enter":[null]},"DoWhileStatement":{"enter":[null]},"ForInStatement":{"enter":[null]},"ForStatement":{"enter":[null]},"FunctionDeclaration":{"enter":[null]},"FunctionExpression":{"enter":[null]},"Program":{"enter":[null]},"ObjectMethod":{"enter":[null]},"SwitchStatement":{"enter":[null]},"WhileStatement":{"enter":[null]},"ArrowFunctionExpression":{"enter":[null]},"ClassDeclaration":{"enter":[null]},"ClassExpression":{"enter":[null]},"ForOfStatement":{"enter":[null]},"ClassMethod":{"enter":[null]}},"options":{}},{"key":"base$0$0$17","visitor":{"RegExpLiteral":{"enter":[null]},"_exploded":true,"_verified":true},"options":{}},{"key":"base$0$0$18","visitor":{"_exploded":true,"_verified":true},"options":{}},{"key":"base$0$0$19","visitor":{"_exploded":{},"_verified":{},"VariableDeclarator":{"enter":[null]},"ExportNamedDeclaration":{"enter":[null]},"CatchClause":{"enter":[null]},"AssignmentExpression":{"enter":[null]},"ObjectExpression":{"enter":[null]},"FunctionDeclaration":{"enter":[null]},"FunctionExpression":{"enter":[null]},"ObjectMethod":{"enter":[null]},"ArrowFunctionExpression":{"enter":[null]},"ClassMethod":{"enter":[null]},"ForInStatement":{"enter":[null]},"ForOfStatement":{"enter":[null]}},"options":{}},{"key":"base$0$0$20","visitor":{"ObjectProperty":{"exit":[null]},"_exploded":true,"_verified":true},"options":{}},{"key":"base$0$0$21","visitor":{"_exploded":{},"_verified":{},"Program":{"enter":[null]},"ImportDeclaration":{"enter":[null,null]},"ClassProperty":{"enter":[null]},"AssignmentPattern":{"enter":[null]},"TypeCastExpression":{"enter":[null,null]},"ImportSpecifier":{"enter":[null]},"ClassDeclaration":{"enter":[null]},"ClassExpression":{"enter":[null]},"FunctionDeclaration":{"enter":[null]},"FunctionExpression":{"enter":[null]},"ObjectMethod":{"enter":[null]},"ArrowFunctionExpression":{"enter":[null]},"ClassMethod":{"enter":[null]},"AnyTypeAnnotation":{"enter":[null]},"ArrayTypeAnnotation":{"enter":[null]},"BooleanTypeAnnotation":{"enter":[null]},"BooleanLiteralTypeAnnotation":{"enter":[null]},"NullLiteralTypeAnnotation":{"enter":[null]},"ClassImplements":{"enter":[null]},"DeclareClass":{"enter":[null]},"DeclareFunction":{"enter":[null]},"DeclareInterface":{"enter":[null]},"DeclareModule":{"enter":[null]},"DeclareModuleExports":{"enter":[null]},"DeclareTypeAlias":{"enter":[null]},"DeclareOpaqueType":{"enter":[null]},"DeclareVariable":{"enter":[null]},"DeclareExportDeclaration":{"enter":[null]},"DeclareExportAllDeclaration":{"enter":[null]},"DeclaredPredicate":{"enter":[null]},"ExistsTypeAnnotation":{"enter":[null]},"FunctionTypeAnnotation":{"enter":[null]},"FunctionTypeParam":{"enter":[null]},"GenericTypeAnnotation":{"enter":[null]},"InferredPredicate":{"enter":[null]},"InterfaceExtends":{"enter":[null]},"InterfaceDeclaration":{"enter":[null]},"IntersectionTypeAnnotation":{"enter":[null]},"MixedTypeAnnotation":{"enter":[null]},"EmptyTypeAnnotation":{"enter":[null]},"NullableTypeAnnotation":{"enter":[null]},"NumberLiteralTypeAnnotation":{"enter":[null]},"NumberTypeAnnotation":{"enter":[null]},"ObjectTypeAnnotation":{"enter":[null]},"ObjectTypeCallProperty":{"enter":[null]},"ObjectTypeIndexer":{"enter":[null]},"ObjectTypeProperty":{"enter":[null]},"ObjectTypeSpreadProperty":{"enter":[null]},"OpaqueType":{"enter":[null]},"QualifiedTypeIdentifier":{"enter":[null]},"StringLiteralTypeAnnotation":{"enter":[null]},"StringTypeAnnotation":{"enter":[null]},"ThisTypeAnnotation":{"enter":[null]},"TupleTypeAnnotation":{"enter":[null]},"TypeofTypeAnnotation":{"enter":[null]},"TypeAlias":{"enter":[null]},"TypeAnnotation":{"enter":[null]},"TypeParameter":{"enter":[null]},"TypeParameterDeclaration":{"enter":[null]},"TypeParameterInstantiation":{"enter":[null]},"UnionTypeAnnotation":{"enter":[null]},"Variance":{"enter":[null]},"VoidTypeAnnotation":{"enter":[null]},"ExportAllDeclaration":{"enter":[null]},"ExportDefaultDeclaration":{"enter":[null]},"ExportNamedDeclaration":{"enter":[null]}},"options":{}},{"key":"base$0$0$22","visitor":{"AssignmentExpression":{"enter":[null]},"BinaryExpression":{"enter":[null]},"_exploded":true,"_verified":true},"options":{}},{"key":"base$0$0$23","visitor":{"_exploded":{},"_verified":{},"Program":{"enter":[null]}},"options":{}},{"key":"regenerator-transform","visitor":{"_exploded":true,"_verified":true,"FunctionDeclaration":{"exit":[null]},"FunctionExpression":{"exit":[null]},"ObjectMethod":{"exit":[null]},"ArrowFunctionExpression":{"exit":[null]},"ClassMethod":{"exit":[null]}},"options":{}}],"presets":[],"compact":false,"ast":true,"babelrc":false,"sourceFileName":"packages/reactive-dict/reactive-dict.js","filename":"packages/reactive-dict/reactive-dict.js","sourceMaps":true,"envName":"development","cwd":"/Users/administrator/Downloads/meteor-serverless-training/weather-info","passPerPreset":false,"parserOpts":{"sourceType":"module","sourceFileName":"packages/reactive-dict/reactive-dict.js","plugins":["dynamicImport","classProperties","classPrivateProperties","jsx","jsx","flow","asyncGenerators","objectRestSpread","objectRestSpread","flow","asyncGenerators"]},"generatorOpts":{"filename":"packages/reactive-dict/reactive-dict.js","comments":true,"compact":false,"sourceMaps":true,"sourceFileName":"packages/reactive-dict/reactive-dict.js"}},"code":"var _interopRequireDefault = require(\"@babel/runtime/helpers/interopRequireDefault\");\n\nvar _typeof2 = _interopRequireDefault(require(\"@babel/runtime/helpers/typeof\"));\n\nmodule.export({\n  ReactiveDict: function () {\n    return ReactiveDict;\n  }\n});\n\n// XXX come up with a serialization method which canonicalizes object key\n// order, which would allow us to use objects as values for equals.\nfunction stringify(value) {\n  if (value === undefined) {\n    return 'undefined';\n  }\n\n  return EJSON.stringify(value);\n}\n\nfunction parse(serialized) {\n  if (serialized === undefined || serialized === 'undefined') {\n    return undefined;\n  }\n\n  return EJSON.parse(serialized);\n}\n\nfunction changed(v) {\n  v && v.changed();\n} // XXX COMPAT WITH 0.9.1 : accept migrationData instead of dictName\n\n\nvar ReactiveDict =\n/*#__PURE__*/\nfunction () {\n  function ReactiveDict(dictName, dictData) {\n    // this.keys: key -> value\n    this.keys = {};\n\n    if (dictName) {\n      // name given; migration will be performed\n      if (typeof dictName === 'string') {\n        // the normal case, argument is a string name.\n        // Only run migration logic on client, it will cause\n        // duplicate name errors on server during reloads.\n        // _registerDictForMigrate will throw an error on duplicate name.\n        Meteor.isClient && ReactiveDict._registerDictForMigrate(dictName, this);\n\n        var migratedData = Meteor.isClient && ReactiveDict._loadMigratedDict(dictName);\n\n        if (migratedData) {\n          // Don't stringify migrated data\n          this.keys = migratedData;\n        } else {\n          // Use _setObject to make sure values are stringified\n          this._setObject(dictData || {});\n        }\n\n        this.name = dictName;\n      } else if ((0, _typeof2.default)(dictName) === 'object') {\n        // back-compat case: dictName is actually migrationData\n        // Use _setObject to make sure values are stringified\n        this._setObject(dictName);\n      } else {\n        throw new Error(\"Invalid ReactiveDict argument: \" + dictName);\n      }\n    } else if ((0, _typeof2.default)(dictData) === 'object') {\n      this._setObject(dictData);\n    }\n\n    this.allDeps = new Tracker.Dependency();\n    this.keyDeps = {}; // key -> Dependency\n\n    this.keyValueDeps = {}; // key -> Dependency\n  } // set() began as a key/value method, but we are now overloading it\n  // to take an object of key/value pairs, similar to backbone\n  // http://backbonejs.org/#Model-set\n\n\n  var _proto = ReactiveDict.prototype;\n\n  _proto.set = function () {\n    function set(keyOrObject, value) {\n      if ((0, _typeof2.default)(keyOrObject) === 'object' && value === undefined) {\n        // Called as `dict.set({...})`\n        this._setObject(keyOrObject);\n\n        return;\n      } // the input isn't an object, so it must be a key\n      // and we resume with the rest of the function\n\n\n      var key = keyOrObject;\n      value = stringify(value);\n\n      var keyExisted = _.has(this.keys, key);\n\n      var oldSerializedValue = keyExisted ? this.keys[key] : 'undefined';\n      var isNewValue = value !== oldSerializedValue;\n      this.keys[key] = value;\n\n      if (isNewValue || !keyExisted) {\n        // Using the changed utility function here because this.allDeps might not exist yet,\n        // when setting initial data from constructor\n        changed(this.allDeps);\n      } // Don't trigger changes when setting initial data from constructor,\n      // this.KeyDeps is undefined in this case\n\n\n      if (isNewValue && this.keyDeps) {\n        changed(this.keyDeps[key]);\n\n        if (this.keyValueDeps[key]) {\n          changed(this.keyValueDeps[key][oldSerializedValue]);\n          changed(this.keyValueDeps[key][value]);\n        }\n      }\n    }\n\n    return set;\n  }();\n\n  _proto.setDefault = function () {\n    function setDefault(keyOrObject, value) {\n      if ((0, _typeof2.default)(keyOrObject) === 'object' && value === undefined) {\n        // Called as `dict.setDefault({...})`\n        this._setDefaultObject(keyOrObject);\n\n        return;\n      } // the input isn't an object, so it must be a key\n      // and we resume with the rest of the function\n\n\n      var key = keyOrObject;\n\n      if (!_.has(this.keys, key)) {\n        this.set(key, value);\n      }\n    }\n\n    return setDefault;\n  }();\n\n  _proto.get = function () {\n    function get(key) {\n      this._ensureKey(key);\n\n      this.keyDeps[key].depend();\n      return parse(this.keys[key]);\n    }\n\n    return get;\n  }();\n\n  _proto.equals = function () {\n    function equals(key, value) {\n      var _this = this;\n\n      // Mongo.ObjectID is in the 'mongo' package\n      var ObjectID = null;\n\n      if (Package.mongo) {\n        ObjectID = Package.mongo.Mongo.ObjectID;\n      } // We don't allow objects (or arrays that might include objects) for\n      // .equals, because JSON.stringify doesn't canonicalize object key\n      // order. (We can make equals have the right return value by parsing the\n      // current value and using EJSON.equals, but we won't have a canonical\n      // element of keyValueDeps[key] to store the dependency.) You can still use\n      // \"EJSON.equals(reactiveDict.get(key), value)\".\n      //\n      // XXX we could allow arrays as long as we recursively check that there\n      // are no objects\n\n\n      if (typeof value !== 'string' && typeof value !== 'number' && typeof value !== 'boolean' && typeof value !== 'undefined' && !(value instanceof Date) && !(ObjectID && value instanceof ObjectID) && value !== null) {\n        throw new Error(\"ReactiveDict.equals: value must be scalar\");\n      }\n\n      var serializedValue = stringify(value);\n\n      if (Tracker.active) {\n        this._ensureKey(key);\n\n        if (!_.has(this.keyValueDeps[key], serializedValue)) {\n          this.keyValueDeps[key][serializedValue] = new Tracker.Dependency();\n        }\n\n        var isNew = this.keyValueDeps[key][serializedValue].depend();\n\n        if (isNew) {\n          Tracker.onInvalidate(function () {\n            // clean up [key][serializedValue] if it's now empty, so we don't\n            // use O(n) memory for n = values seen ever\n            if (!_this.keyValueDeps[key][serializedValue].hasDependents()) {\n              delete _this.keyValueDeps[key][serializedValue];\n            }\n          });\n        }\n      }\n\n      var oldValue = undefined;\n\n      if (_.has(this.keys, key)) {\n        oldValue = parse(this.keys[key]);\n      }\n\n      return EJSON.equals(oldValue, value);\n    }\n\n    return equals;\n  }();\n\n  _proto.all = function () {\n    function all() {\n      this.allDeps.depend();\n      var ret = {};\n\n      _.each(this.keys, function (value, key) {\n        ret[key] = parse(value);\n      });\n\n      return ret;\n    }\n\n    return all;\n  }();\n\n  _proto.clear = function () {\n    function clear() {\n      var _this2 = this;\n\n      var oldKeys = this.keys;\n      this.keys = {};\n      this.allDeps.changed();\n\n      _.each(oldKeys, function (value, key) {\n        changed(_this2.keyDeps[key]);\n\n        if (_this2.keyValueDeps[key]) {\n          changed(_this2.keyValueDeps[key][value]);\n          changed(_this2.keyValueDeps[key]['undefined']);\n        }\n      });\n    }\n\n    return clear;\n  }();\n\n  _proto.delete = function () {\n    function _delete(key) {\n      var didRemove = false;\n\n      if (_.has(this.keys, key)) {\n        var oldValue = this.keys[key];\n        delete this.keys[key];\n        changed(this.keyDeps[key]);\n\n        if (this.keyValueDeps[key]) {\n          changed(this.keyValueDeps[key][oldValue]);\n          changed(this.keyValueDeps[key]['undefined']);\n        }\n\n        this.allDeps.changed();\n        didRemove = true;\n      }\n\n      return didRemove;\n    }\n\n    return _delete;\n  }();\n\n  _proto.destroy = function () {\n    function destroy() {\n      this.clear();\n\n      if (this.name && _.has(ReactiveDict._dictsToMigrate, this.name)) {\n        delete ReactiveDict._dictsToMigrate[this.name];\n      }\n    }\n\n    return destroy;\n  }();\n\n  _proto._setObject = function () {\n    function _setObject(object) {\n      var _this3 = this;\n\n      _.each(object, function (value, key) {\n        _this3.set(key, value);\n      });\n    }\n\n    return _setObject;\n  }();\n\n  _proto._setDefaultObject = function () {\n    function _setDefaultObject(object) {\n      var _this4 = this;\n\n      _.each(object, function (value, key) {\n        _this4.setDefault(key, value);\n      });\n    }\n\n    return _setDefaultObject;\n  }();\n\n  _proto._ensureKey = function () {\n    function _ensureKey(key) {\n      if (!(key in this.keyDeps)) {\n        this.keyDeps[key] = new Tracker.Dependency();\n        this.keyValueDeps[key] = {};\n      }\n    }\n\n    return _ensureKey;\n  }(); // Get a JSON value that can be passed to the constructor to\n  // create a new ReactiveDict with the same contents as this one\n\n\n  _proto._getMigrationData = function () {\n    function _getMigrationData() {\n      // XXX sanitize and make sure it's JSONible?\n      return this.keys;\n    }\n\n    return _getMigrationData;\n  }();\n\n  return ReactiveDict;\n}();","map":{"version":3,"sources":["packages/reactive-dict/reactive-dict.js"],"names":["module","export","ReactiveDict","stringify","value","undefined","EJSON","parse","serialized","changed","v","dictName","dictData","keys","Meteor","isClient","_registerDictForMigrate","migratedData","_loadMigratedDict","_setObject","name","Error","allDeps","Tracker","Dependency","keyDeps","keyValueDeps","set","keyOrObject","key","keyExisted","_","has","oldSerializedValue","isNewValue","setDefault","_setDefaultObject","get","_ensureKey","depend","equals","ObjectID","Package","mongo","Mongo","Date","serializedValue","active","isNew","onInvalidate","hasDependents","oldValue","all","ret","each","clear","oldKeys","delete","didRemove","destroy","_dictsToMigrate","object","_getMigrationData"],"mappings":";;;;AAAAA,OAAOC,MAAP,CAAc;AAACC,gBAAa;AAAA,WAAIA,YAAJ;AAAA;AAAd,CAAd;;AAAA;AACA;AACA,SAASC,SAAT,CAAmBC,KAAnB,EAA0B;AACxB,MAAIA,UAAUC,SAAd,EAAyB;AACvB,WAAO,WAAP;AACD;;AACD,SAAOC,MAAMH,SAAN,CAAgBC,KAAhB,CAAP;AACD;;AAED,SAASG,KAAT,CAAeC,UAAf,EAA2B;AACzB,MAAIA,eAAeH,SAAf,IAA4BG,eAAe,WAA/C,EAA4D;AAC1D,WAAOH,SAAP;AACD;;AACD,SAAOC,MAAMC,KAAN,CAAYC,UAAZ,CAAP;AACD;;AAED,SAASC,OAAT,CAAiBC,CAAjB,EAAoB;AAClBA,OAAKA,EAAED,OAAF,EAAL;AACD,C,CAED;;;IACaP,Y;;;AACX,wBAAYS,QAAZ,EAAsBC,QAAtB,EAAgC;AAC9B;AACA,SAAKC,IAAL,GAAY,EAAZ;;AAEA,QAAIF,QAAJ,EAAc;AACZ;AACA,UAAI,OAAOA,QAAP,KAAoB,QAAxB,EAAkC;AAChC;AAEA;AACA;AACA;AACAG,eAAOC,QAAP,IAAmBb,aAAac,uBAAb,CAAqCL,QAArC,EAA+C,IAA/C,CAAnB;;AACA,YAAMM,eAAeH,OAAOC,QAAP,IAAmBb,aAAagB,iBAAb,CAA+BP,QAA/B,CAAxC;;AAEA,YAAIM,YAAJ,EAAkB;AAChB;AACA,eAAKJ,IAAL,GAAYI,YAAZ;AACD,SAHD,MAGO;AACL;AACA,eAAKE,UAAL,CAAgBP,YAAY,EAA5B;AACD;;AACD,aAAKQ,IAAL,GAAYT,QAAZ;AACD,OAjBD,MAiBO,IAAI,sBAAOA,QAAP,MAAoB,QAAxB,EAAkC;AACvC;AACA;AACA,aAAKQ,UAAL,CAAgBR,QAAhB;AACD,OAJM,MAIA;AACL,cAAM,IAAIU,KAAJ,CAAU,oCAAoCV,QAA9C,CAAN;AACD;AACF,KA1BD,MA0BO,IAAI,sBAAOC,QAAP,MAAoB,QAAxB,EAAkC;AACvC,WAAKO,UAAL,CAAgBP,QAAhB;AACD;;AAED,SAAKU,OAAL,GAAe,IAAIC,QAAQC,UAAZ,EAAf;AACA,SAAKC,OAAL,GAAe,EAAf,CAnC8B,CAmCX;;AACnB,SAAKC,YAAL,GAAoB,EAApB,CApC8B,CAoCN;AACzB,G,CAED;AACA;AACA;;;;;SACAC,G;iBAAIC,W,EAAaxB,K,EAAO;AACtB,UAAK,sBAAOwB,WAAP,MAAuB,QAAxB,IAAsCxB,UAAUC,SAApD,EAAgE;AAC9D;AACA,aAAKc,UAAL,CAAgBS,WAAhB;;AACA;AACD,OALqB,CAMtB;AACA;;;AACA,UAAMC,MAAMD,WAAZ;AAEAxB,cAAQD,UAAUC,KAAV,CAAR;;AAEA,UAAM0B,aAAaC,EAAEC,GAAF,CAAM,KAAKnB,IAAX,EAAiBgB,GAAjB,CAAnB;;AACA,UAAMI,qBAAqBH,aAAa,KAAKjB,IAAL,CAAUgB,GAAV,CAAb,GAA8B,WAAzD;AACA,UAAMK,aAAc9B,UAAU6B,kBAA9B;AAEA,WAAKpB,IAAL,CAAUgB,GAAV,IAAiBzB,KAAjB;;AAEA,UAAI8B,cAAc,CAACJ,UAAnB,EAA+B;AAC7B;AACA;AACArB,gBAAQ,KAAKa,OAAb;AACD,OAtBqB,CAwBtB;AACA;;;AACA,UAAIY,cAAc,KAAKT,OAAvB,EAAgC;AAC9BhB,gBAAQ,KAAKgB,OAAL,CAAaI,GAAb,CAAR;;AACA,YAAI,KAAKH,YAAL,CAAkBG,GAAlB,CAAJ,EAA4B;AAC1BpB,kBAAQ,KAAKiB,YAAL,CAAkBG,GAAlB,EAAuBI,kBAAvB,CAAR;AACAxB,kBAAQ,KAAKiB,YAAL,CAAkBG,GAAlB,EAAuBzB,KAAvB,CAAR;AACD;AACF;AACF;;;;;SAED+B,U;wBAAWP,W,EAAaxB,K,EAAO;AAC7B,UAAK,sBAAOwB,WAAP,MAAuB,QAAxB,IAAsCxB,UAAUC,SAApD,EAAgE;AAC9D;AACA,aAAK+B,iBAAL,CAAuBR,WAAvB;;AACA;AACD,OAL4B,CAM7B;AACA;;;AACA,UAAMC,MAAMD,WAAZ;;AAEA,UAAI,CAAEG,EAAEC,GAAF,CAAM,KAAKnB,IAAX,EAAiBgB,GAAjB,CAAN,EAA6B;AAC3B,aAAKF,GAAL,CAASE,GAAT,EAAczB,KAAd;AACD;AACF;;;;;SAEDiC,G;iBAAIR,G,EAAK;AACP,WAAKS,UAAL,CAAgBT,GAAhB;;AACA,WAAKJ,OAAL,CAAaI,GAAb,EAAkBU,MAAlB;AACA,aAAOhC,MAAM,KAAKM,IAAL,CAAUgB,GAAV,CAAN,CAAP;AACD;;;;;SAEDW,M;oBAAOX,G,EAAKzB,K,EAAO;AAAA;;AACjB;AACA,UAAIqC,WAAW,IAAf;;AACA,UAAIC,QAAQC,KAAZ,EAAmB;AACjBF,mBAAWC,QAAQC,KAAR,CAAcC,KAAd,CAAoBH,QAA/B;AACD,OALgB,CAMjB;AACA;AACA;AACA;AACA;AACA;AACA;AACA;AACA;;;AACA,UAAI,OAAOrC,KAAP,KAAiB,QAAjB,IACA,OAAOA,KAAP,KAAiB,QADjB,IAEA,OAAOA,KAAP,KAAiB,SAFjB,IAGA,OAAOA,KAAP,KAAiB,WAHjB,IAIA,EAAEA,iBAAiByC,IAAnB,CAJA,IAKA,EAAEJ,YAAYrC,iBAAiBqC,QAA/B,CALA,IAMArC,UAAU,IANd,EAMoB;AAClB,cAAM,IAAIiB,KAAJ,CAAU,2CAAV,CAAN;AACD;;AACD,UAAMyB,kBAAkB3C,UAAUC,KAAV,CAAxB;;AAEA,UAAImB,QAAQwB,MAAZ,EAAoB;AAClB,aAAKT,UAAL,CAAgBT,GAAhB;;AAEA,YAAI,CAAEE,EAAEC,GAAF,CAAM,KAAKN,YAAL,CAAkBG,GAAlB,CAAN,EAA8BiB,eAA9B,CAAN,EAAsD;AACpD,eAAKpB,YAAL,CAAkBG,GAAlB,EAAuBiB,eAAvB,IAA0C,IAAIvB,QAAQC,UAAZ,EAA1C;AACD;;AAED,YAAIwB,QAAQ,KAAKtB,YAAL,CAAkBG,GAAlB,EAAuBiB,eAAvB,EAAwCP,MAAxC,EAAZ;;AACA,YAAIS,KAAJ,EAAW;AACTzB,kBAAQ0B,YAAR,CAAqB,YAAM;AACzB;AACA;AACA,gBAAI,CAAE,MAAKvB,YAAL,CAAkBG,GAAlB,EAAuBiB,eAAvB,EAAwCI,aAAxC,EAAN,EAA+D;AAC7D,qBAAO,MAAKxB,YAAL,CAAkBG,GAAlB,EAAuBiB,eAAvB,CAAP;AACD;AACF,WAND;AAOD;AACF;;AAED,UAAIK,WAAW9C,SAAf;;AACA,UAAI0B,EAAEC,GAAF,CAAM,KAAKnB,IAAX,EAAiBgB,GAAjB,CAAJ,EAA2B;AACzBsB,mBAAW5C,MAAM,KAAKM,IAAL,CAAUgB,GAAV,CAAN,CAAX;AACD;;AACD,aAAOvB,MAAMkC,MAAN,CAAaW,QAAb,EAAuB/C,KAAvB,CAAP;AACD;;;;;SAEDgD,G;mBAAM;AACJ,WAAK9B,OAAL,CAAaiB,MAAb;AACA,UAAIc,MAAM,EAAV;;AACAtB,QAAEuB,IAAF,CAAO,KAAKzC,IAAZ,EAAkB,UAACT,KAAD,EAAQyB,GAAR,EAAgB;AAChCwB,YAAIxB,GAAJ,IAAWtB,MAAMH,KAAN,CAAX;AACD,OAFD;;AAGA,aAAOiD,GAAP;AACD;;;;;SAEDE,K;qBAAQ;AAAA;;AACN,UAAMC,UAAU,KAAK3C,IAArB;AACA,WAAKA,IAAL,GAAY,EAAZ;AAEA,WAAKS,OAAL,CAAab,OAAb;;AAEAsB,QAAEuB,IAAF,CAAOE,OAAP,EAAgB,UAACpD,KAAD,EAAQyB,GAAR,EAAgB;AAC9BpB,gBAAQ,OAAKgB,OAAL,CAAaI,GAAb,CAAR;;AACA,YAAI,OAAKH,YAAL,CAAkBG,GAAlB,CAAJ,EAA4B;AAC1BpB,kBAAQ,OAAKiB,YAAL,CAAkBG,GAAlB,EAAuBzB,KAAvB,CAAR;AACAK,kBAAQ,OAAKiB,YAAL,CAAkBG,GAAlB,EAAuB,WAAvB,CAAR;AACD;AACF,OAND;AAOD;;;;;SAED4B,M;qBAAO5B,G,EAAK;AACV,UAAI6B,YAAY,KAAhB;;AAEA,UAAI3B,EAAEC,GAAF,CAAM,KAAKnB,IAAX,EAAiBgB,GAAjB,CAAJ,EAA2B;AACzB,YAAMsB,WAAW,KAAKtC,IAAL,CAAUgB,GAAV,CAAjB;AACA,eAAO,KAAKhB,IAAL,CAAUgB,GAAV,CAAP;AACApB,gBAAQ,KAAKgB,OAAL,CAAaI,GAAb,CAAR;;AACA,YAAI,KAAKH,YAAL,CAAkBG,GAAlB,CAAJ,EAA4B;AAC1BpB,kBAAQ,KAAKiB,YAAL,CAAkBG,GAAlB,EAAuBsB,QAAvB,CAAR;AACA1C,kBAAQ,KAAKiB,YAAL,CAAkBG,GAAlB,EAAuB,WAAvB,CAAR;AACD;;AACD,aAAKP,OAAL,CAAab,OAAb;AACAiD,oBAAY,IAAZ;AACD;;AACD,aAAOA,SAAP;AACD;;;;;SAEDC,O;uBAAU;AACR,WAAKJ,KAAL;;AACA,UAAI,KAAKnC,IAAL,IAAaW,EAAEC,GAAF,CAAM9B,aAAa0D,eAAnB,EAAoC,KAAKxC,IAAzC,CAAjB,EAAiE;AAC/D,eAAOlB,aAAa0D,eAAb,CAA6B,KAAKxC,IAAlC,CAAP;AACD;AACF;;;;;SAEDD,U;wBAAW0C,M,EAAQ;AAAA;;AACjB9B,QAAEuB,IAAF,CAAOO,MAAP,EAAe,UAACzD,KAAD,EAAQyB,GAAR,EAAgB;AAC7B,eAAKF,GAAL,CAASE,GAAT,EAAczB,KAAd;AACD,OAFD;AAGD;;;;;SAEDgC,iB;+BAAkByB,M,EAAQ;AAAA;;AACxB9B,QAAEuB,IAAF,CAAOO,MAAP,EAAe,UAACzD,KAAD,EAAQyB,GAAR,EAAgB;AAC7B,eAAKM,UAAL,CAAgBN,GAAhB,EAAqBzB,KAArB;AACD,OAFD;AAGD;;;;;SAEDkC,U;wBAAWT,G,EAAK;AACd,UAAI,EAAEA,OAAO,KAAKJ,OAAd,CAAJ,EAA4B;AAC1B,aAAKA,OAAL,CAAaI,GAAb,IAAoB,IAAIN,QAAQC,UAAZ,EAApB;AACA,aAAKE,YAAL,CAAkBG,GAAlB,IAAyB,EAAzB;AACD;AACF;;;OAED;AACA;;;SACAiC,iB;iCAAoB;AAClB;AACA,aAAO,KAAKjD,IAAZ;AACD","sourcesContent":["// XXX come up with a serialization method which canonicalizes object key\n// order, which would allow us to use objects as values for equals.\nfunction stringify(value) {\n  if (value === undefined) {\n    return 'undefined';\n  }\n  return EJSON.stringify(value);\n}\n\nfunction parse(serialized) {\n  if (serialized === undefined || serialized === 'undefined') {\n    return undefined;\n  }\n  return EJSON.parse(serialized);\n}\n\nfunction changed(v) {\n  v && v.changed();\n}\n\n// XXX COMPAT WITH 0.9.1 : accept migrationData instead of dictName\nexport class ReactiveDict {\n  constructor(dictName, dictData) {\n    // this.keys: key -> value\n    this.keys = {};\n\n    if (dictName) {\n      // name given; migration will be performed\n      if (typeof dictName === 'string') {\n        // the normal case, argument is a string name.\n\n        // Only run migration logic on client, it will cause\n        // duplicate name errors on server during reloads.\n        // _registerDictForMigrate will throw an error on duplicate name.\n        Meteor.isClient && ReactiveDict._registerDictForMigrate(dictName, this);\n        const migratedData = Meteor.isClient && ReactiveDict._loadMigratedDict(dictName);\n\n        if (migratedData) {\n          // Don't stringify migrated data\n          this.keys = migratedData;\n        } else {\n          // Use _setObject to make sure values are stringified\n          this._setObject(dictData || {});\n        }\n        this.name = dictName;\n      } else if (typeof dictName === 'object') {\n        // back-compat case: dictName is actually migrationData\n        // Use _setObject to make sure values are stringified\n        this._setObject(dictName);\n      } else {\n        throw new Error(\"Invalid ReactiveDict argument: \" + dictName);\n      }\n    } else if (typeof dictData === 'object') {\n      this._setObject(dictData);\n    }\n\n    this.allDeps = new Tracker.Dependency;\n    this.keyDeps = {}; // key -> Dependency\n    this.keyValueDeps = {}; // key -> Dependency\n  }\n\n  // set() began as a key/value method, but we are now overloading it\n  // to take an object of key/value pairs, similar to backbone\n  // http://backbonejs.org/#Model-set\n  set(keyOrObject, value) {\n    if ((typeof keyOrObject === 'object') && (value === undefined)) {\n      // Called as `dict.set({...})`\n      this._setObject(keyOrObject);\n      return;\n    }\n    // the input isn't an object, so it must be a key\n    // and we resume with the rest of the function\n    const key = keyOrObject;\n\n    value = stringify(value);\n\n    const keyExisted = _.has(this.keys, key);\n    const oldSerializedValue = keyExisted ? this.keys[key] : 'undefined';\n    const isNewValue = (value !== oldSerializedValue);\n\n    this.keys[key] = value;\n\n    if (isNewValue || !keyExisted) {\n      // Using the changed utility function here because this.allDeps might not exist yet,\n      // when setting initial data from constructor\n      changed(this.allDeps);\n    }\n\n    // Don't trigger changes when setting initial data from constructor,\n    // this.KeyDeps is undefined in this case\n    if (isNewValue && this.keyDeps) {\n      changed(this.keyDeps[key]);\n      if (this.keyValueDeps[key]) {\n        changed(this.keyValueDeps[key][oldSerializedValue]);\n        changed(this.keyValueDeps[key][value]);\n      }\n    }\n  }\n\n  setDefault(keyOrObject, value) {\n    if ((typeof keyOrObject === 'object') && (value === undefined)) {\n      // Called as `dict.setDefault({...})`\n      this._setDefaultObject(keyOrObject);\n      return;\n    }\n    // the input isn't an object, so it must be a key\n    // and we resume with the rest of the function\n    const key = keyOrObject;\n\n    if (! _.has(this.keys, key)) {\n      this.set(key, value);\n    }\n  }\n\n  get(key) {\n    this._ensureKey(key);\n    this.keyDeps[key].depend();\n    return parse(this.keys[key]);\n  }\n\n  equals(key, value) {\n    // Mongo.ObjectID is in the 'mongo' package\n    let ObjectID = null;\n    if (Package.mongo) {\n      ObjectID = Package.mongo.Mongo.ObjectID;\n    }\n    // We don't allow objects (or arrays that might include objects) for\n    // .equals, because JSON.stringify doesn't canonicalize object key\n    // order. (We can make equals have the right return value by parsing the\n    // current value and using EJSON.equals, but we won't have a canonical\n    // element of keyValueDeps[key] to store the dependency.) You can still use\n    // \"EJSON.equals(reactiveDict.get(key), value)\".\n    //\n    // XXX we could allow arrays as long as we recursively check that there\n    // are no objects\n    if (typeof value !== 'string' &&\n        typeof value !== 'number' &&\n        typeof value !== 'boolean' &&\n        typeof value !== 'undefined' &&\n        !(value instanceof Date) &&\n        !(ObjectID && value instanceof ObjectID) &&\n        value !== null) {\n      throw new Error(\"ReactiveDict.equals: value must be scalar\");\n    }\n    const serializedValue = stringify(value);\n\n    if (Tracker.active) {\n      this._ensureKey(key);\n\n      if (! _.has(this.keyValueDeps[key], serializedValue)) {\n        this.keyValueDeps[key][serializedValue] = new Tracker.Dependency;\n      }\n\n      var isNew = this.keyValueDeps[key][serializedValue].depend();\n      if (isNew) {\n        Tracker.onInvalidate(() => {\n          // clean up [key][serializedValue] if it's now empty, so we don't\n          // use O(n) memory for n = values seen ever\n          if (! this.keyValueDeps[key][serializedValue].hasDependents()) {\n            delete this.keyValueDeps[key][serializedValue];\n          }\n        });\n      }\n    }\n\n    let oldValue = undefined;\n    if (_.has(this.keys, key)) {\n      oldValue = parse(this.keys[key]);\n    }\n    return EJSON.equals(oldValue, value);\n  }\n\n  all() {\n    this.allDeps.depend();\n    let ret = {};\n    _.each(this.keys, (value, key) => {\n      ret[key] = parse(value);\n    });\n    return ret;\n  }\n\n  clear() {\n    const oldKeys = this.keys;\n    this.keys = {};\n\n    this.allDeps.changed();\n\n    _.each(oldKeys, (value, key) => {\n      changed(this.keyDeps[key]);\n      if (this.keyValueDeps[key]) {\n        changed(this.keyValueDeps[key][value]);\n        changed(this.keyValueDeps[key]['undefined']);\n      }\n    });\n  }\n\n  delete(key) {\n    let didRemove = false;\n\n    if (_.has(this.keys, key)) {\n      const oldValue = this.keys[key];\n      delete this.keys[key];\n      changed(this.keyDeps[key]);\n      if (this.keyValueDeps[key]) {\n        changed(this.keyValueDeps[key][oldValue]);\n        changed(this.keyValueDeps[key]['undefined']);\n      }\n      this.allDeps.changed();\n      didRemove = true;\n    }\n    return didRemove;\n  }\n  \n  destroy() {\n    this.clear();\n    if (this.name && _.has(ReactiveDict._dictsToMigrate, this.name)) {\n      delete ReactiveDict._dictsToMigrate[this.name];\n    }\n  }\n\n  _setObject(object) {\n    _.each(object, (value, key) => {\n      this.set(key, value);\n    });\n  }\n\n  _setDefaultObject(object) {\n    _.each(object, (value, key) => {\n      this.setDefault(key, value);\n    });\n  }\n\n  _ensureKey(key) {\n    if (!(key in this.keyDeps)) {\n      this.keyDeps[key] = new Tracker.Dependency;\n      this.keyValueDeps[key] = {};\n    }\n  }\n\n  // Get a JSON value that can be passed to the constructor to\n  // create a new ReactiveDict with the same contents as this one\n  _getMigrationData() {\n    // XXX sanitize and make sure it's JSONible?\n    return this.keys;\n  }\n}\n"]},"sourceType":"script","hash":"7263f45b6c3aaae4c1060b2abfdfd8623e81762c"}
