{"metadata":{},"options":{"plugins":[{"key":"base$1$0","visitor":{"_exploded":{},"_verified":{},"JSXNamespacedName":{"enter":[null]},"JSXElement":{"exit":[null]},"JSXFragment":{"exit":[null]},"Program":{"enter":[null],"exit":[null]},"JSXAttribute":{"enter":[null]}},"options":{"pragma":"React.createElement","pragmaFrag":"React.Fragment","throwIfNamespace":true,"useBuiltIns":false}},{"key":"base$1$1","visitor":{"_exploded":true,"_verified":true},"options":{}},{"key":"base$1$2","visitor":{"ExportDefaultDeclaration":{"enter":[null]},"CallExpression":{"enter":[null]},"_exploded":true,"_verified":true},"options":{}},{"key":"base$0$0","visitor":{"Program":{"enter":[null]},"_exploded":true,"_verified":true},"options":{"generateLetDeclarations":true,"enforceStrictMode":false}},{"key":"base$0$1","visitor":{"_exploded":true,"_verified":true},"options":{}},{"key":"base$0$2","visitor":{"_exploded":{},"_verified":{},"Program":{"enter":[null]},"ImportDeclaration":{"enter":[null,null]},"ClassProperty":{"enter":[null]},"AssignmentPattern":{"enter":[null]},"TypeCastExpression":{"enter":[null,null]},"ImportSpecifier":{"enter":[null]},"ClassDeclaration":{"enter":[null]},"ClassExpression":{"enter":[null]},"FunctionDeclaration":{"enter":[null]},"FunctionExpression":{"enter":[null]},"ObjectMethod":{"enter":[null]},"ArrowFunctionExpression":{"enter":[null]},"ClassMethod":{"enter":[null]},"AnyTypeAnnotation":{"enter":[null]},"ArrayTypeAnnotation":{"enter":[null]},"BooleanTypeAnnotation":{"enter":[null]},"BooleanLiteralTypeAnnotation":{"enter":[null]},"NullLiteralTypeAnnotation":{"enter":[null]},"ClassImplements":{"enter":[null]},"DeclareClass":{"enter":[null]},"DeclareFunction":{"enter":[null]},"DeclareInterface":{"enter":[null]},"DeclareModule":{"enter":[null]},"DeclareModuleExports":{"enter":[null]},"DeclareTypeAlias":{"enter":[null]},"DeclareOpaqueType":{"enter":[null]},"DeclareVariable":{"enter":[null]},"DeclareExportDeclaration":{"enter":[null]},"DeclareExportAllDeclaration":{"enter":[null]},"DeclaredPredicate":{"enter":[null]},"ExistsTypeAnnotation":{"enter":[null]},"FunctionTypeAnnotation":{"enter":[null]},"FunctionTypeParam":{"enter":[null]},"GenericTypeAnnotation":{"enter":[null]},"InferredPredicate":{"enter":[null]},"InterfaceExtends":{"enter":[null]},"InterfaceDeclaration":{"enter":[null]},"IntersectionTypeAnnotation":{"enter":[null]},"MixedTypeAnnotation":{"enter":[null]},"EmptyTypeAnnotation":{"enter":[null]},"NullableTypeAnnotation":{"enter":[null]},"NumberLiteralTypeAnnotation":{"enter":[null]},"NumberTypeAnnotation":{"enter":[null]},"ObjectTypeAnnotation":{"enter":[null]},"ObjectTypeCallProperty":{"enter":[null]},"ObjectTypeIndexer":{"enter":[null]},"ObjectTypeProperty":{"enter":[null]},"ObjectTypeSpreadProperty":{"enter":[null]},"OpaqueType":{"enter":[null]},"QualifiedTypeIdentifier":{"enter":[null]},"StringLiteralTypeAnnotation":{"enter":[null]},"StringTypeAnnotation":{"enter":[null]},"ThisTypeAnnotation":{"enter":[null]},"TupleTypeAnnotation":{"enter":[null]},"TypeofTypeAnnotation":{"enter":[null]},"TypeAlias":{"enter":[null]},"TypeAnnotation":{"enter":[null]},"TypeParameter":{"enter":[null]},"TypeParameterDeclaration":{"enter":[null]},"TypeParameterInstantiation":{"enter":[null]},"UnionTypeAnnotation":{"enter":[null]},"Variance":{"enter":[null]},"VoidTypeAnnotation":{"enter":[null]},"ExportAllDeclaration":{"enter":[null]},"ExportDefaultDeclaration":{"enter":[null]},"ExportNamedDeclaration":{"enter":[null]}},"options":{}},{"key":"base$0$3","visitor":{"CallExpression":{"enter":[null]},"BinaryExpression":{"enter":[null]},"MemberExpression":{"enter":[null],"exit":[null]},"_exploded":true,"_verified":true,"Identifier":{"enter":[null]},"JSXIdentifier":{"enter":[null]}},"options":{"polyfill":false,"useBuiltIns":true}},{"key":"base$0$4","visitor":{"_exploded":true,"_verified":true},"options":{}},{"key":"base$0$5","visitor":{"_exploded":{},"_verified":{},"VariableDeclarator":{"enter":[null]},"ExportNamedDeclaration":{"enter":[null]},"CatchClause":{"enter":[null]},"AssignmentExpression":{"enter":[null]},"ObjectExpression":{"enter":[null]},"FunctionDeclaration":{"enter":[null]},"FunctionExpression":{"enter":[null]},"ObjectMethod":{"enter":[null]},"ArrowFunctionExpression":{"enter":[null]},"ClassMethod":{"enter":[null]},"ForInStatement":{"enter":[null]},"ForOfStatement":{"enter":[null]}},"options":{}},{"key":"transform-meteor-async-await","visitor":{"AwaitExpression":{"enter":[null]},"_exploded":true,"_verified":true,"FunctionDeclaration":{"exit":[null]},"FunctionExpression":{"exit":[null]},"ObjectMethod":{"exit":[null]},"ArrowFunctionExpression":{"exit":[null]},"ClassMethod":{"exit":[null]}},"options":{"useNativeAsyncAwait":false}},{"key":"transform-meteor-dynamic-import","visitor":{"_exploded":{},"_verified":{},"CallExpression":{"enter":[null]}},"options":{}},{"key":"base$0$8","visitor":{"_exploded":{},"_verified":{},"Program":{"enter":[null]}},"options":{}},{"key":"base$0$9","visitor":{"Program":{"exit":[null]},"_exploded":true,"_verified":true},"options":{"allowTopLevelThis":true,"strictMode":false,"loose":true}},{"key":"base$0$10","visitor":{"_exploded":{},"_verified":{},"ClassDeclaration":{"enter":[null]},"ClassExpression":{"enter":[null]}},"options":{"loose":true}}],"compact":false,"ast":true,"babelrc":false,"sourceFileName":"imports/ui/App.js","filename":"imports/ui/App.js","sourceMaps":true,"envName":"development","cwd":"/Users/administrator/Downloads/meteor-serverless-training/weather-info-react","passPerPreset":false,"presets":[],"parserOpts":{"sourceType":"module","sourceFileName":"imports/ui/App.js","plugins":["jsx","jsx","flow","flow","objectRestSpread","objectRestSpread","dynamicImport","asyncGenerators","classProperties","classPrivateProperties"]},"generatorOpts":{"filename":"imports/ui/App.js","comments":true,"compact":false,"sourceMaps":true,"sourceFileName":"imports/ui/App.js"}},"code":"let React, Component;\nmodule.watch(require(\"react\"), {\n  default(v) {\n    React = v;\n  },\n\n  Component(v) {\n    Component = v;\n  }\n\n}, 0);\nlet ReactDOM;\nmodule.watch(require(\"react-dom\"), {\n  default(v) {\n    ReactDOM = v;\n  }\n\n}, 1);\nlet withTracker;\nmodule.watch(require(\"meteor/react-meteor-data\"), {\n  withTracker(v) {\n    withTracker = v;\n  }\n\n}, 2);\n\nclass AddEvent extends Component {\n  constructor(props) {\n    super(props);\n\n    this.handleChange = event => {\n      const field = event.target.name;\n      this.setState({\n        [field]: event.target.value\n      });\n    };\n\n    this.handleSubmit = event => {\n      event.preventDefault();\n      Meteor.call(\"getWeather\", parseInt(this.state.zipcode), function (err, res) {\n        if (err) {\n          alert(err.reason);\n        } else {\n          tthis.setState({\n            weatherInformation: res\n          });\n        }\n      });\n    };\n\n    this.state = {\n      zipcode: \"\",\n      weatherInformation: []\n    };\n  }\n\n  render() {\n    return React.createElement(\"div\", null, React.createElement(\"form\", {\n      onSubmit: this.handleSubmit\n    }, React.createElement(\"div\", null, React.createElement(\"label\", null, \"Zipcode:\"), React.createElement(\"input\", {\n      type: \"number\",\n      placeholder: \"Enter zipcode\",\n      name: \"zipcode\",\n      onChange: this.handleChange\n    })), React.createElement(\"button\", {\n      type: \"submit\"\n    }, \"Get Weather\")), React.createElement(\"div\", null, this.state.weatherInformation));\n  }\n\n}\n\nmodule.exportDefault(AddEvent);","map":{"version":3,"sources":["imports/ui/App.js"],"names":["React","Component","module","watch","require","default","v","ReactDOM","withTracker","AddEvent","constructor","props","handleChange","event","field","target","name","setState","value","handleSubmit","preventDefault","Meteor","call","parseInt","state","zipcode","err","res","alert","reason","tthis","weatherInformation","render","exportDefault"],"mappings":"AAAA,IAAIA,KAAJ,EAAUC,SAAV;AAAoBC,OAAOC,KAAP,CAAaC,QAAQ,OAAR,CAAb,EAA8B;AAACC,UAAQC,CAAR,EAAU;AAACN,YAAMM,CAAN;AAAQ,GAApB;;AAAqBL,YAAUK,CAAV,EAAY;AAACL,gBAAUK,CAAV;AAAY;;AAA9C,CAA9B,EAA8E,CAA9E;AAAiF,IAAIC,QAAJ;AAAaL,OAAOC,KAAP,CAAaC,QAAQ,WAAR,CAAb,EAAkC;AAACC,UAAQC,CAAR,EAAU;AAACC,eAASD,CAAT;AAAW;;AAAvB,CAAlC,EAA2D,CAA3D;AAA8D,IAAIE,WAAJ;AAAgBN,OAAOC,KAAP,CAAaC,QAAQ,0BAAR,CAAb,EAAiD;AAACI,cAAYF,CAAZ,EAAc;AAACE,kBAAYF,CAAZ;AAAc;;AAA9B,CAAjD,EAAiF,CAAjF;;AAIhM,MAAMG,QAAN,SAAuBR,SAAvB,CAAiC;AAC7BS,cAAYC,KAAZ,EAAmB;AACf,UAAMA,KAAN;;AADe,SAOnBC,YAPmB,GAOHC,KAAD,IAAW;AACtB,YAAMC,QAAQD,MAAME,MAAN,CAAaC,IAA3B;AACA,WAAKC,QAAL,CAAc;AACV,SAACH,KAAD,GAASD,MAAME,MAAN,CAAaG;AADZ,OAAd;AAGH,KAZkB;;AAAA,SAcnBC,YAdmB,GAcHN,KAAD,IAAW;AACtBA,YAAMO,cAAN;AACAC,aAAOC,IAAP,CAAY,YAAZ,EAAyBC,SAAS,KAAKC,KAAL,CAAWC,OAApB,CAAzB,EAAuD,UAASC,GAAT,EAAcC,GAAd,EAAkB;AACrE,YAAGD,GAAH,EAAO;AACLE,gBAAMF,IAAIG,MAAV;AACD,SAFD,MAEK;AACHC,gBAAMb,QAAN,CAAe;AACbc,gCAAoBJ;AADP,WAAf;AAGD;AACJ,OARD;AASH,KAzBkB;;AAEf,SAAKH,KAAL,GAAa;AACTC,eAAS,EADA;AAETM,0BAAoB;AAFX,KAAb;AAIH;;AAqBDC,WAAS;AACL,WACI,iCACI;AAAM,gBAAU,KAAKb;AAArB,OAEI,iCACI,8CADJ,EAEI;AACI,YAAK,QADT;AAEI,mBAAY,eAFhB;AAGI,YAAK,SAHT;AAII,gBAAU,KAAKP;AAJnB,MAFJ,CAFJ,EAYI;AAAQ,YAAK;AAAb,qBAZJ,CADJ,EAeI,iCAAM,KAAKY,KAAL,CAAWO,kBAAjB,CAfJ,CADJ;AAmBH;;AAhD4B;;AAJjC7B,OAAO+B,aAAP,CAuDexB,QAvDf","sourcesContent":["import React, { Component } from 'react';\nimport ReactDOM from 'react-dom'\nimport { withTracker } from 'meteor/react-meteor-data';\n\nclass AddEvent extends Component {\n    constructor(props) {\n        super(props);\n        this.state = {\n            zipcode: \"\",\n            weatherInformation: []\n        }\n    }\n    handleChange = (event) => {\n        const field = event.target.name;\n        this.setState({\n            [field]: event.target.value\n        })\n    }\n\n    handleSubmit = (event) => {\n        event.preventDefault();\n        Meteor.call(\"getWeather\",parseInt(this.state.zipcode), function(err, res){\n            if(err){\n              alert(err.reason);\n            }else{\n              tthis.setState({\n                weatherInformation: res\n            })\n            }\n        });\n    }\n\n    render() {\n        return (\n            <div>\n                <form onSubmit={this.handleSubmit}>\n\n                    <div >\n                        <label>Zipcode:</label>\n                        <input\n                            type=\"number\"\n                            placeholder=\"Enter zipcode\"\n                            name=\"zipcode\"\n                            onChange={this.handleChange}\n                        />\n                    </div>\n\n                    <button type=\"submit\" >Get Weather</button>\n                </form>\n                <div>{this.state.weatherInformation}</div>\n            </div>\n        );\n    }\n}\n\nexport default AddEvent;\n"]},"sourceType":"script","hash":"73f95fb6bb8bb8241f6708a19d83c17aeb41055a"}
