{"metadata":{},"options":{"plugins":[{"key":"base$1$0","visitor":{"_exploded":{},"_verified":{},"JSXNamespacedName":{"enter":[null]},"JSXElement":{"exit":[null]},"JSXFragment":{"exit":[null]},"Program":{"enter":[null],"exit":[null]},"JSXAttribute":{"enter":[null]}},"options":{"pragma":"React.createElement","pragmaFrag":"React.Fragment","throwIfNamespace":true,"useBuiltIns":false}},{"key":"base$1$1","visitor":{"_exploded":true,"_verified":true},"options":{}},{"key":"base$1$2","visitor":{"ExportDefaultDeclaration":{"enter":[null]},"CallExpression":{"enter":[null]},"_exploded":true,"_verified":true},"options":{}},{"key":"base$0$0","visitor":{"Program":{"enter":[null]},"_exploded":true,"_verified":true},"options":{"generateLetDeclarations":true,"enforceStrictMode":false}},{"key":"base$0$1","visitor":{"_exploded":true,"_verified":true},"options":{}},{"key":"base$0$2","visitor":{"_exploded":{},"_verified":{},"Program":{"enter":[null]},"ImportDeclaration":{"enter":[null,null]},"ClassProperty":{"enter":[null]},"AssignmentPattern":{"enter":[null]},"TypeCastExpression":{"enter":[null,null]},"ImportSpecifier":{"enter":[null]},"ClassDeclaration":{"enter":[null]},"ClassExpression":{"enter":[null]},"FunctionDeclaration":{"enter":[null]},"FunctionExpression":{"enter":[null]},"ObjectMethod":{"enter":[null]},"ArrowFunctionExpression":{"enter":[null]},"ClassMethod":{"enter":[null]},"AnyTypeAnnotation":{"enter":[null]},"ArrayTypeAnnotation":{"enter":[null]},"BooleanTypeAnnotation":{"enter":[null]},"BooleanLiteralTypeAnnotation":{"enter":[null]},"NullLiteralTypeAnnotation":{"enter":[null]},"ClassImplements":{"enter":[null]},"DeclareClass":{"enter":[null]},"DeclareFunction":{"enter":[null]},"DeclareInterface":{"enter":[null]},"DeclareModule":{"enter":[null]},"DeclareModuleExports":{"enter":[null]},"DeclareTypeAlias":{"enter":[null]},"DeclareOpaqueType":{"enter":[null]},"DeclareVariable":{"enter":[null]},"DeclareExportDeclaration":{"enter":[null]},"DeclareExportAllDeclaration":{"enter":[null]},"DeclaredPredicate":{"enter":[null]},"ExistsTypeAnnotation":{"enter":[null]},"FunctionTypeAnnotation":{"enter":[null]},"FunctionTypeParam":{"enter":[null]},"GenericTypeAnnotation":{"enter":[null]},"InferredPredicate":{"enter":[null]},"InterfaceExtends":{"enter":[null]},"InterfaceDeclaration":{"enter":[null]},"IntersectionTypeAnnotation":{"enter":[null]},"MixedTypeAnnotation":{"enter":[null]},"EmptyTypeAnnotation":{"enter":[null]},"NullableTypeAnnotation":{"enter":[null]},"NumberLiteralTypeAnnotation":{"enter":[null]},"NumberTypeAnnotation":{"enter":[null]},"ObjectTypeAnnotation":{"enter":[null]},"ObjectTypeCallProperty":{"enter":[null]},"ObjectTypeIndexer":{"enter":[null]},"ObjectTypeProperty":{"enter":[null]},"ObjectTypeSpreadProperty":{"enter":[null]},"OpaqueType":{"enter":[null]},"QualifiedTypeIdentifier":{"enter":[null]},"StringLiteralTypeAnnotation":{"enter":[null]},"StringTypeAnnotation":{"enter":[null]},"ThisTypeAnnotation":{"enter":[null]},"TupleTypeAnnotation":{"enter":[null]},"TypeofTypeAnnotation":{"enter":[null]},"TypeAlias":{"enter":[null]},"TypeAnnotation":{"enter":[null]},"TypeParameter":{"enter":[null]},"TypeParameterDeclaration":{"enter":[null]},"TypeParameterInstantiation":{"enter":[null]},"UnionTypeAnnotation":{"enter":[null]},"Variance":{"enter":[null]},"VoidTypeAnnotation":{"enter":[null]},"ExportAllDeclaration":{"enter":[null]},"ExportDefaultDeclaration":{"enter":[null]},"ExportNamedDeclaration":{"enter":[null]}},"options":{}},{"key":"base$0$3","visitor":{"CallExpression":{"enter":[null]},"BinaryExpression":{"enter":[null]},"MemberExpression":{"enter":[null],"exit":[null]},"_exploded":true,"_verified":true,"Identifier":{"enter":[null]},"JSXIdentifier":{"enter":[null]}},"options":{"polyfill":false,"useBuiltIns":true}},{"key":"base$0$4","visitor":{"_exploded":true,"_verified":true},"options":{}},{"key":"base$0$5","visitor":{"_exploded":{},"_verified":{},"VariableDeclarator":{"enter":[null]},"ExportNamedDeclaration":{"enter":[null]},"CatchClause":{"enter":[null]},"AssignmentExpression":{"enter":[null]},"ObjectExpression":{"enter":[null]},"FunctionDeclaration":{"enter":[null]},"FunctionExpression":{"enter":[null]},"ObjectMethod":{"enter":[null]},"ArrowFunctionExpression":{"enter":[null]},"ClassMethod":{"enter":[null]},"ForInStatement":{"enter":[null]},"ForOfStatement":{"enter":[null]}},"options":{}},{"key":"transform-meteor-async-await","visitor":{"AwaitExpression":{"enter":[null]},"_exploded":true,"_verified":true,"FunctionDeclaration":{"exit":[null]},"FunctionExpression":{"exit":[null]},"ObjectMethod":{"exit":[null]},"ArrowFunctionExpression":{"exit":[null]},"ClassMethod":{"exit":[null]}},"options":{"useNativeAsyncAwait":false}},{"key":"transform-meteor-dynamic-import","visitor":{"_exploded":{},"_verified":{},"CallExpression":{"enter":[null]}},"options":{}},{"key":"base$0$8","visitor":{"_exploded":{},"_verified":{},"Program":{"enter":[null]}},"options":{}},{"key":"base$0$9","visitor":{"Program":{"exit":[null]},"_exploded":true,"_verified":true},"options":{"allowTopLevelThis":true,"strictMode":false,"loose":true}},{"key":"base$0$10","visitor":{"_exploded":{},"_verified":{},"ClassDeclaration":{"enter":[null]},"ClassExpression":{"enter":[null]}},"options":{"loose":true}}],"compact":false,"ast":true,"babelrc":false,"sourceFileName":"packages/ejson/custom_models_for_tests.js","filename":"packages/ejson/custom_models_for_tests.js","sourceMaps":true,"envName":"development","cwd":"/Users/administrator/Downloads/meteor-serverless-training/weather-info","passPerPreset":false,"presets":[],"parserOpts":{"sourceType":"module","sourceFileName":"packages/ejson/custom_models_for_tests.js","plugins":["jsx","jsx","flow","flow","objectRestSpread","objectRestSpread","dynamicImport","asyncGenerators","classProperties","classPrivateProperties"]},"generatorOpts":{"filename":"packages/ejson/custom_models_for_tests.js","comments":true,"compact":false,"sourceMaps":true,"sourceFileName":"packages/ejson/custom_models_for_tests.js"}},"code":"let EJSON;\nmodule.watch(require(\"./ejson\"), {\n  EJSON(v) {\n    EJSON = v;\n  }\n\n}, 0);\n\nclass Address {\n  constructor(city, state) {\n    this.city = city;\n    this.state = state;\n  }\n\n  typeName() {\n    return 'Address';\n  }\n\n  toJSONValue() {\n    return {\n      city: this.city,\n      state: this.state\n    };\n  }\n\n}\n\nEJSON.addType('Address', value => new Address(value.city, value.state));\n\nclass Person {\n  constructor(name, dob, address) {\n    this.name = name;\n    this.dob = dob;\n    this.address = address;\n  }\n\n  typeName() {\n    return 'Person';\n  }\n\n  toJSONValue() {\n    return {\n      name: this.name,\n      dob: EJSON.toJSONValue(this.dob),\n      address: EJSON.toJSONValue(this.address)\n    };\n  }\n\n}\n\nEJSON.addType('Person', value => new Person(value.name, EJSON.fromJSONValue(value.dob), EJSON.fromJSONValue(value.address)));\n\nclass Holder {\n  constructor(content) {\n    this.content = content;\n  }\n\n  typeName() {\n    return 'Holder';\n  }\n\n  toJSONValue() {\n    return this.content;\n  }\n\n}\n\nEJSON.addType('Holder', value => new Holder(value));\nconst EJSONTest = {\n  Address,\n  Person,\n  Holder\n};\nmodule.exportDefault(EJSONTest);","map":{"version":3,"sources":["packages/ejson/custom_models_for_tests.js"],"names":["EJSON","module","watch","require","v","Address","constructor","city","state","typeName","toJSONValue","addType","value","Person","name","dob","address","fromJSONValue","Holder","content","EJSONTest","exportDefault"],"mappings":"AAAA,IAAIA,KAAJ;AAAUC,OAAOC,KAAP,CAAaC,QAAQ,SAAR,CAAb,EAAgC;AAACH,QAAMI,CAAN,EAAQ;AAACJ,YAAMI,CAAN;AAAQ;;AAAlB,CAAhC,EAAoD,CAApD;;AAEV,MAAMC,OAAN,CAAc;AACZC,cAAYC,IAAZ,EAAkBC,KAAlB,EAAyB;AACvB,SAAKD,IAAL,GAAYA,IAAZ;AACA,SAAKC,KAAL,GAAaA,KAAb;AACD;;AAEDC,aAAW;AACT,WAAO,SAAP;AACD;;AAEDC,gBAAc;AACZ,WAAO;AACLH,YAAM,KAAKA,IADN;AAELC,aAAO,KAAKA;AAFP,KAAP;AAID;;AAfW;;AAkBdR,MAAMW,OAAN,CAAc,SAAd,EAAyBC,SAAS,IAAIP,OAAJ,CAAYO,MAAML,IAAlB,EAAwBK,MAAMJ,KAA9B,CAAlC;;AAEA,MAAMK,MAAN,CAAa;AACXP,cAAYQ,IAAZ,EAAkBC,GAAlB,EAAuBC,OAAvB,EAAgC;AAC9B,SAAKF,IAAL,GAAYA,IAAZ;AACA,SAAKC,GAAL,GAAWA,GAAX;AACA,SAAKC,OAAL,GAAeA,OAAf;AACD;;AAEDP,aAAW;AACT,WAAO,QAAP;AACD;;AAEDC,gBAAc;AACZ,WAAO;AACLI,YAAM,KAAKA,IADN;AAELC,WAAKf,MAAMU,WAAN,CAAkB,KAAKK,GAAvB,CAFA;AAGLC,eAAShB,MAAMU,WAAN,CAAkB,KAAKM,OAAvB;AAHJ,KAAP;AAKD;;AAjBU;;AAoBbhB,MAAMW,OAAN,CACE,QADF,EAEEC,SAAS,IAAIC,MAAJ,CACPD,MAAME,IADC,EAEPd,MAAMiB,aAAN,CAAoBL,MAAMG,GAA1B,CAFO,EAGPf,MAAMiB,aAAN,CAAoBL,MAAMI,OAA1B,CAHO,CAFX;;AASA,MAAME,MAAN,CAAa;AACXZ,cAAYa,OAAZ,EAAqB;AACnB,SAAKA,OAAL,GAAeA,OAAf;AACD;;AAEDV,aAAW;AACT,WAAO,QAAP;AACD;;AAEDC,gBAAc;AACZ,WAAO,KAAKS,OAAZ;AACD;;AAXU;;AAcbnB,MAAMW,OAAN,CAAc,QAAd,EAAwBC,SAAS,IAAIM,MAAJ,CAAWN,KAAX,CAAjC;AAEA,MAAMQ,YAAY;AAChBf,SADgB;AAEhBQ,QAFgB;AAGhBK;AAHgB,CAAlB;AAnEAjB,OAAOoB,aAAP,CAyEeD,SAzEf","sourcesContent":["import { EJSON } from './ejson';\n\nclass Address {\n  constructor(city, state) {\n    this.city = city;\n    this.state = state;\n  }\n\n  typeName() {\n    return 'Address';\n  }\n\n  toJSONValue() {\n    return {\n      city: this.city,\n      state: this.state,\n    };\n  }\n}\n\nEJSON.addType('Address', value => new Address(value.city, value.state));\n\nclass Person {\n  constructor(name, dob, address) {\n    this.name = name;\n    this.dob = dob;\n    this.address = address;\n  }\n\n  typeName() {\n    return 'Person';\n  }\n\n  toJSONValue() {\n    return {\n      name: this.name,\n      dob: EJSON.toJSONValue(this.dob),\n      address: EJSON.toJSONValue(this.address),\n    };\n  }\n}\n\nEJSON.addType(\n  'Person',\n  value => new Person(\n    value.name,\n    EJSON.fromJSONValue(value.dob),\n    EJSON.fromJSONValue(value.address)\n  )\n);\n\nclass Holder {\n  constructor(content) {\n    this.content = content;\n  }\n\n  typeName() {\n    return 'Holder';\n  }\n\n  toJSONValue() {\n    return this.content;\n  }\n}\n\nEJSON.addType('Holder', value => new Holder(value));\n\nconst EJSONTest = {\n  Address,\n  Person,\n  Holder,\n};\n\nexport default EJSONTest;\n"]},"sourceType":"script","hash":"7493bb9c7b70f3b60eafd47b81ce628965b3ac41"}
