{"metadata":{},"options":{"plugins":[{"key":"base$0$0","visitor":{"Program":{"enter":[null]},"_exploded":true,"_verified":true},"options":{"generateLetDeclarations":true,"enforceStrictMode":false}},{"key":"transform-meteor-dynamic-import","visitor":{"_exploded":{},"_verified":{},"CallExpression":{"enter":[null]}},"options":{}},{"key":"base$0$2","visitor":{"CallExpression":{"enter":[null]},"BinaryExpression":{"enter":[null]},"MemberExpression":{"enter":[null],"exit":[null]},"_exploded":true,"_verified":true,"Identifier":{"enter":[null]},"JSXIdentifier":{"enter":[null]}},"options":{"polyfill":false,"useBuiltIns":false}},{"key":"base$0$3","visitor":{"_exploded":{},"_verified":{},"ClassDeclaration":{"enter":[null]},"ClassExpression":{"enter":[null]}},"options":{"loose":true}},{"key":"base$0$4","visitor":{"FunctionExpression":{"exit":[null]},"_exploded":true,"_verified":true},"options":{}},{"key":"base$0$5","visitor":{"ForInStatement":{"enter":[null]},"_exploded":true,"_verified":true},"options":{}},{"key":"base$0$6","visitor":{"Program":{"exit":[null]},"_exploded":true,"_verified":true},"options":{"allowTopLevelThis":true,"strictMode":false,"loose":true}},{"key":"base$0$1$0","visitor":{"_exploded":{},"_verified":{},"JSXNamespacedName":{"enter":[null]},"JSXElement":{"exit":[null]},"JSXFragment":{"exit":[null]},"Program":{"enter":[null],"exit":[null]},"JSXAttribute":{"enter":[null]}},"options":{"pragma":"React.createElement","pragmaFrag":"React.Fragment","throwIfNamespace":true,"useBuiltIns":false}},{"key":"base$0$1$1","visitor":{"_exploded":true,"_verified":true},"options":{}},{"key":"base$0$1$2","visitor":{"ExportDefaultDeclaration":{"enter":[null]},"CallExpression":{"enter":[null]},"_exploded":true,"_verified":true},"options":{}},{"key":"base$0$0$0","visitor":{"_exploded":true,"_verified":true},"options":{}},{"key":"base$0$0$1","visitor":{"_exploded":true,"_verified":true},"options":{}},{"key":"base$0$0$2","visitor":{"ArrowFunctionExpression":{"enter":[null]},"_exploded":true,"_verified":true},"options":{}},{"key":"base$0$0$3","visitor":{"BlockStatement":{"enter":[null]},"SwitchCase":{"enter":[null]},"_exploded":true,"_verified":true},"options":{}},{"key":"base$0$0$4","visitor":{"VariableDeclaration":{"enter":[null]},"CatchClause":{"enter":[null]},"_exploded":true,"BlockStatement":{"enter":[null]},"SwitchStatement":{"enter":[null]},"Program":{"enter":[null]},"_verified":true,"DoWhileStatement":{"enter":[null]},"ForInStatement":{"enter":[null]},"ForStatement":{"enter":[null]},"WhileStatement":{"enter":[null]},"ForOfStatement":{"enter":[null]}},"options":{}},{"key":"base$0$0$5","visitor":{"ExportDefaultDeclaration":{"enter":[null]},"ClassDeclaration":{"enter":[null]},"ClassExpression":{"enter":[null]},"_exploded":true,"_verified":true},"options":{"loose":true}},{"key":"base$0$0$6","visitor":{"ObjectExpression":{"exit":[null]},"_exploded":true,"_verified":true},"options":{"loose":true}},{"key":"base$0$0$7","visitor":{"ExportNamedDeclaration":{"enter":[null]},"CatchClause":{"enter":[null]},"AssignmentExpression":{"enter":[null]},"VariableDeclaration":{"enter":[null]},"_exploded":true,"_verified":true,"ForInStatement":{"enter":[null]},"ForOfStatement":{"enter":[null]}},"options":{}},{"key":"base$0$0$8","visitor":{"ForOfStatement":{"enter":[null]},"_exploded":true,"_verified":true},"options":{"loose":true}},{"key":"base$0$0$9","visitor":{"NumericLiteral":{"enter":[null]},"StringLiteral":{"enter":[null]},"_exploded":true,"_verified":true},"options":{}},{"key":"base$0$0$10","visitor":{"ObjectExpression":{"enter":[null]},"_exploded":true,"_verified":true},"options":{}},{"key":"base$0$0$11","visitor":{"_exploded":true,"_verified":true,"FunctionDeclaration":{"enter":[null]},"FunctionExpression":{"enter":[null]},"ObjectMethod":{"enter":[null]},"ArrowFunctionExpression":{"enter":[null]},"ClassMethod":{"enter":[null]}},"options":{}},{"key":"base$0$0$12","visitor":{"ObjectMethod":{"enter":[null]},"ObjectProperty":{"enter":[null]},"_exploded":true,"_verified":true},"options":{}},{"key":"base$0$0$13","visitor":{"ArrayExpression":{"enter":[null]},"CallExpression":{"enter":[null]},"NewExpression":{"enter":[null]},"_exploded":true,"_verified":true},"options":{}},{"key":"base$0$0$14","visitor":{"RegExpLiteral":{"enter":[null]},"_exploded":true,"_verified":true},"options":{}},{"key":"base$0$0$15","visitor":{"TaggedTemplateExpression":{"enter":[null]},"TemplateLiteral":{"enter":[null]},"_exploded":true,"_verified":true},"options":{"loose":true}},{"key":"base$0$0$16","visitor":{"UnaryExpression":{"enter":[null]},"_exploded":true,"_verified":true,"BlockStatement":{"enter":[null]},"CatchClause":{"enter":[null]},"DoWhileStatement":{"enter":[null]},"ForInStatement":{"enter":[null]},"ForStatement":{"enter":[null]},"FunctionDeclaration":{"enter":[null]},"FunctionExpression":{"enter":[null]},"Program":{"enter":[null]},"ObjectMethod":{"enter":[null]},"SwitchStatement":{"enter":[null]},"WhileStatement":{"enter":[null]},"ArrowFunctionExpression":{"enter":[null]},"ClassDeclaration":{"enter":[null]},"ClassExpression":{"enter":[null]},"ForOfStatement":{"enter":[null]},"ClassMethod":{"enter":[null]}},"options":{}},{"key":"base$0$0$17","visitor":{"RegExpLiteral":{"enter":[null]},"_exploded":true,"_verified":true},"options":{}},{"key":"base$0$0$18","visitor":{"_exploded":true,"_verified":true},"options":{}},{"key":"base$0$0$19","visitor":{"_exploded":{},"_verified":{},"VariableDeclarator":{"enter":[null]},"ExportNamedDeclaration":{"enter":[null]},"CatchClause":{"enter":[null]},"AssignmentExpression":{"enter":[null]},"ObjectExpression":{"enter":[null]},"FunctionDeclaration":{"enter":[null]},"FunctionExpression":{"enter":[null]},"ObjectMethod":{"enter":[null]},"ArrowFunctionExpression":{"enter":[null]},"ClassMethod":{"enter":[null]},"ForInStatement":{"enter":[null]},"ForOfStatement":{"enter":[null]}},"options":{}},{"key":"base$0$0$20","visitor":{"ObjectProperty":{"exit":[null]},"_exploded":true,"_verified":true},"options":{}},{"key":"base$0$0$21","visitor":{"_exploded":{},"_verified":{},"Program":{"enter":[null]},"ImportDeclaration":{"enter":[null,null]},"ClassProperty":{"enter":[null]},"AssignmentPattern":{"enter":[null]},"TypeCastExpression":{"enter":[null,null]},"ImportSpecifier":{"enter":[null]},"ClassDeclaration":{"enter":[null]},"ClassExpression":{"enter":[null]},"FunctionDeclaration":{"enter":[null]},"FunctionExpression":{"enter":[null]},"ObjectMethod":{"enter":[null]},"ArrowFunctionExpression":{"enter":[null]},"ClassMethod":{"enter":[null]},"AnyTypeAnnotation":{"enter":[null]},"ArrayTypeAnnotation":{"enter":[null]},"BooleanTypeAnnotation":{"enter":[null]},"BooleanLiteralTypeAnnotation":{"enter":[null]},"NullLiteralTypeAnnotation":{"enter":[null]},"ClassImplements":{"enter":[null]},"DeclareClass":{"enter":[null]},"DeclareFunction":{"enter":[null]},"DeclareInterface":{"enter":[null]},"DeclareModule":{"enter":[null]},"DeclareModuleExports":{"enter":[null]},"DeclareTypeAlias":{"enter":[null]},"DeclareOpaqueType":{"enter":[null]},"DeclareVariable":{"enter":[null]},"DeclareExportDeclaration":{"enter":[null]},"DeclareExportAllDeclaration":{"enter":[null]},"DeclaredPredicate":{"enter":[null]},"ExistsTypeAnnotation":{"enter":[null]},"FunctionTypeAnnotation":{"enter":[null]},"FunctionTypeParam":{"enter":[null]},"GenericTypeAnnotation":{"enter":[null]},"InferredPredicate":{"enter":[null]},"InterfaceExtends":{"enter":[null]},"InterfaceDeclaration":{"enter":[null]},"IntersectionTypeAnnotation":{"enter":[null]},"MixedTypeAnnotation":{"enter":[null]},"EmptyTypeAnnotation":{"enter":[null]},"NullableTypeAnnotation":{"enter":[null]},"NumberLiteralTypeAnnotation":{"enter":[null]},"NumberTypeAnnotation":{"enter":[null]},"ObjectTypeAnnotation":{"enter":[null]},"ObjectTypeCallProperty":{"enter":[null]},"ObjectTypeIndexer":{"enter":[null]},"ObjectTypeProperty":{"enter":[null]},"ObjectTypeSpreadProperty":{"enter":[null]},"OpaqueType":{"enter":[null]},"QualifiedTypeIdentifier":{"enter":[null]},"StringLiteralTypeAnnotation":{"enter":[null]},"StringTypeAnnotation":{"enter":[null]},"ThisTypeAnnotation":{"enter":[null]},"TupleTypeAnnotation":{"enter":[null]},"TypeofTypeAnnotation":{"enter":[null]},"TypeAlias":{"enter":[null]},"TypeAnnotation":{"enter":[null]},"TypeParameter":{"enter":[null]},"TypeParameterDeclaration":{"enter":[null]},"TypeParameterInstantiation":{"enter":[null]},"UnionTypeAnnotation":{"enter":[null]},"Variance":{"enter":[null]},"VoidTypeAnnotation":{"enter":[null]},"ExportAllDeclaration":{"enter":[null]},"ExportDefaultDeclaration":{"enter":[null]},"ExportNamedDeclaration":{"enter":[null]}},"options":{}},{"key":"base$0$0$22","visitor":{"AssignmentExpression":{"enter":[null]},"BinaryExpression":{"enter":[null]},"_exploded":true,"_verified":true},"options":{}},{"key":"base$0$0$23","visitor":{"_exploded":{},"_verified":{},"Program":{"enter":[null]}},"options":{}},{"key":"regenerator-transform","visitor":{"_exploded":true,"_verified":true,"FunctionDeclaration":{"exit":[null]},"FunctionExpression":{"exit":[null]},"ObjectMethod":{"exit":[null]},"ArrowFunctionExpression":{"exit":[null]},"ClassMethod":{"exit":[null]}},"options":{}}],"presets":[],"compact":false,"ast":true,"babelrc":false,"sourceFileName":"packages/ddp-client/common/namespace.js","filename":"packages/ddp-client/common/namespace.js","sourceMaps":true,"envName":"development","cwd":"/Users/administrator/Downloads/meteor-serverless-training/weather-info","passPerPreset":false,"parserOpts":{"sourceType":"module","sourceFileName":"packages/ddp-client/common/namespace.js","plugins":["dynamicImport","classProperties","classPrivateProperties","jsx","jsx","flow","asyncGenerators","objectRestSpread","objectRestSpread","flow","asyncGenerators"]},"generatorOpts":{"filename":"packages/ddp-client/common/namespace.js","comments":true,"compact":false,"sourceMaps":true,"sourceFileName":"packages/ddp-client/common/namespace.js"}},"code":"module.export({\n  DDP: function () {\n    return DDP;\n  }\n});\nvar DDPCommon;\nmodule.watch(require(\"meteor/ddp-common\"), {\n  DDPCommon: function (v) {\n    DDPCommon = v;\n  }\n}, 0);\nvar Meteor;\nmodule.watch(require(\"meteor/meteor\"), {\n  Meteor: function (v) {\n    Meteor = v;\n  }\n}, 1);\nvar keys;\nmodule.watch(require(\"meteor/ddp-common/utils.js\"), {\n  keys: function (v) {\n    keys = v;\n  }\n}, 2);\nvar Connection;\nmodule.watch(require(\"./livedata_connection.js\"), {\n  Connection: function (v) {\n    Connection = v;\n  }\n}, 3);\n// This array allows the `_allSubscriptionsReady` method below, which\n// is used by the `spiderable` package, to keep track of whether all\n// data is ready.\nvar allConnections = [];\n/**\n * @namespace DDP\n * @summary Namespace for DDP-related methods/classes.\n */\n\nvar DDP = {};\n// This is private but it's used in a few places. accounts-base uses\n// it to get the current user. Meteor.setTimeout and friends clear\n// it. We can probably find a better way to factor this.\nDDP._CurrentMethodInvocation = new Meteor.EnvironmentVariable();\nDDP._CurrentPublicationInvocation = new Meteor.EnvironmentVariable(); // XXX: Keep DDP._CurrentInvocation for backwards-compatibility.\n\nDDP._CurrentInvocation = DDP._CurrentMethodInvocation; // This is passed into a weird `makeErrorType` function that expects its thing\n// to be a constructor\n\nfunction connectionErrorConstructor(message) {\n  this.message = message;\n}\n\nDDP.ConnectionError = Meteor.makeErrorType('DDP.ConnectionError', connectionErrorConstructor);\nDDP.ForcedReconnectError = Meteor.makeErrorType('DDP.ForcedReconnectError', function () {}); // Returns the named sequence of pseudo-random values.\n// The scope will be DDP._CurrentMethodInvocation.get(), so the stream will produce\n// consistent values for method calls on the client and server.\n\nDDP.randomStream = function (name) {\n  var scope = DDP._CurrentMethodInvocation.get();\n\n  return DDPCommon.RandomStream.get(scope, name);\n}; // @param url {String} URL to Meteor app,\n//     e.g.:\n//     \"subdomain.meteor.com\",\n//     \"http://subdomain.meteor.com\",\n//     \"/\",\n//     \"ddp+sockjs://ddp--****-foo.meteor.com/sockjs\"\n\n/**\n * @summary Connect to the server of a different Meteor application to subscribe to its document sets and invoke its remote methods.\n * @locus Anywhere\n * @param {String} url The URL of another Meteor application.\n */\n\n\nDDP.connect = function (url, options) {\n  var ret = new Connection(url, options);\n  allConnections.push(ret); // hack. see below.\n\n  return ret;\n};\n\nDDP._reconnectHook = new Hook({\n  bindEnvironment: false\n});\n/**\n * @summary Register a function to call as the first step of\n * reconnecting. This function can call methods which will be executed before\n * any other outstanding methods. For example, this can be used to re-establish\n * the appropriate authentication context on the connection.\n * @locus Anywhere\n * @param {Function} callback The function to call. It will be called with a\n * single argument, the [connection object](#ddp_connect) that is reconnecting.\n */\n\nDDP.onReconnect = function (callback) {\n  return DDP._reconnectHook.register(callback);\n}; // Hack for `spiderable` package: a way to see if the page is done\n// loading all the data it needs.\n//\n\n\nDDP._allSubscriptionsReady = function () {\n  return allConnections.every(function (conn) {\n    return keys(conn._subscriptions).every(function (id) {\n      return conn._subscriptions[id].ready;\n    });\n  });\n};","map":{"version":3,"sources":["packages/ddp-client/common/namespace.js"],"names":["module","export","DDP","DDPCommon","watch","require","v","Meteor","keys","Connection","allConnections","_CurrentMethodInvocation","EnvironmentVariable","_CurrentPublicationInvocation","_CurrentInvocation","connectionErrorConstructor","message","ConnectionError","makeErrorType","ForcedReconnectError","randomStream","scope","get","RandomStream","name","connect","url","options","ret","push","_reconnectHook","Hook","bindEnvironment","onReconnect","register","callback","_allSubscriptionsReady","every","conn","_subscriptions","id","ready"],"mappings":"AAAAA,OAAOC,MAAP,CAAc;AAACC,OAAI;AAAA,WAAIA,GAAJ;AAAA;AAAL,CAAd;AAA6B,IAAIC,SAAJ;AAAcH,OAAOI,KAAP,CAAaC,QAAQ,mBAAR,CAAb,EAA0C;AAACF,WAAD,YAAWG,CAAX,EAAa;AAACH,gBAAUG,CAAV;AAAY;AAA1B,CAA1C,EAAsE,CAAtE;AAAyE,IAAIC,MAAJ;AAAWP,OAAOI,KAAP,CAAaC,QAAQ,eAAR,CAAb,EAAsC;AAACE,QAAD,YAAQD,CAAR,EAAU;AAACC,aAAOD,CAAP;AAAS;AAApB,CAAtC,EAA4D,CAA5D;AAA+D,IAAIE,IAAJ;AAASR,OAAOI,KAAP,CAAaC,QAAQ,4BAAR,CAAb,EAAmD;AAACG,MAAD,YAAMF,CAAN,EAAQ;AAACE,WAAKF,CAAL;AAAO;AAAhB,CAAnD,EAAqE,CAArE;AAAwE,IAAIG,UAAJ;AAAeT,OAAOI,KAAP,CAAaC,QAAQ,0BAAR,CAAb,EAAiD;AAACI,YAAD,YAAYH,CAAZ,EAAc;AAACG,iBAAWH,CAAX;AAAa;AAA5B,CAAjD,EAA+E,CAA/E;AAM9R;AACA;AACA;AACA,IAAMI,iBAAiB,EAAvB;AAEA;;;;;AAIO,IAAMR,MAAM,EAAZ;AAEP;AACA;AACA;AACAA,IAAIS,wBAAJ,GAA+B,IAAIJ,OAAOK,mBAAX,EAA/B;AACAV,IAAIW,6BAAJ,GAAoC,IAAIN,OAAOK,mBAAX,EAApC,C,CAEA;;AACAV,IAAIY,kBAAJ,GAAyBZ,IAAIS,wBAA7B,C,CAEA;AACA;;AACA,SAASI,0BAAT,CAAoCC,OAApC,EAA6C;AAC3C,OAAKA,OAAL,GAAeA,OAAf;AACD;;AAEDd,IAAIe,eAAJ,GAAsBV,OAAOW,aAAP,CACpB,qBADoB,EAEpBH,0BAFoB,CAAtB;AAKAb,IAAIiB,oBAAJ,GAA2BZ,OAAOW,aAAP,CACzB,0BADyB,EAEzB,YAAM,CAAE,CAFiB,CAA3B,C,CAKA;AACA;AACA;;AACAhB,IAAIkB,YAAJ,GAAmB,gBAAQ;AACzB,MAAIC,QAAQnB,IAAIS,wBAAJ,CAA6BW,GAA7B,EAAZ;;AACA,SAAOnB,UAAUoB,YAAV,CAAuBD,GAAvB,CAA2BD,KAA3B,EAAkCG,IAAlC,CAAP;AACD,CAHD,C,CAKA;AACA;AACA;AACA;AACA;AACA;;AAEA;;;;;;;AAKAtB,IAAIuB,OAAJ,GAAc,UAACC,GAAD,EAAMC,OAAN,EAAkB;AAC9B,MAAIC,MAAM,IAAInB,UAAJ,CAAeiB,GAAf,EAAoBC,OAApB,CAAV;AACAjB,iBAAemB,IAAf,CAAoBD,GAApB,EAF8B,CAEJ;;AAC1B,SAAOA,GAAP;AACD,CAJD;;AAMA1B,IAAI4B,cAAJ,GAAqB,IAAIC,IAAJ,CAAS;AAAEC,mBAAiB;AAAnB,CAAT,CAArB;AAEA;;;;;;;;;;AASA9B,IAAI+B,WAAJ,GAAkB,oBAAY;AAC5B,SAAO/B,IAAI4B,cAAJ,CAAmBI,QAAnB,CAA4BC,QAA5B,CAAP;AACD,CAFD,C,CAIA;AACA;AACA;;;AACAjC,IAAIkC,sBAAJ,GAA6B,YAAM;AACjC,SAAO1B,eAAe2B,KAAf,CAAqB,gBAAQ;AAClC,WAAO7B,KAAK8B,KAAKC,cAAV,EAA0BF,KAA1B,CAAgC,cAAM;AAC3C,aAAOC,KAAKC,cAAL,CAAoBC,EAApB,EAAwBC,KAA/B;AACD,KAFM,CAAP;AAGD,GAJM,CAAP;AAKD,CAND","sourcesContent":["import { DDPCommon } from 'meteor/ddp-common';\nimport { Meteor } from 'meteor/meteor';\nimport { keys } from \"meteor/ddp-common/utils.js\";\n\nimport { Connection } from './livedata_connection.js';\n\n// This array allows the `_allSubscriptionsReady` method below, which\n// is used by the `spiderable` package, to keep track of whether all\n// data is ready.\nconst allConnections = [];\n\n/**\n * @namespace DDP\n * @summary Namespace for DDP-related methods/classes.\n */\nexport const DDP = {};\n\n// This is private but it's used in a few places. accounts-base uses\n// it to get the current user. Meteor.setTimeout and friends clear\n// it. We can probably find a better way to factor this.\nDDP._CurrentMethodInvocation = new Meteor.EnvironmentVariable();\nDDP._CurrentPublicationInvocation = new Meteor.EnvironmentVariable();\n\n// XXX: Keep DDP._CurrentInvocation for backwards-compatibility.\nDDP._CurrentInvocation = DDP._CurrentMethodInvocation;\n\n// This is passed into a weird `makeErrorType` function that expects its thing\n// to be a constructor\nfunction connectionErrorConstructor(message) {\n  this.message = message;\n}\n\nDDP.ConnectionError = Meteor.makeErrorType(\n  'DDP.ConnectionError',\n  connectionErrorConstructor\n);\n\nDDP.ForcedReconnectError = Meteor.makeErrorType(\n  'DDP.ForcedReconnectError',\n  () => {}\n);\n\n// Returns the named sequence of pseudo-random values.\n// The scope will be DDP._CurrentMethodInvocation.get(), so the stream will produce\n// consistent values for method calls on the client and server.\nDDP.randomStream = name => {\n  var scope = DDP._CurrentMethodInvocation.get();\n  return DDPCommon.RandomStream.get(scope, name);\n};\n\n// @param url {String} URL to Meteor app,\n//     e.g.:\n//     \"subdomain.meteor.com\",\n//     \"http://subdomain.meteor.com\",\n//     \"/\",\n//     \"ddp+sockjs://ddp--****-foo.meteor.com/sockjs\"\n\n/**\n * @summary Connect to the server of a different Meteor application to subscribe to its document sets and invoke its remote methods.\n * @locus Anywhere\n * @param {String} url The URL of another Meteor application.\n */\nDDP.connect = (url, options) => {\n  var ret = new Connection(url, options);\n  allConnections.push(ret); // hack. see below.\n  return ret;\n};\n\nDDP._reconnectHook = new Hook({ bindEnvironment: false });\n\n/**\n * @summary Register a function to call as the first step of\n * reconnecting. This function can call methods which will be executed before\n * any other outstanding methods. For example, this can be used to re-establish\n * the appropriate authentication context on the connection.\n * @locus Anywhere\n * @param {Function} callback The function to call. It will be called with a\n * single argument, the [connection object](#ddp_connect) that is reconnecting.\n */\nDDP.onReconnect = callback => {\n  return DDP._reconnectHook.register(callback);\n};\n\n// Hack for `spiderable` package: a way to see if the page is done\n// loading all the data it needs.\n//\nDDP._allSubscriptionsReady = () => {\n  return allConnections.every(conn => {\n    return keys(conn._subscriptions).every(id => {\n      return conn._subscriptions[id].ready;\n    });\n  });\n};\n"]},"sourceType":"script","hash":"7c95900e110487fc55e26a040124e23edc4f2e10"}
