{"metadata":{},"options":{"plugins":[{"key":"base$1$0","visitor":{"_exploded":{},"_verified":{},"JSXNamespacedName":{"enter":[null]},"JSXElement":{"exit":[null]},"JSXFragment":{"exit":[null]},"Program":{"enter":[null],"exit":[null]},"JSXAttribute":{"enter":[null]}},"options":{"pragma":"React.createElement","pragmaFrag":"React.Fragment","throwIfNamespace":true,"useBuiltIns":false}},{"key":"base$1$1","visitor":{"_exploded":true,"_verified":true},"options":{}},{"key":"base$1$2","visitor":{"ExportDefaultDeclaration":{"enter":[null]},"CallExpression":{"enter":[null]},"_exploded":true,"_verified":true},"options":{}},{"key":"base$0$0","visitor":{"Program":{"enter":[null]},"_exploded":true,"_verified":true},"options":{"generateLetDeclarations":true,"enforceStrictMode":false}},{"key":"base$0$1","visitor":{"_exploded":true,"_verified":true},"options":{}},{"key":"base$0$2","visitor":{"_exploded":{},"_verified":{},"Program":{"enter":[null]},"ImportDeclaration":{"enter":[null,null]},"ClassProperty":{"enter":[null]},"AssignmentPattern":{"enter":[null]},"TypeCastExpression":{"enter":[null,null]},"ImportSpecifier":{"enter":[null]},"ClassDeclaration":{"enter":[null]},"ClassExpression":{"enter":[null]},"FunctionDeclaration":{"enter":[null]},"FunctionExpression":{"enter":[null]},"ObjectMethod":{"enter":[null]},"ArrowFunctionExpression":{"enter":[null]},"ClassMethod":{"enter":[null]},"AnyTypeAnnotation":{"enter":[null]},"ArrayTypeAnnotation":{"enter":[null]},"BooleanTypeAnnotation":{"enter":[null]},"BooleanLiteralTypeAnnotation":{"enter":[null]},"NullLiteralTypeAnnotation":{"enter":[null]},"ClassImplements":{"enter":[null]},"DeclareClass":{"enter":[null]},"DeclareFunction":{"enter":[null]},"DeclareInterface":{"enter":[null]},"DeclareModule":{"enter":[null]},"DeclareModuleExports":{"enter":[null]},"DeclareTypeAlias":{"enter":[null]},"DeclareOpaqueType":{"enter":[null]},"DeclareVariable":{"enter":[null]},"DeclareExportDeclaration":{"enter":[null]},"DeclareExportAllDeclaration":{"enter":[null]},"DeclaredPredicate":{"enter":[null]},"ExistsTypeAnnotation":{"enter":[null]},"FunctionTypeAnnotation":{"enter":[null]},"FunctionTypeParam":{"enter":[null]},"GenericTypeAnnotation":{"enter":[null]},"InferredPredicate":{"enter":[null]},"InterfaceExtends":{"enter":[null]},"InterfaceDeclaration":{"enter":[null]},"IntersectionTypeAnnotation":{"enter":[null]},"MixedTypeAnnotation":{"enter":[null]},"EmptyTypeAnnotation":{"enter":[null]},"NullableTypeAnnotation":{"enter":[null]},"NumberLiteralTypeAnnotation":{"enter":[null]},"NumberTypeAnnotation":{"enter":[null]},"ObjectTypeAnnotation":{"enter":[null]},"ObjectTypeCallProperty":{"enter":[null]},"ObjectTypeIndexer":{"enter":[null]},"ObjectTypeProperty":{"enter":[null]},"ObjectTypeSpreadProperty":{"enter":[null]},"OpaqueType":{"enter":[null]},"QualifiedTypeIdentifier":{"enter":[null]},"StringLiteralTypeAnnotation":{"enter":[null]},"StringTypeAnnotation":{"enter":[null]},"ThisTypeAnnotation":{"enter":[null]},"TupleTypeAnnotation":{"enter":[null]},"TypeofTypeAnnotation":{"enter":[null]},"TypeAlias":{"enter":[null]},"TypeAnnotation":{"enter":[null]},"TypeParameter":{"enter":[null]},"TypeParameterDeclaration":{"enter":[null]},"TypeParameterInstantiation":{"enter":[null]},"UnionTypeAnnotation":{"enter":[null]},"Variance":{"enter":[null]},"VoidTypeAnnotation":{"enter":[null]},"ExportAllDeclaration":{"enter":[null]},"ExportDefaultDeclaration":{"enter":[null]},"ExportNamedDeclaration":{"enter":[null]}},"options":{}},{"key":"base$0$3","visitor":{"CallExpression":{"enter":[null]},"BinaryExpression":{"enter":[null]},"MemberExpression":{"enter":[null],"exit":[null]},"_exploded":true,"_verified":true,"Identifier":{"enter":[null]},"JSXIdentifier":{"enter":[null]}},"options":{"polyfill":false,"useBuiltIns":true}},{"key":"base$0$4","visitor":{"_exploded":true,"_verified":true},"options":{}},{"key":"base$0$5","visitor":{"_exploded":{},"_verified":{},"VariableDeclarator":{"enter":[null]},"ExportNamedDeclaration":{"enter":[null]},"CatchClause":{"enter":[null]},"AssignmentExpression":{"enter":[null]},"ObjectExpression":{"enter":[null]},"FunctionDeclaration":{"enter":[null]},"FunctionExpression":{"enter":[null]},"ObjectMethod":{"enter":[null]},"ArrowFunctionExpression":{"enter":[null]},"ClassMethod":{"enter":[null]},"ForInStatement":{"enter":[null]},"ForOfStatement":{"enter":[null]}},"options":{}},{"key":"transform-meteor-async-await","visitor":{"AwaitExpression":{"enter":[null]},"_exploded":true,"_verified":true,"FunctionDeclaration":{"exit":[null]},"FunctionExpression":{"exit":[null]},"ObjectMethod":{"exit":[null]},"ArrowFunctionExpression":{"exit":[null]},"ClassMethod":{"exit":[null]}},"options":{"useNativeAsyncAwait":false}},{"key":"transform-meteor-dynamic-import","visitor":{"_exploded":{},"_verified":{},"CallExpression":{"enter":[null]}},"options":{}},{"key":"base$0$8","visitor":{"_exploded":{},"_verified":{},"Program":{"enter":[null]}},"options":{}},{"key":"base$0$9","visitor":{"Program":{"exit":[null]},"_exploded":true,"_verified":true},"options":{"allowTopLevelThis":true,"strictMode":false,"loose":true}},{"key":"base$0$10","visitor":{"_exploded":{},"_verified":{},"ClassDeclaration":{"enter":[null]},"ClassExpression":{"enter":[null]}},"options":{"loose":true}}],"compact":false,"ast":true,"babelrc":false,"sourceFileName":"packages/random/random_tests.js","filename":"packages/random/random_tests.js","sourceMaps":true,"envName":"development","cwd":"/Users/administrator/Downloads/meteor-serverless-training/weather-info","passPerPreset":false,"presets":[],"parserOpts":{"sourceType":"module","sourceFileName":"packages/random/random_tests.js","plugins":["jsx","jsx","flow","flow","objectRestSpread","objectRestSpread","dynamicImport","asyncGenerators","classProperties","classPrivateProperties"]},"generatorOpts":{"filename":"packages/random/random_tests.js","comments":true,"compact":false,"sourceMaps":true,"sourceFileName":"packages/random/random_tests.js"}},"code":"Tinytest.add('random', function (test) {\n  // Deterministic with a specified seed, which should generate the\n  // same sequence in all environments.\n  //\n  // For repeatable unit test failures using deterministic random\n  // number sequences it's fine if a new Meteor release changes the\n  // algorithm being used and it starts generating a different\n  // sequence for a seed, as long as the sequence is consistent for\n  // a particular release.\n  var random = Random.createWithSeeds(0);\n  test.equal(random.id(), \"cp9hWvhg8GSvuZ9os\");\n  test.equal(random.id(), \"3f3k6Xo7rrHCifQhR\");\n  test.equal(random.id(), \"shxDnjWWmnKPEoLhM\");\n  test.equal(random.id(), \"6QTjB8C5SEqhmz4ni\");\n}); // node crypto and window.crypto.getRandomValues() don't let us specify a seed,\n// but at least test that the output is in the right format.\n\nTinytest.add('random - format', function (test) {\n  var idLen = 17;\n  test.equal(Random.id().length, idLen);\n  test.equal(Random.id(29).length, 29);\n  var numDigits = 9;\n  var hexStr = Random.hexString(numDigits);\n  test.equal(hexStr.length, numDigits);\n  parseInt(hexStr, 16); // should not throw\n\n  var frac = Random.fraction();\n  test.isTrue(frac < 1.0);\n  test.isTrue(frac >= 0.0);\n  test.equal(Random.secret().length, 43);\n  test.equal(Random.secret(13).length, 13);\n});\nTinytest.add('random - Alea is last resort', function (test) {\n  if (Meteor.isServer) {\n    test.isTrue(Random.alea === undefined);\n  }\n\n  if (Meteor.isClient) {\n    var useGetRandomValues = !!(typeof window !== \"undefined\" && window.crypto && window.crypto.getRandomValues);\n    test.equal(Random.alea === undefined, useGetRandomValues);\n  }\n});\nTinytest.add('random - createWithSeeds requires parameters', function (test) {\n  test.throws(function () {\n    Random.createWithSeeds();\n  });\n});","map":{"version":3,"sources":["packages/random/random_tests.js"],"names":["Tinytest","add","test","random","Random","createWithSeeds","equal","id","idLen","length","numDigits","hexStr","hexString","parseInt","frac","fraction","isTrue","secret","Meteor","isServer","alea","undefined","isClient","useGetRandomValues","window","crypto","getRandomValues","throws"],"mappings":"AAAAA,SAASC,GAAT,CAAa,QAAb,EAAuB,UAAUC,IAAV,EAAgB;AACrC;AACA;AACA;AACA;AACA;AACA;AACA;AACA;AACA,MAAIC,SAASC,OAAOC,eAAP,CAAuB,CAAvB,CAAb;AACAH,OAAKI,KAAL,CAAWH,OAAOI,EAAP,EAAX,EAAwB,mBAAxB;AACAL,OAAKI,KAAL,CAAWH,OAAOI,EAAP,EAAX,EAAwB,mBAAxB;AACAL,OAAKI,KAAL,CAAWH,OAAOI,EAAP,EAAX,EAAwB,mBAAxB;AACAL,OAAKI,KAAL,CAAWH,OAAOI,EAAP,EAAX,EAAwB,mBAAxB;AACD,CAdD,E,CAgBA;AACA;;AACAP,SAASC,GAAT,CAAa,iBAAb,EAAgC,UAAUC,IAAV,EAAgB;AAC9C,MAAIM,QAAQ,EAAZ;AACAN,OAAKI,KAAL,CAAWF,OAAOG,EAAP,GAAYE,MAAvB,EAA+BD,KAA/B;AACAN,OAAKI,KAAL,CAAWF,OAAOG,EAAP,CAAU,EAAV,EAAcE,MAAzB,EAAiC,EAAjC;AACA,MAAIC,YAAY,CAAhB;AACA,MAAIC,SAASP,OAAOQ,SAAP,CAAiBF,SAAjB,CAAb;AACAR,OAAKI,KAAL,CAAWK,OAAOF,MAAlB,EAA0BC,SAA1B;AACAG,WAASF,MAAT,EAAiB,EAAjB,EAP8C,CAOxB;;AACtB,MAAIG,OAAOV,OAAOW,QAAP,EAAX;AACAb,OAAKc,MAAL,CAAYF,OAAO,GAAnB;AACAZ,OAAKc,MAAL,CAAYF,QAAQ,GAApB;AAEAZ,OAAKI,KAAL,CAAWF,OAAOa,MAAP,GAAgBR,MAA3B,EAAmC,EAAnC;AACAP,OAAKI,KAAL,CAAWF,OAAOa,MAAP,CAAc,EAAd,EAAkBR,MAA7B,EAAqC,EAArC;AACD,CAdD;AAgBAT,SAASC,GAAT,CAAa,8BAAb,EAA6C,UAAUC,IAAV,EAAgB;AAC3D,MAAIgB,OAAOC,QAAX,EAAqB;AACnBjB,SAAKc,MAAL,CAAYZ,OAAOgB,IAAP,KAAgBC,SAA5B;AACD;;AACD,MAAIH,OAAOI,QAAX,EAAqB;AACnB,QAAIC,qBAAqB,CAAC,EAAE,OAAOC,MAAP,KAAkB,WAAlB,IACxBA,OAAOC,MADiB,IACPD,OAAOC,MAAP,CAAcC,eADT,CAA1B;AAEAxB,SAAKI,KAAL,CAAWF,OAAOgB,IAAP,KAAgBC,SAA3B,EAAsCE,kBAAtC;AACD;AACF,CATD;AAWAvB,SAASC,GAAT,CAAa,8CAAb,EAA6D,UAAUC,IAAV,EAAgB;AAC3EA,OAAKyB,MAAL,CAAY,YAAY;AACtBvB,WAAOC,eAAP;AACD,GAFD;AAGD,CAJD","sourcesContent":["Tinytest.add('random', function (test) {\n  // Deterministic with a specified seed, which should generate the\n  // same sequence in all environments.\n  //\n  // For repeatable unit test failures using deterministic random\n  // number sequences it's fine if a new Meteor release changes the\n  // algorithm being used and it starts generating a different\n  // sequence for a seed, as long as the sequence is consistent for\n  // a particular release.\n  var random = Random.createWithSeeds(0);\n  test.equal(random.id(), \"cp9hWvhg8GSvuZ9os\");\n  test.equal(random.id(), \"3f3k6Xo7rrHCifQhR\");\n  test.equal(random.id(), \"shxDnjWWmnKPEoLhM\");\n  test.equal(random.id(), \"6QTjB8C5SEqhmz4ni\");\n});\n\n// node crypto and window.crypto.getRandomValues() don't let us specify a seed,\n// but at least test that the output is in the right format.\nTinytest.add('random - format', function (test) {\n  var idLen = 17;\n  test.equal(Random.id().length, idLen);\n  test.equal(Random.id(29).length, 29);\n  var numDigits = 9;\n  var hexStr = Random.hexString(numDigits);\n  test.equal(hexStr.length, numDigits);\n  parseInt(hexStr, 16); // should not throw\n  var frac = Random.fraction();\n  test.isTrue(frac < 1.0);\n  test.isTrue(frac >= 0.0);\n\n  test.equal(Random.secret().length, 43);\n  test.equal(Random.secret(13).length, 13);\n});\n\nTinytest.add('random - Alea is last resort', function (test) {\n  if (Meteor.isServer) {\n    test.isTrue(Random.alea === undefined);\n  }\n  if (Meteor.isClient) {\n    var useGetRandomValues = !!(typeof window !== \"undefined\" &&\n        window.crypto && window.crypto.getRandomValues);\n    test.equal(Random.alea === undefined, useGetRandomValues);\n  }\n});\n\nTinytest.add('random - createWithSeeds requires parameters', function (test) {\n  test.throws(function () {\n    Random.createWithSeeds();\n  });\n});\n"]},"sourceType":"script","hash":"84fcfe8c93667795a4e36e6cda035b195b6fd01d"}
