{"metadata":{},"options":{"plugins":[{"key":"base$0$0","visitor":{"Program":{"enter":[null]},"_exploded":true,"_verified":true},"options":{"generateLetDeclarations":true,"enforceStrictMode":false}},{"key":"transform-meteor-dynamic-import","visitor":{"_exploded":{},"_verified":{},"CallExpression":{"enter":[null]}},"options":{}},{"key":"base$0$2","visitor":{"CallExpression":{"enter":[null]},"BinaryExpression":{"enter":[null]},"MemberExpression":{"enter":[null],"exit":[null]},"_exploded":true,"_verified":true,"Identifier":{"enter":[null]},"JSXIdentifier":{"enter":[null]}},"options":{"polyfill":false,"useBuiltIns":false}},{"key":"base$0$3","visitor":{"_exploded":{},"_verified":{},"ClassDeclaration":{"enter":[null]},"ClassExpression":{"enter":[null]}},"options":{"loose":true}},{"key":"base$0$4","visitor":{"FunctionExpression":{"exit":[null]},"_exploded":true,"_verified":true},"options":{}},{"key":"base$0$5","visitor":{"ForInStatement":{"enter":[null]},"_exploded":true,"_verified":true},"options":{}},{"key":"base$0$6","visitor":{"Program":{"exit":[null]},"_exploded":true,"_verified":true},"options":{"allowTopLevelThis":true,"strictMode":false,"loose":true}},{"key":"base$0$1$0","visitor":{"_exploded":{},"_verified":{},"JSXNamespacedName":{"enter":[null]},"JSXElement":{"exit":[null]},"JSXFragment":{"exit":[null]},"Program":{"enter":[null],"exit":[null]},"JSXAttribute":{"enter":[null]}},"options":{"pragma":"React.createElement","pragmaFrag":"React.Fragment","throwIfNamespace":true,"useBuiltIns":false}},{"key":"base$0$1$1","visitor":{"_exploded":true,"_verified":true},"options":{}},{"key":"base$0$1$2","visitor":{"ExportDefaultDeclaration":{"enter":[null]},"CallExpression":{"enter":[null]},"_exploded":true,"_verified":true},"options":{}},{"key":"base$0$0$0","visitor":{"_exploded":true,"_verified":true},"options":{}},{"key":"base$0$0$1","visitor":{"_exploded":true,"_verified":true},"options":{}},{"key":"base$0$0$2","visitor":{"ArrowFunctionExpression":{"enter":[null]},"_exploded":true,"_verified":true},"options":{}},{"key":"base$0$0$3","visitor":{"BlockStatement":{"enter":[null]},"SwitchCase":{"enter":[null]},"_exploded":true,"_verified":true},"options":{}},{"key":"base$0$0$4","visitor":{"VariableDeclaration":{"enter":[null]},"CatchClause":{"enter":[null]},"_exploded":true,"BlockStatement":{"enter":[null]},"SwitchStatement":{"enter":[null]},"Program":{"enter":[null]},"_verified":true,"DoWhileStatement":{"enter":[null]},"ForInStatement":{"enter":[null]},"ForStatement":{"enter":[null]},"WhileStatement":{"enter":[null]},"ForOfStatement":{"enter":[null]}},"options":{}},{"key":"base$0$0$5","visitor":{"ExportDefaultDeclaration":{"enter":[null]},"ClassDeclaration":{"enter":[null]},"ClassExpression":{"enter":[null]},"_exploded":true,"_verified":true},"options":{"loose":true}},{"key":"base$0$0$6","visitor":{"ObjectExpression":{"exit":[null]},"_exploded":true,"_verified":true},"options":{"loose":true}},{"key":"base$0$0$7","visitor":{"ExportNamedDeclaration":{"enter":[null]},"CatchClause":{"enter":[null]},"AssignmentExpression":{"enter":[null]},"VariableDeclaration":{"enter":[null]},"_exploded":true,"_verified":true,"ForInStatement":{"enter":[null]},"ForOfStatement":{"enter":[null]}},"options":{}},{"key":"base$0$0$8","visitor":{"ForOfStatement":{"enter":[null]},"_exploded":true,"_verified":true},"options":{"loose":true}},{"key":"base$0$0$9","visitor":{"NumericLiteral":{"enter":[null]},"StringLiteral":{"enter":[null]},"_exploded":true,"_verified":true},"options":{}},{"key":"base$0$0$10","visitor":{"ObjectExpression":{"enter":[null]},"_exploded":true,"_verified":true},"options":{}},{"key":"base$0$0$11","visitor":{"_exploded":true,"_verified":true,"FunctionDeclaration":{"enter":[null]},"FunctionExpression":{"enter":[null]},"ObjectMethod":{"enter":[null]},"ArrowFunctionExpression":{"enter":[null]},"ClassMethod":{"enter":[null]}},"options":{}},{"key":"base$0$0$12","visitor":{"ObjectMethod":{"enter":[null]},"ObjectProperty":{"enter":[null]},"_exploded":true,"_verified":true},"options":{}},{"key":"base$0$0$13","visitor":{"ArrayExpression":{"enter":[null]},"CallExpression":{"enter":[null]},"NewExpression":{"enter":[null]},"_exploded":true,"_verified":true},"options":{}},{"key":"base$0$0$14","visitor":{"RegExpLiteral":{"enter":[null]},"_exploded":true,"_verified":true},"options":{}},{"key":"base$0$0$15","visitor":{"TaggedTemplateExpression":{"enter":[null]},"TemplateLiteral":{"enter":[null]},"_exploded":true,"_verified":true},"options":{"loose":true}},{"key":"base$0$0$16","visitor":{"UnaryExpression":{"enter":[null]},"_exploded":true,"_verified":true,"BlockStatement":{"enter":[null]},"CatchClause":{"enter":[null]},"DoWhileStatement":{"enter":[null]},"ForInStatement":{"enter":[null]},"ForStatement":{"enter":[null]},"FunctionDeclaration":{"enter":[null]},"FunctionExpression":{"enter":[null]},"Program":{"enter":[null]},"ObjectMethod":{"enter":[null]},"SwitchStatement":{"enter":[null]},"WhileStatement":{"enter":[null]},"ArrowFunctionExpression":{"enter":[null]},"ClassDeclaration":{"enter":[null]},"ClassExpression":{"enter":[null]},"ForOfStatement":{"enter":[null]},"ClassMethod":{"enter":[null]}},"options":{}},{"key":"base$0$0$17","visitor":{"RegExpLiteral":{"enter":[null]},"_exploded":true,"_verified":true},"options":{}},{"key":"base$0$0$18","visitor":{"_exploded":true,"_verified":true},"options":{}},{"key":"base$0$0$19","visitor":{"_exploded":{},"_verified":{},"VariableDeclarator":{"enter":[null]},"ExportNamedDeclaration":{"enter":[null]},"CatchClause":{"enter":[null]},"AssignmentExpression":{"enter":[null]},"ObjectExpression":{"enter":[null]},"FunctionDeclaration":{"enter":[null]},"FunctionExpression":{"enter":[null]},"ObjectMethod":{"enter":[null]},"ArrowFunctionExpression":{"enter":[null]},"ClassMethod":{"enter":[null]},"ForInStatement":{"enter":[null]},"ForOfStatement":{"enter":[null]}},"options":{}},{"key":"base$0$0$20","visitor":{"ObjectProperty":{"exit":[null]},"_exploded":true,"_verified":true},"options":{}},{"key":"base$0$0$21","visitor":{"_exploded":{},"_verified":{},"Program":{"enter":[null]},"ImportDeclaration":{"enter":[null,null]},"ClassProperty":{"enter":[null]},"AssignmentPattern":{"enter":[null]},"TypeCastExpression":{"enter":[null,null]},"ImportSpecifier":{"enter":[null]},"ClassDeclaration":{"enter":[null]},"ClassExpression":{"enter":[null]},"FunctionDeclaration":{"enter":[null]},"FunctionExpression":{"enter":[null]},"ObjectMethod":{"enter":[null]},"ArrowFunctionExpression":{"enter":[null]},"ClassMethod":{"enter":[null]},"AnyTypeAnnotation":{"enter":[null]},"ArrayTypeAnnotation":{"enter":[null]},"BooleanTypeAnnotation":{"enter":[null]},"BooleanLiteralTypeAnnotation":{"enter":[null]},"NullLiteralTypeAnnotation":{"enter":[null]},"ClassImplements":{"enter":[null]},"DeclareClass":{"enter":[null]},"DeclareFunction":{"enter":[null]},"DeclareInterface":{"enter":[null]},"DeclareModule":{"enter":[null]},"DeclareModuleExports":{"enter":[null]},"DeclareTypeAlias":{"enter":[null]},"DeclareOpaqueType":{"enter":[null]},"DeclareVariable":{"enter":[null]},"DeclareExportDeclaration":{"enter":[null]},"DeclareExportAllDeclaration":{"enter":[null]},"DeclaredPredicate":{"enter":[null]},"ExistsTypeAnnotation":{"enter":[null]},"FunctionTypeAnnotation":{"enter":[null]},"FunctionTypeParam":{"enter":[null]},"GenericTypeAnnotation":{"enter":[null]},"InferredPredicate":{"enter":[null]},"InterfaceExtends":{"enter":[null]},"InterfaceDeclaration":{"enter":[null]},"IntersectionTypeAnnotation":{"enter":[null]},"MixedTypeAnnotation":{"enter":[null]},"EmptyTypeAnnotation":{"enter":[null]},"NullableTypeAnnotation":{"enter":[null]},"NumberLiteralTypeAnnotation":{"enter":[null]},"NumberTypeAnnotation":{"enter":[null]},"ObjectTypeAnnotation":{"enter":[null]},"ObjectTypeCallProperty":{"enter":[null]},"ObjectTypeIndexer":{"enter":[null]},"ObjectTypeProperty":{"enter":[null]},"ObjectTypeSpreadProperty":{"enter":[null]},"OpaqueType":{"enter":[null]},"QualifiedTypeIdentifier":{"enter":[null]},"StringLiteralTypeAnnotation":{"enter":[null]},"StringTypeAnnotation":{"enter":[null]},"ThisTypeAnnotation":{"enter":[null]},"TupleTypeAnnotation":{"enter":[null]},"TypeofTypeAnnotation":{"enter":[null]},"TypeAlias":{"enter":[null]},"TypeAnnotation":{"enter":[null]},"TypeParameter":{"enter":[null]},"TypeParameterDeclaration":{"enter":[null]},"TypeParameterInstantiation":{"enter":[null]},"UnionTypeAnnotation":{"enter":[null]},"Variance":{"enter":[null]},"VoidTypeAnnotation":{"enter":[null]},"ExportAllDeclaration":{"enter":[null]},"ExportDefaultDeclaration":{"enter":[null]},"ExportNamedDeclaration":{"enter":[null]}},"options":{}},{"key":"base$0$0$22","visitor":{"AssignmentExpression":{"enter":[null]},"BinaryExpression":{"enter":[null]},"_exploded":true,"_verified":true},"options":{}},{"key":"base$0$0$23","visitor":{"_exploded":{},"_verified":{},"Program":{"enter":[null]}},"options":{}},{"key":"regenerator-transform","visitor":{"_exploded":true,"_verified":true,"FunctionDeclaration":{"exit":[null]},"FunctionExpression":{"exit":[null]},"ObjectMethod":{"exit":[null]},"ArrowFunctionExpression":{"exit":[null]},"ClassMethod":{"exit":[null]}},"options":{}}],"presets":[],"compact":false,"ast":true,"babelrc":false,"sourceFileName":"packages/ejson/custom_models_for_tests.js","filename":"packages/ejson/custom_models_for_tests.js","sourceMaps":true,"envName":"development","cwd":"/Users/administrator/Downloads/meteor-serverless-training/weather-info","passPerPreset":false,"parserOpts":{"sourceType":"module","sourceFileName":"packages/ejson/custom_models_for_tests.js","plugins":["dynamicImport","classProperties","classPrivateProperties","jsx","jsx","flow","asyncGenerators","objectRestSpread","objectRestSpread","flow","asyncGenerators"]},"generatorOpts":{"filename":"packages/ejson/custom_models_for_tests.js","comments":true,"compact":false,"sourceMaps":true,"sourceFileName":"packages/ejson/custom_models_for_tests.js"}},"code":"var EJSON;\nmodule.watch(require(\"./ejson\"), {\n  EJSON: function (v) {\n    EJSON = v;\n  }\n}, 0);\n\nvar Address =\n/*#__PURE__*/\nfunction () {\n  function Address(city, state) {\n    this.city = city;\n    this.state = state;\n  }\n\n  var _proto = Address.prototype;\n\n  _proto.typeName = function () {\n    function typeName() {\n      return 'Address';\n    }\n\n    return typeName;\n  }();\n\n  _proto.toJSONValue = function () {\n    function toJSONValue() {\n      return {\n        city: this.city,\n        state: this.state\n      };\n    }\n\n    return toJSONValue;\n  }();\n\n  return Address;\n}();\n\nEJSON.addType('Address', function (value) {\n  return new Address(value.city, value.state);\n});\n\nvar Person =\n/*#__PURE__*/\nfunction () {\n  function Person(name, dob, address) {\n    this.name = name;\n    this.dob = dob;\n    this.address = address;\n  }\n\n  var _proto2 = Person.prototype;\n\n  _proto2.typeName = function () {\n    function typeName() {\n      return 'Person';\n    }\n\n    return typeName;\n  }();\n\n  _proto2.toJSONValue = function () {\n    function toJSONValue() {\n      return {\n        name: this.name,\n        dob: EJSON.toJSONValue(this.dob),\n        address: EJSON.toJSONValue(this.address)\n      };\n    }\n\n    return toJSONValue;\n  }();\n\n  return Person;\n}();\n\nEJSON.addType('Person', function (value) {\n  return new Person(value.name, EJSON.fromJSONValue(value.dob), EJSON.fromJSONValue(value.address));\n});\n\nvar Holder =\n/*#__PURE__*/\nfunction () {\n  function Holder(content) {\n    this.content = content;\n  }\n\n  var _proto3 = Holder.prototype;\n\n  _proto3.typeName = function () {\n    function typeName() {\n      return 'Holder';\n    }\n\n    return typeName;\n  }();\n\n  _proto3.toJSONValue = function () {\n    function toJSONValue() {\n      return this.content;\n    }\n\n    return toJSONValue;\n  }();\n\n  return Holder;\n}();\n\nEJSON.addType('Holder', function (value) {\n  return new Holder(value);\n});\nvar EJSONTest = {\n  Address: Address,\n  Person: Person,\n  Holder: Holder\n};\nmodule.exportDefault(EJSONTest);","map":{"version":3,"sources":["packages/ejson/custom_models_for_tests.js"],"names":["EJSON","module","watch","require","v","Address","city","state","typeName","toJSONValue","addType","value","Person","name","dob","address","fromJSONValue","Holder","content","EJSONTest","exportDefault"],"mappings":"AAAA,IAAIA,KAAJ;AAAUC,OAAOC,KAAP,CAAaC,QAAQ,SAAR,CAAb,EAAgC;AAACH,OAAD,YAAOI,CAAP,EAAS;AAACJ,YAAMI,CAAN;AAAQ;AAAlB,CAAhC,EAAoD,CAApD;;IAEJC,O;;;AACJ,mBAAYC,IAAZ,EAAkBC,KAAlB,EAAyB;AACvB,SAAKD,IAAL,GAAYA,IAAZ;AACA,SAAKC,KAAL,GAAaA,KAAb;AACD;;;;SAEDC,Q;wBAAW;AACT,aAAO,SAAP;AACD;;;;;SAEDC,W;2BAAc;AACZ,aAAO;AACLH,cAAM,KAAKA,IADN;AAELC,eAAO,KAAKA;AAFP,OAAP;AAID;;;;;;;;AAGHP,MAAMU,OAAN,CAAc,SAAd,EAAyB;AAAA,SAAS,IAAIL,OAAJ,CAAYM,MAAML,IAAlB,EAAwBK,MAAMJ,KAA9B,CAAT;AAAA,CAAzB;;IAEMK,M;;;AACJ,kBAAYC,IAAZ,EAAkBC,GAAlB,EAAuBC,OAAvB,EAAgC;AAC9B,SAAKF,IAAL,GAAYA,IAAZ;AACA,SAAKC,GAAL,GAAWA,GAAX;AACA,SAAKC,OAAL,GAAeA,OAAf;AACD;;;;UAEDP,Q;wBAAW;AACT,aAAO,QAAP;AACD;;;;;UAEDC,W;2BAAc;AACZ,aAAO;AACLI,cAAM,KAAKA,IADN;AAELC,aAAKd,MAAMS,WAAN,CAAkB,KAAKK,GAAvB,CAFA;AAGLC,iBAASf,MAAMS,WAAN,CAAkB,KAAKM,OAAvB;AAHJ,OAAP;AAKD;;;;;;;;AAGHf,MAAMU,OAAN,CACE,QADF,EAEE;AAAA,SAAS,IAAIE,MAAJ,CACPD,MAAME,IADC,EAEPb,MAAMgB,aAAN,CAAoBL,MAAMG,GAA1B,CAFO,EAGPd,MAAMgB,aAAN,CAAoBL,MAAMI,OAA1B,CAHO,CAAT;AAAA,CAFF;;IASME,M;;;AACJ,kBAAYC,OAAZ,EAAqB;AACnB,SAAKA,OAAL,GAAeA,OAAf;AACD;;;;UAEDV,Q;wBAAW;AACT,aAAO,QAAP;AACD;;;;;UAEDC,W;2BAAc;AACZ,aAAO,KAAKS,OAAZ;AACD;;;;;;;;AAGHlB,MAAMU,OAAN,CAAc,QAAd,EAAwB;AAAA,SAAS,IAAIO,MAAJ,CAAWN,KAAX,CAAT;AAAA,CAAxB;AAEA,IAAMQ,YAAY;AAChBd,kBADgB;AAEhBO,gBAFgB;AAGhBK;AAHgB,CAAlB;AAnEAhB,OAAOmB,aAAP,CAyEeD,SAzEf","sourcesContent":["import { EJSON } from './ejson';\n\nclass Address {\n  constructor(city, state) {\n    this.city = city;\n    this.state = state;\n  }\n\n  typeName() {\n    return 'Address';\n  }\n\n  toJSONValue() {\n    return {\n      city: this.city,\n      state: this.state,\n    };\n  }\n}\n\nEJSON.addType('Address', value => new Address(value.city, value.state));\n\nclass Person {\n  constructor(name, dob, address) {\n    this.name = name;\n    this.dob = dob;\n    this.address = address;\n  }\n\n  typeName() {\n    return 'Person';\n  }\n\n  toJSONValue() {\n    return {\n      name: this.name,\n      dob: EJSON.toJSONValue(this.dob),\n      address: EJSON.toJSONValue(this.address),\n    };\n  }\n}\n\nEJSON.addType(\n  'Person',\n  value => new Person(\n    value.name,\n    EJSON.fromJSONValue(value.dob),\n    EJSON.fromJSONValue(value.address)\n  )\n);\n\nclass Holder {\n  constructor(content) {\n    this.content = content;\n  }\n\n  typeName() {\n    return 'Holder';\n  }\n\n  toJSONValue() {\n    return this.content;\n  }\n}\n\nEJSON.addType('Holder', value => new Holder(value));\n\nconst EJSONTest = {\n  Address,\n  Person,\n  Holder,\n};\n\nexport default EJSONTest;\n"]},"sourceType":"script","hash":"8b679ba3a90eb7bb3009ae1a63e4520937296cd6"}
