{"metadata":{},"options":{"plugins":[{"key":"base$0$0","visitor":{"Program":{"enter":[null]},"_exploded":true,"_verified":true},"options":{"generateLetDeclarations":true,"enforceStrictMode":false}},{"key":"transform-meteor-dynamic-import","visitor":{"_exploded":{},"_verified":{},"CallExpression":{"enter":[null]}},"options":{}},{"key":"base$0$2","visitor":{"CallExpression":{"enter":[null]},"BinaryExpression":{"enter":[null]},"MemberExpression":{"enter":[null],"exit":[null]},"_exploded":true,"_verified":true,"Identifier":{"enter":[null]},"JSXIdentifier":{"enter":[null]}},"options":{"polyfill":false,"useBuiltIns":false}},{"key":"base$0$3","visitor":{"_exploded":{},"_verified":{},"ClassDeclaration":{"enter":[null]},"ClassExpression":{"enter":[null]}},"options":{"loose":true}},{"key":"base$0$4","visitor":{"FunctionExpression":{"exit":[null]},"_exploded":true,"_verified":true},"options":{}},{"key":"base$0$5","visitor":{"ForInStatement":{"enter":[null]},"_exploded":true,"_verified":true},"options":{}},{"key":"base$0$6","visitor":{"Program":{"exit":[null]},"_exploded":true,"_verified":true},"options":{"allowTopLevelThis":true,"strictMode":false,"loose":true}},{"key":"base$0$1$0","visitor":{"_exploded":{},"_verified":{},"JSXNamespacedName":{"enter":[null]},"JSXElement":{"exit":[null]},"JSXFragment":{"exit":[null]},"Program":{"enter":[null],"exit":[null]},"JSXAttribute":{"enter":[null]}},"options":{"pragma":"React.createElement","pragmaFrag":"React.Fragment","throwIfNamespace":true,"useBuiltIns":false}},{"key":"base$0$1$1","visitor":{"_exploded":true,"_verified":true},"options":{}},{"key":"base$0$1$2","visitor":{"ExportDefaultDeclaration":{"enter":[null]},"CallExpression":{"enter":[null]},"_exploded":true,"_verified":true},"options":{}},{"key":"base$0$0$0","visitor":{"_exploded":true,"_verified":true},"options":{}},{"key":"base$0$0$1","visitor":{"_exploded":true,"_verified":true},"options":{}},{"key":"base$0$0$2","visitor":{"ArrowFunctionExpression":{"enter":[null]},"_exploded":true,"_verified":true},"options":{}},{"key":"base$0$0$3","visitor":{"BlockStatement":{"enter":[null]},"SwitchCase":{"enter":[null]},"_exploded":true,"_verified":true},"options":{}},{"key":"base$0$0$4","visitor":{"VariableDeclaration":{"enter":[null]},"CatchClause":{"enter":[null]},"_exploded":true,"BlockStatement":{"enter":[null]},"SwitchStatement":{"enter":[null]},"Program":{"enter":[null]},"_verified":true,"DoWhileStatement":{"enter":[null]},"ForInStatement":{"enter":[null]},"ForStatement":{"enter":[null]},"WhileStatement":{"enter":[null]},"ForOfStatement":{"enter":[null]}},"options":{}},{"key":"base$0$0$5","visitor":{"ExportDefaultDeclaration":{"enter":[null]},"ClassDeclaration":{"enter":[null]},"ClassExpression":{"enter":[null]},"_exploded":true,"_verified":true},"options":{"loose":true}},{"key":"base$0$0$6","visitor":{"ObjectExpression":{"exit":[null]},"_exploded":true,"_verified":true},"options":{"loose":true}},{"key":"base$0$0$7","visitor":{"ExportNamedDeclaration":{"enter":[null]},"CatchClause":{"enter":[null]},"AssignmentExpression":{"enter":[null]},"VariableDeclaration":{"enter":[null]},"_exploded":true,"_verified":true,"ForInStatement":{"enter":[null]},"ForOfStatement":{"enter":[null]}},"options":{}},{"key":"base$0$0$8","visitor":{"ForOfStatement":{"enter":[null]},"_exploded":true,"_verified":true},"options":{"loose":true}},{"key":"base$0$0$9","visitor":{"NumericLiteral":{"enter":[null]},"StringLiteral":{"enter":[null]},"_exploded":true,"_verified":true},"options":{}},{"key":"base$0$0$10","visitor":{"ObjectExpression":{"enter":[null]},"_exploded":true,"_verified":true},"options":{}},{"key":"base$0$0$11","visitor":{"_exploded":true,"_verified":true,"FunctionDeclaration":{"enter":[null]},"FunctionExpression":{"enter":[null]},"ObjectMethod":{"enter":[null]},"ArrowFunctionExpression":{"enter":[null]},"ClassMethod":{"enter":[null]}},"options":{}},{"key":"base$0$0$12","visitor":{"ObjectMethod":{"enter":[null]},"ObjectProperty":{"enter":[null]},"_exploded":true,"_verified":true},"options":{}},{"key":"base$0$0$13","visitor":{"ArrayExpression":{"enter":[null]},"CallExpression":{"enter":[null]},"NewExpression":{"enter":[null]},"_exploded":true,"_verified":true},"options":{}},{"key":"base$0$0$14","visitor":{"RegExpLiteral":{"enter":[null]},"_exploded":true,"_verified":true},"options":{}},{"key":"base$0$0$15","visitor":{"TaggedTemplateExpression":{"enter":[null]},"TemplateLiteral":{"enter":[null]},"_exploded":true,"_verified":true},"options":{"loose":true}},{"key":"base$0$0$16","visitor":{"UnaryExpression":{"enter":[null]},"_exploded":true,"_verified":true,"BlockStatement":{"enter":[null]},"CatchClause":{"enter":[null]},"DoWhileStatement":{"enter":[null]},"ForInStatement":{"enter":[null]},"ForStatement":{"enter":[null]},"FunctionDeclaration":{"enter":[null]},"FunctionExpression":{"enter":[null]},"Program":{"enter":[null]},"ObjectMethod":{"enter":[null]},"SwitchStatement":{"enter":[null]},"WhileStatement":{"enter":[null]},"ArrowFunctionExpression":{"enter":[null]},"ClassDeclaration":{"enter":[null]},"ClassExpression":{"enter":[null]},"ForOfStatement":{"enter":[null]},"ClassMethod":{"enter":[null]}},"options":{}},{"key":"base$0$0$17","visitor":{"RegExpLiteral":{"enter":[null]},"_exploded":true,"_verified":true},"options":{}},{"key":"base$0$0$18","visitor":{"_exploded":true,"_verified":true},"options":{}},{"key":"base$0$0$19","visitor":{"_exploded":{},"_verified":{},"VariableDeclarator":{"enter":[null]},"ExportNamedDeclaration":{"enter":[null]},"CatchClause":{"enter":[null]},"AssignmentExpression":{"enter":[null]},"ObjectExpression":{"enter":[null]},"FunctionDeclaration":{"enter":[null]},"FunctionExpression":{"enter":[null]},"ObjectMethod":{"enter":[null]},"ArrowFunctionExpression":{"enter":[null]},"ClassMethod":{"enter":[null]},"ForInStatement":{"enter":[null]},"ForOfStatement":{"enter":[null]}},"options":{}},{"key":"base$0$0$20","visitor":{"ObjectProperty":{"exit":[null]},"_exploded":true,"_verified":true},"options":{}},{"key":"base$0$0$21","visitor":{"_exploded":{},"_verified":{},"Program":{"enter":[null]},"ImportDeclaration":{"enter":[null,null]},"ClassProperty":{"enter":[null]},"AssignmentPattern":{"enter":[null]},"TypeCastExpression":{"enter":[null,null]},"ImportSpecifier":{"enter":[null]},"ClassDeclaration":{"enter":[null]},"ClassExpression":{"enter":[null]},"FunctionDeclaration":{"enter":[null]},"FunctionExpression":{"enter":[null]},"ObjectMethod":{"enter":[null]},"ArrowFunctionExpression":{"enter":[null]},"ClassMethod":{"enter":[null]},"AnyTypeAnnotation":{"enter":[null]},"ArrayTypeAnnotation":{"enter":[null]},"BooleanTypeAnnotation":{"enter":[null]},"BooleanLiteralTypeAnnotation":{"enter":[null]},"NullLiteralTypeAnnotation":{"enter":[null]},"ClassImplements":{"enter":[null]},"DeclareClass":{"enter":[null]},"DeclareFunction":{"enter":[null]},"DeclareInterface":{"enter":[null]},"DeclareModule":{"enter":[null]},"DeclareModuleExports":{"enter":[null]},"DeclareTypeAlias":{"enter":[null]},"DeclareOpaqueType":{"enter":[null]},"DeclareVariable":{"enter":[null]},"DeclareExportDeclaration":{"enter":[null]},"DeclareExportAllDeclaration":{"enter":[null]},"DeclaredPredicate":{"enter":[null]},"ExistsTypeAnnotation":{"enter":[null]},"FunctionTypeAnnotation":{"enter":[null]},"FunctionTypeParam":{"enter":[null]},"GenericTypeAnnotation":{"enter":[null]},"InferredPredicate":{"enter":[null]},"InterfaceExtends":{"enter":[null]},"InterfaceDeclaration":{"enter":[null]},"IntersectionTypeAnnotation":{"enter":[null]},"MixedTypeAnnotation":{"enter":[null]},"EmptyTypeAnnotation":{"enter":[null]},"NullableTypeAnnotation":{"enter":[null]},"NumberLiteralTypeAnnotation":{"enter":[null]},"NumberTypeAnnotation":{"enter":[null]},"ObjectTypeAnnotation":{"enter":[null]},"ObjectTypeCallProperty":{"enter":[null]},"ObjectTypeIndexer":{"enter":[null]},"ObjectTypeProperty":{"enter":[null]},"ObjectTypeSpreadProperty":{"enter":[null]},"OpaqueType":{"enter":[null]},"QualifiedTypeIdentifier":{"enter":[null]},"StringLiteralTypeAnnotation":{"enter":[null]},"StringTypeAnnotation":{"enter":[null]},"ThisTypeAnnotation":{"enter":[null]},"TupleTypeAnnotation":{"enter":[null]},"TypeofTypeAnnotation":{"enter":[null]},"TypeAlias":{"enter":[null]},"TypeAnnotation":{"enter":[null]},"TypeParameter":{"enter":[null]},"TypeParameterDeclaration":{"enter":[null]},"TypeParameterInstantiation":{"enter":[null]},"UnionTypeAnnotation":{"enter":[null]},"Variance":{"enter":[null]},"VoidTypeAnnotation":{"enter":[null]},"ExportAllDeclaration":{"enter":[null]},"ExportDefaultDeclaration":{"enter":[null]},"ExportNamedDeclaration":{"enter":[null]}},"options":{}},{"key":"base$0$0$22","visitor":{"AssignmentExpression":{"enter":[null]},"BinaryExpression":{"enter":[null]},"_exploded":true,"_verified":true},"options":{}},{"key":"base$0$0$23","visitor":{"_exploded":{},"_verified":{},"Program":{"enter":[null]}},"options":{}},{"key":"regenerator-transform","visitor":{"_exploded":true,"_verified":true,"FunctionDeclaration":{"exit":[null]},"FunctionExpression":{"exit":[null]},"ObjectMethod":{"exit":[null]},"ArrowFunctionExpression":{"exit":[null]},"ClassMethod":{"exit":[null]}},"options":{}}],"presets":[],"compact":false,"ast":true,"babelrc":false,"sourceFileName":"packages/retry/retry.js","filename":"packages/retry/retry.js","sourceMaps":true,"envName":"development","cwd":"/Users/administrator/Downloads/meteor-serverless-training/weather-info","passPerPreset":false,"parserOpts":{"sourceType":"module","sourceFileName":"packages/retry/retry.js","plugins":["dynamicImport","classProperties","classPrivateProperties","jsx","jsx","flow","asyncGenerators","objectRestSpread","objectRestSpread","flow","asyncGenerators"]},"generatorOpts":{"filename":"packages/retry/retry.js","comments":true,"compact":false,"sourceMaps":true,"sourceFileName":"packages/retry/retry.js"}},"code":"module.export({\n  Retry: function () {\n    return Retry;\n  }\n});\n\nvar Retry =\n/*#__PURE__*/\nfunction () {\n  function Retry() {\n    var _ref = arguments.length > 0 && arguments[0] !== undefined ? arguments[0] : {},\n        _ref$baseTimeout = _ref.baseTimeout,\n        baseTimeout = _ref$baseTimeout === void 0 ? 1000 : _ref$baseTimeout,\n        _ref$exponent = _ref.exponent,\n        exponent = _ref$exponent === void 0 ? 2.2 : _ref$exponent,\n        _ref$maxTimeout = _ref.maxTimeout,\n        maxTimeout = _ref$maxTimeout === void 0 ? 5 * 60 * 1000 : _ref$maxTimeout,\n        _ref$minTimeout = _ref.minTimeout,\n        minTimeout = _ref$minTimeout === void 0 ? 10 : _ref$minTimeout,\n        _ref$minCount = _ref.minCount,\n        minCount = _ref$minCount === void 0 ? 2 : _ref$minCount,\n        _ref$fuzz = _ref.fuzz,\n        fuzz = _ref$fuzz === void 0 ? 0.5 : _ref$fuzz;\n\n    this.baseTimeout = baseTimeout;\n    this.exponent = exponent;\n    this.maxTimeout = maxTimeout;\n    this.minTimeout = minTimeout;\n    this.minCount = minCount;\n    this.fuzz = fuzz;\n    this.retryTimer = null;\n  } // Reset a pending retry, if any.\n\n\n  var _proto = Retry.prototype;\n\n  _proto.clear = function () {\n    function clear() {\n      if (this.retryTimer) {\n        clearTimeout(this.retryTimer);\n      }\n\n      this.retryTimer = null;\n    }\n\n    return clear;\n  }(); // Calculate how long to wait in milliseconds to retry, based on the\n  // `count` of which retry this is.\n\n\n  _proto._timeout = function () {\n    function _timeout(count) {\n      if (count < this.minCount) {\n        return this.minTimeout;\n      } // fuzz the timeout randomly, to avoid reconnect storms when a\n      // server goes down.\n\n\n      var timeout = Math.min(this.maxTimeout, this.baseTimeout * Math.pow(this.exponent, count)) * (Random.fraction() * this.fuzz + (1 - this.fuzz / 2));\n      return timeout;\n    }\n\n    return _timeout;\n  }(); // Call `fn` after a delay, based on the `count` of which retry this is.\n\n\n  _proto.retryLater = function () {\n    function retryLater(count, fn) {\n      var timeout = this._timeout(count);\n\n      if (this.retryTimer) clearTimeout(this.retryTimer);\n      this.retryTimer = Meteor.setTimeout(fn, timeout);\n      return timeout;\n    }\n\n    return retryLater;\n  }();\n\n  return Retry;\n}();","map":{"version":3,"sources":["packages/retry/retry.js"],"names":["module","export","Retry","baseTimeout","exponent","maxTimeout","minTimeout","minCount","fuzz","retryTimer","clear","clearTimeout","_timeout","count","timeout","Math","min","pow","Random","fraction","retryLater","fn","Meteor","setTimeout"],"mappings":"AAAAA,OAAOC,MAAP,CAAc;AAACC,SAAM;AAAA,WAAIA,KAAJ;AAAA;AAAP,CAAd;;IAUaA,K;;;AACX,mBASQ;AAAA,mFAAJ,EAAI;AAAA,gCARNC,WAQM;AAAA,QARNA,WAQM,iCARQ,IAQR;AAAA,6BAPNC,QAOM;AAAA,QAPNA,QAOM,8BAPK,GAOL;AAAA,+BAJNC,UAIM;AAAA,QAJNA,UAIM,gCAJO,IAAI,EAAJ,GAAS,IAIhB;AAAA,+BAHNC,UAGM;AAAA,QAHNA,UAGM,gCAHO,EAGP;AAAA,6BAFNC,QAEM;AAAA,QAFNA,QAEM,8BAFK,CAEL;AAAA,yBADNC,IACM;AAAA,QADNA,IACM,0BADC,GACD;;AACN,SAAKL,WAAL,GAAmBA,WAAnB;AACA,SAAKC,QAAL,GAAgBA,QAAhB;AACA,SAAKC,UAAL,GAAkBA,UAAlB;AACA,SAAKC,UAAL,GAAkBA,UAAlB;AACA,SAAKC,QAAL,GAAgBA,QAAhB;AACA,SAAKC,IAAL,GAAYA,IAAZ;AACA,SAAKC,UAAL,GAAkB,IAAlB;AACD,G,CAED;;;;;SACAC,K;qBAAQ;AACN,UAAI,KAAKD,UAAT,EAAqB;AACnBE,qBAAa,KAAKF,UAAlB;AACD;;AACD,WAAKA,UAAL,GAAkB,IAAlB;AACD;;;OAED;AACA;;;SACAG,Q;sBAASC,K,EAAO;AACd,UAAIA,QAAQ,KAAKN,QAAjB,EAA2B;AACzB,eAAO,KAAKD,UAAZ;AACD,OAHa,CAKd;AACA;;;AACA,UAAIQ,UAAUC,KAAKC,GAAL,CACZ,KAAKX,UADO,EAEZ,KAAKF,WAAL,GAAmBY,KAAKE,GAAL,CAAS,KAAKb,QAAd,EAAwBS,KAAxB,CAFP,KAIZK,OAAOC,QAAP,KAAoB,KAAKX,IAAzB,IAAiC,IAAI,KAAKA,IAAL,GAAY,CAAjD,CAJY,CAAd;AAOA,aAAOM,OAAP;AACD;;;OAED;;;SACAM,U;wBAAWP,K,EAAOQ,E,EAAI;AACpB,UAAIP,UAAU,KAAKF,QAAL,CAAcC,KAAd,CAAd;;AACA,UAAI,KAAKJ,UAAT,EACEE,aAAa,KAAKF,UAAlB;AACF,WAAKA,UAAL,GAAkBa,OAAOC,UAAP,CAAkBF,EAAlB,EAAsBP,OAAtB,CAAlB;AACA,aAAOA,OAAP;AACD","sourcesContent":["// Retry logic with an exponential backoff.\n//\n// options:\n//  baseTimeout: time for initial reconnect attempt (ms).\n//  exponent: exponential factor to increase timeout each attempt.\n//  maxTimeout: maximum time between retries (ms).\n//  minCount: how many times to reconnect \"instantly\".\n//  minTimeout: time to wait for the first `minCount` retries (ms).\n//  fuzz: factor to randomize retry times by (to avoid retry storms).\n\nexport class Retry {\n  constructor({\n    baseTimeout = 1000,\n    exponent = 2.2,\n    // The default is high-ish to ensure a server can recover from a\n    // failure caused by load.\n    maxTimeout = 5 * 60 * 1000,\n    minTimeout = 10,\n    minCount = 2,\n    fuzz = 0.5,\n  } = {}) {\n    this.baseTimeout = baseTimeout;\n    this.exponent = exponent;\n    this.maxTimeout = maxTimeout;\n    this.minTimeout = minTimeout;\n    this.minCount = minCount;\n    this.fuzz = fuzz;\n    this.retryTimer = null;\n  }\n\n  // Reset a pending retry, if any.\n  clear() {\n    if (this.retryTimer) {\n      clearTimeout(this.retryTimer);\n    }\n    this.retryTimer = null;\n  }\n\n  // Calculate how long to wait in milliseconds to retry, based on the\n  // `count` of which retry this is.\n  _timeout(count) {\n    if (count < this.minCount) {\n      return this.minTimeout;\n    }\n\n    // fuzz the timeout randomly, to avoid reconnect storms when a\n    // server goes down.\n    var timeout = Math.min(\n      this.maxTimeout,\n      this.baseTimeout * Math.pow(this.exponent, count)\n    ) * (\n      Random.fraction() * this.fuzz + (1 - this.fuzz / 2)\n    );\n\n    return timeout;\n  }\n\n  // Call `fn` after a delay, based on the `count` of which retry this is.\n  retryLater(count, fn) {\n    var timeout = this._timeout(count);\n    if (this.retryTimer)\n      clearTimeout(this.retryTimer);\n    this.retryTimer = Meteor.setTimeout(fn, timeout);\n    return timeout;\n  }\n}\n"]},"sourceType":"script","hash":"91818c3ac8135c4c0e5d547b394e78bf9a7e401d"}
