{"metadata":{},"options":{"plugins":[{"key":"base$1$0","visitor":{"_exploded":{},"_verified":{},"JSXNamespacedName":{"enter":[null]},"JSXElement":{"exit":[null]},"JSXFragment":{"exit":[null]},"Program":{"enter":[null],"exit":[null]},"JSXAttribute":{"enter":[null]}},"options":{"pragma":"React.createElement","pragmaFrag":"React.Fragment","throwIfNamespace":true,"useBuiltIns":false}},{"key":"base$1$1","visitor":{"_exploded":true,"_verified":true},"options":{}},{"key":"base$1$2","visitor":{"ExportDefaultDeclaration":{"enter":[null]},"CallExpression":{"enter":[null]},"_exploded":true,"_verified":true},"options":{}},{"key":"base$0$0","visitor":{"Program":{"enter":[null]},"_exploded":true,"_verified":true},"options":{"generateLetDeclarations":true,"enforceStrictMode":false}},{"key":"base$0$1","visitor":{"_exploded":true,"_verified":true},"options":{}},{"key":"base$0$2","visitor":{"_exploded":{},"_verified":{},"Program":{"enter":[null]},"ImportDeclaration":{"enter":[null,null]},"ClassProperty":{"enter":[null]},"AssignmentPattern":{"enter":[null]},"TypeCastExpression":{"enter":[null,null]},"ImportSpecifier":{"enter":[null]},"ClassDeclaration":{"enter":[null]},"ClassExpression":{"enter":[null]},"FunctionDeclaration":{"enter":[null]},"FunctionExpression":{"enter":[null]},"ObjectMethod":{"enter":[null]},"ArrowFunctionExpression":{"enter":[null]},"ClassMethod":{"enter":[null]},"AnyTypeAnnotation":{"enter":[null]},"ArrayTypeAnnotation":{"enter":[null]},"BooleanTypeAnnotation":{"enter":[null]},"BooleanLiteralTypeAnnotation":{"enter":[null]},"NullLiteralTypeAnnotation":{"enter":[null]},"ClassImplements":{"enter":[null]},"DeclareClass":{"enter":[null]},"DeclareFunction":{"enter":[null]},"DeclareInterface":{"enter":[null]},"DeclareModule":{"enter":[null]},"DeclareModuleExports":{"enter":[null]},"DeclareTypeAlias":{"enter":[null]},"DeclareOpaqueType":{"enter":[null]},"DeclareVariable":{"enter":[null]},"DeclareExportDeclaration":{"enter":[null]},"DeclareExportAllDeclaration":{"enter":[null]},"DeclaredPredicate":{"enter":[null]},"ExistsTypeAnnotation":{"enter":[null]},"FunctionTypeAnnotation":{"enter":[null]},"FunctionTypeParam":{"enter":[null]},"GenericTypeAnnotation":{"enter":[null]},"InferredPredicate":{"enter":[null]},"InterfaceExtends":{"enter":[null]},"InterfaceDeclaration":{"enter":[null]},"IntersectionTypeAnnotation":{"enter":[null]},"MixedTypeAnnotation":{"enter":[null]},"EmptyTypeAnnotation":{"enter":[null]},"NullableTypeAnnotation":{"enter":[null]},"NumberLiteralTypeAnnotation":{"enter":[null]},"NumberTypeAnnotation":{"enter":[null]},"ObjectTypeAnnotation":{"enter":[null]},"ObjectTypeCallProperty":{"enter":[null]},"ObjectTypeIndexer":{"enter":[null]},"ObjectTypeProperty":{"enter":[null]},"ObjectTypeSpreadProperty":{"enter":[null]},"OpaqueType":{"enter":[null]},"QualifiedTypeIdentifier":{"enter":[null]},"StringLiteralTypeAnnotation":{"enter":[null]},"StringTypeAnnotation":{"enter":[null]},"ThisTypeAnnotation":{"enter":[null]},"TupleTypeAnnotation":{"enter":[null]},"TypeofTypeAnnotation":{"enter":[null]},"TypeAlias":{"enter":[null]},"TypeAnnotation":{"enter":[null]},"TypeParameter":{"enter":[null]},"TypeParameterDeclaration":{"enter":[null]},"TypeParameterInstantiation":{"enter":[null]},"UnionTypeAnnotation":{"enter":[null]},"Variance":{"enter":[null]},"VoidTypeAnnotation":{"enter":[null]},"ExportAllDeclaration":{"enter":[null]},"ExportDefaultDeclaration":{"enter":[null]},"ExportNamedDeclaration":{"enter":[null]}},"options":{}},{"key":"base$0$3","visitor":{"CallExpression":{"enter":[null]},"BinaryExpression":{"enter":[null]},"MemberExpression":{"enter":[null],"exit":[null]},"_exploded":true,"_verified":true,"Identifier":{"enter":[null]},"JSXIdentifier":{"enter":[null]}},"options":{"polyfill":false,"useBuiltIns":true}},{"key":"base$0$4","visitor":{"_exploded":true,"_verified":true},"options":{}},{"key":"base$0$5","visitor":{"_exploded":{},"_verified":{},"VariableDeclarator":{"enter":[null]},"ExportNamedDeclaration":{"enter":[null]},"CatchClause":{"enter":[null]},"AssignmentExpression":{"enter":[null]},"ObjectExpression":{"enter":[null]},"FunctionDeclaration":{"enter":[null]},"FunctionExpression":{"enter":[null]},"ObjectMethod":{"enter":[null]},"ArrowFunctionExpression":{"enter":[null]},"ClassMethod":{"enter":[null]},"ForInStatement":{"enter":[null]},"ForOfStatement":{"enter":[null]}},"options":{}},{"key":"transform-meteor-async-await","visitor":{"AwaitExpression":{"enter":[null]},"_exploded":true,"_verified":true,"FunctionDeclaration":{"exit":[null]},"FunctionExpression":{"exit":[null]},"ObjectMethod":{"exit":[null]},"ArrowFunctionExpression":{"exit":[null]},"ClassMethod":{"exit":[null]}},"options":{"useNativeAsyncAwait":false}},{"key":"transform-meteor-dynamic-import","visitor":{"_exploded":{},"_verified":{},"CallExpression":{"enter":[null]}},"options":{}},{"key":"base$0$8","visitor":{"_exploded":{},"_verified":{},"Program":{"enter":[null]}},"options":{}},{"key":"base$0$9","visitor":{"Program":{"exit":[null]},"_exploded":true,"_verified":true},"options":{"allowTopLevelThis":true,"strictMode":false,"loose":true}},{"key":"base$0$10","visitor":{"_exploded":{},"_verified":{},"ClassDeclaration":{"enter":[null]},"ClassExpression":{"enter":[null]}},"options":{"loose":true}}],"compact":false,"ast":true,"babelrc":false,"sourceFileName":"packages/ddp-server/server_convenience.js","filename":"packages/ddp-server/server_convenience.js","sourceMaps":true,"envName":"development","cwd":"/Users/administrator/Downloads/meteor-serverless-training/weather-info","passPerPreset":false,"presets":[],"parserOpts":{"sourceType":"module","sourceFileName":"packages/ddp-server/server_convenience.js","plugins":["jsx","jsx","flow","flow","objectRestSpread","objectRestSpread","dynamicImport","asyncGenerators","classProperties","classPrivateProperties"]},"generatorOpts":{"filename":"packages/ddp-server/server_convenience.js","comments":true,"compact":false,"sourceMaps":true,"sourceFileName":"packages/ddp-server/server_convenience.js"}},"code":"if (process.env.DDP_DEFAULT_CONNECTION_URL) {\n  __meteor_runtime_config__.DDP_DEFAULT_CONNECTION_URL = process.env.DDP_DEFAULT_CONNECTION_URL;\n}\n\nMeteor.server = new Server();\n\nMeteor.refresh = function (notification) {\n  DDPServer._InvalidationCrossbar.fire(notification);\n}; // Proxy the public methods of Meteor.server so they can\n// be called directly on Meteor.\n\n\n_.each(['publish', 'methods', 'call', 'apply', 'onConnection', 'onMessage'], function (name) {\n  Meteor[name] = _.bind(Meteor.server[name], Meteor.server);\n}); // Meteor.server used to be called Meteor.default_server. Provide\n// backcompat as a courtesy even though it was never documented.\n// XXX COMPAT WITH 0.6.4\n\n\nMeteor.default_server = Meteor.server;","map":{"version":3,"sources":["packages/ddp-server/server_convenience.js"],"names":["process","env","DDP_DEFAULT_CONNECTION_URL","__meteor_runtime_config__","Meteor","server","Server","refresh","notification","DDPServer","_InvalidationCrossbar","fire","_","each","name","bind","default_server"],"mappings":"AAAA,IAAIA,QAAQC,GAAR,CAAYC,0BAAhB,EAA4C;AAC1CC,4BAA0BD,0BAA1B,GACEF,QAAQC,GAAR,CAAYC,0BADd;AAED;;AAEDE,OAAOC,MAAP,GAAgB,IAAIC,MAAJ,EAAhB;;AAEAF,OAAOG,OAAP,GAAiB,UAAUC,YAAV,EAAwB;AACvCC,YAAUC,qBAAV,CAAgCC,IAAhC,CAAqCH,YAArC;AACD,CAFD,C,CAIA;AACA;;;AACAI,EAAEC,IAAF,CAAO,CAAC,SAAD,EAAY,SAAZ,EAAuB,MAAvB,EAA+B,OAA/B,EAAwC,cAAxC,EAAwD,WAAxD,CAAP,EACO,UAAUC,IAAV,EAAgB;AACdV,SAAOU,IAAP,IAAeF,EAAEG,IAAF,CAAOX,OAAOC,MAAP,CAAcS,IAAd,CAAP,EAA4BV,OAAOC,MAAnC,CAAf;AACD,CAHR,E,CAKA;AACA;AACA;;;AACAD,OAAOY,cAAP,GAAwBZ,OAAOC,MAA/B","sourcesContent":["if (process.env.DDP_DEFAULT_CONNECTION_URL) {\n  __meteor_runtime_config__.DDP_DEFAULT_CONNECTION_URL =\n    process.env.DDP_DEFAULT_CONNECTION_URL;\n}\n\nMeteor.server = new Server;\n\nMeteor.refresh = function (notification) {\n  DDPServer._InvalidationCrossbar.fire(notification);\n};\n\n// Proxy the public methods of Meteor.server so they can\n// be called directly on Meteor.\n_.each(['publish', 'methods', 'call', 'apply', 'onConnection', 'onMessage'],\n       function (name) {\n         Meteor[name] = _.bind(Meteor.server[name], Meteor.server);\n       });\n\n// Meteor.server used to be called Meteor.default_server. Provide\n// backcompat as a courtesy even though it was never documented.\n// XXX COMPAT WITH 0.6.4\nMeteor.default_server = Meteor.server;\n"]},"sourceType":"script","hash":"b889551266ad9c7952f495d42504e666043cdd01"}
