{"metadata":{},"options":{"plugins":[{"key":"base$0$0","visitor":{"Program":{"enter":[null]},"_exploded":true,"_verified":true},"options":{"generateLetDeclarations":true,"enforceStrictMode":false}},{"key":"transform-meteor-dynamic-import","visitor":{"_exploded":{},"_verified":{},"CallExpression":{"enter":[null]}},"options":{}},{"key":"base$0$2","visitor":{"CallExpression":{"enter":[null]},"BinaryExpression":{"enter":[null]},"MemberExpression":{"enter":[null],"exit":[null]},"_exploded":true,"_verified":true,"Identifier":{"enter":[null]},"JSXIdentifier":{"enter":[null]}},"options":{"polyfill":false,"useBuiltIns":false}},{"key":"base$0$3","visitor":{"_exploded":{},"_verified":{},"ClassDeclaration":{"enter":[null]},"ClassExpression":{"enter":[null]}},"options":{"loose":true}},{"key":"base$0$4","visitor":{"FunctionExpression":{"exit":[null]},"_exploded":true,"_verified":true},"options":{}},{"key":"base$0$5","visitor":{"ForInStatement":{"enter":[null]},"_exploded":true,"_verified":true},"options":{}},{"key":"base$0$6","visitor":{"Program":{"exit":[null]},"_exploded":true,"_verified":true},"options":{"allowTopLevelThis":true,"strictMode":false,"loose":true}},{"key":"base$0$1$0","visitor":{"_exploded":{},"_verified":{},"JSXNamespacedName":{"enter":[null]},"JSXElement":{"exit":[null]},"JSXFragment":{"exit":[null]},"Program":{"enter":[null],"exit":[null]},"JSXAttribute":{"enter":[null]}},"options":{"pragma":"React.createElement","pragmaFrag":"React.Fragment","throwIfNamespace":true,"useBuiltIns":false}},{"key":"base$0$1$1","visitor":{"_exploded":true,"_verified":true},"options":{}},{"key":"base$0$1$2","visitor":{"ExportDefaultDeclaration":{"enter":[null]},"CallExpression":{"enter":[null]},"_exploded":true,"_verified":true},"options":{}},{"key":"base$0$0$0","visitor":{"_exploded":true,"_verified":true},"options":{}},{"key":"base$0$0$1","visitor":{"_exploded":true,"_verified":true},"options":{}},{"key":"base$0$0$2","visitor":{"ArrowFunctionExpression":{"enter":[null]},"_exploded":true,"_verified":true},"options":{}},{"key":"base$0$0$3","visitor":{"BlockStatement":{"enter":[null]},"SwitchCase":{"enter":[null]},"_exploded":true,"_verified":true},"options":{}},{"key":"base$0$0$4","visitor":{"VariableDeclaration":{"enter":[null]},"CatchClause":{"enter":[null]},"_exploded":true,"BlockStatement":{"enter":[null]},"SwitchStatement":{"enter":[null]},"Program":{"enter":[null]},"_verified":true,"DoWhileStatement":{"enter":[null]},"ForInStatement":{"enter":[null]},"ForStatement":{"enter":[null]},"WhileStatement":{"enter":[null]},"ForOfStatement":{"enter":[null]}},"options":{}},{"key":"base$0$0$5","visitor":{"ExportDefaultDeclaration":{"enter":[null]},"ClassDeclaration":{"enter":[null]},"ClassExpression":{"enter":[null]},"_exploded":true,"_verified":true},"options":{"loose":true}},{"key":"base$0$0$6","visitor":{"ObjectExpression":{"exit":[null]},"_exploded":true,"_verified":true},"options":{"loose":true}},{"key":"base$0$0$7","visitor":{"ExportNamedDeclaration":{"enter":[null]},"CatchClause":{"enter":[null]},"AssignmentExpression":{"enter":[null]},"VariableDeclaration":{"enter":[null]},"_exploded":true,"_verified":true,"ForInStatement":{"enter":[null]},"ForOfStatement":{"enter":[null]}},"options":{}},{"key":"base$0$0$8","visitor":{"ForOfStatement":{"enter":[null]},"_exploded":true,"_verified":true},"options":{"loose":true}},{"key":"base$0$0$9","visitor":{"NumericLiteral":{"enter":[null]},"StringLiteral":{"enter":[null]},"_exploded":true,"_verified":true},"options":{}},{"key":"base$0$0$10","visitor":{"ObjectExpression":{"enter":[null]},"_exploded":true,"_verified":true},"options":{}},{"key":"base$0$0$11","visitor":{"_exploded":true,"_verified":true,"FunctionDeclaration":{"enter":[null]},"FunctionExpression":{"enter":[null]},"ObjectMethod":{"enter":[null]},"ArrowFunctionExpression":{"enter":[null]},"ClassMethod":{"enter":[null]}},"options":{}},{"key":"base$0$0$12","visitor":{"ObjectMethod":{"enter":[null]},"ObjectProperty":{"enter":[null]},"_exploded":true,"_verified":true},"options":{}},{"key":"base$0$0$13","visitor":{"ArrayExpression":{"enter":[null]},"CallExpression":{"enter":[null]},"NewExpression":{"enter":[null]},"_exploded":true,"_verified":true},"options":{}},{"key":"base$0$0$14","visitor":{"RegExpLiteral":{"enter":[null]},"_exploded":true,"_verified":true},"options":{}},{"key":"base$0$0$15","visitor":{"TaggedTemplateExpression":{"enter":[null]},"TemplateLiteral":{"enter":[null]},"_exploded":true,"_verified":true},"options":{"loose":true}},{"key":"base$0$0$16","visitor":{"UnaryExpression":{"enter":[null]},"_exploded":true,"_verified":true,"BlockStatement":{"enter":[null]},"CatchClause":{"enter":[null]},"DoWhileStatement":{"enter":[null]},"ForInStatement":{"enter":[null]},"ForStatement":{"enter":[null]},"FunctionDeclaration":{"enter":[null]},"FunctionExpression":{"enter":[null]},"Program":{"enter":[null]},"ObjectMethod":{"enter":[null]},"SwitchStatement":{"enter":[null]},"WhileStatement":{"enter":[null]},"ArrowFunctionExpression":{"enter":[null]},"ClassDeclaration":{"enter":[null]},"ClassExpression":{"enter":[null]},"ForOfStatement":{"enter":[null]},"ClassMethod":{"enter":[null]}},"options":{}},{"key":"base$0$0$17","visitor":{"RegExpLiteral":{"enter":[null]},"_exploded":true,"_verified":true},"options":{}},{"key":"base$0$0$18","visitor":{"_exploded":true,"_verified":true},"options":{}},{"key":"base$0$0$19","visitor":{"_exploded":{},"_verified":{},"VariableDeclarator":{"enter":[null]},"ExportNamedDeclaration":{"enter":[null]},"CatchClause":{"enter":[null]},"AssignmentExpression":{"enter":[null]},"ObjectExpression":{"enter":[null]},"FunctionDeclaration":{"enter":[null]},"FunctionExpression":{"enter":[null]},"ObjectMethod":{"enter":[null]},"ArrowFunctionExpression":{"enter":[null]},"ClassMethod":{"enter":[null]},"ForInStatement":{"enter":[null]},"ForOfStatement":{"enter":[null]}},"options":{}},{"key":"base$0$0$20","visitor":{"ObjectProperty":{"exit":[null]},"_exploded":true,"_verified":true},"options":{}},{"key":"base$0$0$21","visitor":{"_exploded":{},"_verified":{},"Program":{"enter":[null]},"ImportDeclaration":{"enter":[null,null]},"ClassProperty":{"enter":[null]},"AssignmentPattern":{"enter":[null]},"TypeCastExpression":{"enter":[null,null]},"ImportSpecifier":{"enter":[null]},"ClassDeclaration":{"enter":[null]},"ClassExpression":{"enter":[null]},"FunctionDeclaration":{"enter":[null]},"FunctionExpression":{"enter":[null]},"ObjectMethod":{"enter":[null]},"ArrowFunctionExpression":{"enter":[null]},"ClassMethod":{"enter":[null]},"AnyTypeAnnotation":{"enter":[null]},"ArrayTypeAnnotation":{"enter":[null]},"BooleanTypeAnnotation":{"enter":[null]},"BooleanLiteralTypeAnnotation":{"enter":[null]},"NullLiteralTypeAnnotation":{"enter":[null]},"ClassImplements":{"enter":[null]},"DeclareClass":{"enter":[null]},"DeclareFunction":{"enter":[null]},"DeclareInterface":{"enter":[null]},"DeclareModule":{"enter":[null]},"DeclareModuleExports":{"enter":[null]},"DeclareTypeAlias":{"enter":[null]},"DeclareOpaqueType":{"enter":[null]},"DeclareVariable":{"enter":[null]},"DeclareExportDeclaration":{"enter":[null]},"DeclareExportAllDeclaration":{"enter":[null]},"DeclaredPredicate":{"enter":[null]},"ExistsTypeAnnotation":{"enter":[null]},"FunctionTypeAnnotation":{"enter":[null]},"FunctionTypeParam":{"enter":[null]},"GenericTypeAnnotation":{"enter":[null]},"InferredPredicate":{"enter":[null]},"InterfaceExtends":{"enter":[null]},"InterfaceDeclaration":{"enter":[null]},"IntersectionTypeAnnotation":{"enter":[null]},"MixedTypeAnnotation":{"enter":[null]},"EmptyTypeAnnotation":{"enter":[null]},"NullableTypeAnnotation":{"enter":[null]},"NumberLiteralTypeAnnotation":{"enter":[null]},"NumberTypeAnnotation":{"enter":[null]},"ObjectTypeAnnotation":{"enter":[null]},"ObjectTypeCallProperty":{"enter":[null]},"ObjectTypeIndexer":{"enter":[null]},"ObjectTypeProperty":{"enter":[null]},"ObjectTypeSpreadProperty":{"enter":[null]},"OpaqueType":{"enter":[null]},"QualifiedTypeIdentifier":{"enter":[null]},"StringLiteralTypeAnnotation":{"enter":[null]},"StringTypeAnnotation":{"enter":[null]},"ThisTypeAnnotation":{"enter":[null]},"TupleTypeAnnotation":{"enter":[null]},"TypeofTypeAnnotation":{"enter":[null]},"TypeAlias":{"enter":[null]},"TypeAnnotation":{"enter":[null]},"TypeParameter":{"enter":[null]},"TypeParameterDeclaration":{"enter":[null]},"TypeParameterInstantiation":{"enter":[null]},"UnionTypeAnnotation":{"enter":[null]},"Variance":{"enter":[null]},"VoidTypeAnnotation":{"enter":[null]},"ExportAllDeclaration":{"enter":[null]},"ExportDefaultDeclaration":{"enter":[null]},"ExportNamedDeclaration":{"enter":[null]}},"options":{}},{"key":"base$0$0$22","visitor":{"AssignmentExpression":{"enter":[null]},"BinaryExpression":{"enter":[null]},"_exploded":true,"_verified":true},"options":{}},{"key":"base$0$0$23","visitor":{"_exploded":{},"_verified":{},"Program":{"enter":[null]}},"options":{}},{"key":"regenerator-transform","visitor":{"_exploded":true,"_verified":true,"FunctionDeclaration":{"exit":[null]},"FunctionExpression":{"exit":[null]},"ObjectMethod":{"exit":[null]},"ArrowFunctionExpression":{"exit":[null]},"ClassMethod":{"exit":[null]}},"options":{}}],"presets":[],"compact":false,"ast":true,"babelrc":false,"sourceFileName":"packages/base64/base64.js","filename":"packages/base64/base64.js","sourceMaps":true,"envName":"development","cwd":"/Users/administrator/Downloads/meteor-serverless-training/weather-info","passPerPreset":false,"parserOpts":{"sourceType":"module","sourceFileName":"packages/base64/base64.js","plugins":["dynamicImport","classProperties","classPrivateProperties","jsx","jsx","flow","asyncGenerators","objectRestSpread","objectRestSpread","flow","asyncGenerators"]},"generatorOpts":{"filename":"packages/base64/base64.js","comments":true,"compact":false,"sourceMaps":true,"sourceFileName":"packages/base64/base64.js"}},"code":"module.export({\n  Base64: function () {\n    return Base64;\n  }\n});\n// Base 64 encoding\nvar BASE_64_CHARS = \"ABCDEFGHIJKLMNOPQRSTUVWXYZabcdefghijklmnopqrstuvwxyz0123456789+/\";\nvar BASE_64_VALS = Object.create(null);\n\nvar getChar = function (val) {\n  return BASE_64_CHARS.charAt(val);\n};\n\nvar getVal = function (ch) {\n  return ch === '=' ? -1 : BASE_64_VALS[ch];\n};\n\nfor (var i = 0; i < BASE_64_CHARS.length; i++) {\n  BASE_64_VALS[getChar(i)] = i;\n}\n\n;\n\nvar encode = function (array) {\n  if (typeof array === \"string\") {\n    var str = array;\n    array = newBinary(str.length);\n\n    for (var _i = 0; _i < str.length; _i++) {\n      var ch = str.charCodeAt(_i);\n\n      if (ch > 0xFF) {\n        throw new Error(\"Not ascii. Base64.encode can only take ascii strings.\");\n      }\n\n      array[_i] = ch;\n    }\n  }\n\n  var answer = [];\n  var a = null;\n  var b = null;\n  var c = null;\n  var d = null;\n  array.forEach(function (elm, i) {\n    switch (i % 3) {\n      case 0:\n        a = elm >> 2 & 0x3F;\n        b = (elm & 0x03) << 4;\n        break;\n\n      case 1:\n        b = b | elm >> 4 & 0xF;\n        c = (elm & 0xF) << 2;\n        break;\n\n      case 2:\n        c = c | elm >> 6 & 0x03;\n        d = elm & 0x3F;\n        answer.push(getChar(a));\n        answer.push(getChar(b));\n        answer.push(getChar(c));\n        answer.push(getChar(d));\n        a = null;\n        b = null;\n        c = null;\n        d = null;\n        break;\n    }\n  });\n\n  if (a != null) {\n    answer.push(getChar(a));\n    answer.push(getChar(b));\n\n    if (c == null) {\n      answer.push('=');\n    } else {\n      answer.push(getChar(c));\n    }\n\n    if (d == null) {\n      answer.push('=');\n    }\n  }\n\n  return answer.join(\"\");\n}; // XXX This is a weird place for this to live, but it's used both by\n// this package and 'ejson', and we can't put it in 'ejson' without\n// introducing a circular dependency. It should probably be in its own\n// package or as a helper in a package that both 'base64' and 'ejson'\n// use.\n\n\nvar newBinary = function (len) {\n  if (typeof Uint8Array === 'undefined' || typeof ArrayBuffer === 'undefined') {\n    var ret = [];\n\n    for (var _i2 = 0; _i2 < len; _i2++) {\n      ret.push(0);\n    }\n\n    ret.$Uint8ArrayPolyfill = true;\n    return ret;\n  }\n\n  return new Uint8Array(new ArrayBuffer(len));\n};\n\nvar decode = function (str) {\n  var len = Math.floor(str.length * 3 / 4);\n\n  if (str.charAt(str.length - 1) == '=') {\n    len--;\n\n    if (str.charAt(str.length - 2) == '=') {\n      len--;\n    }\n  }\n\n  var arr = newBinary(len);\n  var one = null;\n  var two = null;\n  var three = null;\n  var j = 0;\n\n  for (var _i3 = 0; _i3 < str.length; _i3++) {\n    var c = str.charAt(_i3);\n    var v = getVal(c);\n\n    switch (_i3 % 4) {\n      case 0:\n        if (v < 0) {\n          throw new Error('invalid base64 string');\n        }\n\n        one = v << 2;\n        break;\n\n      case 1:\n        if (v < 0) {\n          throw new Error('invalid base64 string');\n        }\n\n        one = one | v >> 4;\n        arr[j++] = one;\n        two = (v & 0x0F) << 4;\n        break;\n\n      case 2:\n        if (v >= 0) {\n          two = two | v >> 2;\n          arr[j++] = two;\n          three = (v & 0x03) << 6;\n        }\n\n        break;\n\n      case 3:\n        if (v >= 0) {\n          arr[j++] = three | v;\n        }\n\n        break;\n    }\n  }\n\n  return arr;\n};\n\nvar Base64 = {\n  encode: encode,\n  decode: decode,\n  newBinary: newBinary\n};","map":{"version":3,"sources":["packages/base64/base64.js"],"names":["module","export","Base64","BASE_64_CHARS","BASE_64_VALS","Object","create","getChar","charAt","val","getVal","ch","i","length","encode","array","str","newBinary","charCodeAt","Error","answer","a","b","c","d","forEach","elm","push","join","Uint8Array","ArrayBuffer","ret","len","$Uint8ArrayPolyfill","decode","Math","floor","arr","one","two","three","j","v"],"mappings":"AAAAA,OAAOC,MAAP,CAAc;AAACC,UAAO;AAAA,WAAIA,MAAJ;AAAA;AAAR,CAAd;AAAA;AAEA,IAAMC,gBAAgB,kEAAtB;AAEA,IAAMC,eAAeC,OAAOC,MAAP,CAAc,IAAd,CAArB;;AAEA,IAAMC,UAAU;AAAA,SAAOJ,cAAcK,MAAd,CAAqBC,GAArB,CAAP;AAAA,CAAhB;;AACA,IAAMC,SAAS;AAAA,SAAMC,OAAO,GAAP,GAAa,CAAC,CAAd,GAAkBP,aAAaO,EAAb,CAAxB;AAAA,CAAf;;AAEA,KAAK,IAAIC,IAAI,CAAb,EAAgBA,IAAIT,cAAcU,MAAlC,EAA0CD,GAA1C,EAA+C;AAC7CR,eAAaG,QAAQK,CAAR,CAAb,IAA2BA,CAA3B;AACD;;AAAA;;AAED,IAAME,SAAS,iBAAS;AACtB,MAAI,OAAOC,KAAP,KAAiB,QAArB,EAA+B;AAC7B,QAAMC,MAAMD,KAAZ;AACAA,YAAQE,UAAUD,IAAIH,MAAd,CAAR;;AACA,SAAK,IAAID,KAAI,CAAb,EAAgBA,KAAII,IAAIH,MAAxB,EAAgCD,IAAhC,EAAqC;AACnC,UAAMD,KAAKK,IAAIE,UAAJ,CAAeN,EAAf,CAAX;;AACA,UAAID,KAAK,IAAT,EAAe;AACb,cAAM,IAAIQ,KAAJ,CACJ,uDADI,CAAN;AAED;;AAEDJ,YAAMH,EAAN,IAAWD,EAAX;AACD;AACF;;AAED,MAAMS,SAAS,EAAf;AACA,MAAIC,IAAI,IAAR;AACA,MAAIC,IAAI,IAAR;AACA,MAAIC,IAAI,IAAR;AACA,MAAIC,IAAI,IAAR;AAEAT,QAAMU,OAAN,CAAc,UAACC,GAAD,EAAMd,CAAN,EAAY;AACxB,YAAQA,IAAI,CAAZ;AACE,WAAK,CAAL;AACES,YAAKK,OAAO,CAAR,GAAa,IAAjB;AACAJ,YAAI,CAACI,MAAM,IAAP,KAAgB,CAApB;AACA;;AACF,WAAK,CAAL;AACEJ,YAAIA,IAAKI,OAAO,CAAR,GAAa,GAArB;AACAH,YAAI,CAACG,MAAM,GAAP,KAAe,CAAnB;AACA;;AACF,WAAK,CAAL;AACEH,YAAIA,IAAKG,OAAO,CAAR,GAAa,IAArB;AACAF,YAAIE,MAAM,IAAV;AACAN,eAAOO,IAAP,CAAYpB,QAAQc,CAAR,CAAZ;AACAD,eAAOO,IAAP,CAAYpB,QAAQe,CAAR,CAAZ;AACAF,eAAOO,IAAP,CAAYpB,QAAQgB,CAAR,CAAZ;AACAH,eAAOO,IAAP,CAAYpB,QAAQiB,CAAR,CAAZ;AACAH,YAAI,IAAJ;AACAC,YAAI,IAAJ;AACAC,YAAI,IAAJ;AACAC,YAAI,IAAJ;AACA;AApBJ;AAsBD,GAvBD;;AAyBA,MAAIH,KAAK,IAAT,EAAe;AACbD,WAAOO,IAAP,CAAYpB,QAAQc,CAAR,CAAZ;AACAD,WAAOO,IAAP,CAAYpB,QAAQe,CAAR,CAAZ;;AACA,QAAIC,KAAK,IAAT,EAAe;AACbH,aAAOO,IAAP,CAAY,GAAZ;AACD,KAFD,MAEO;AACLP,aAAOO,IAAP,CAAYpB,QAAQgB,CAAR,CAAZ;AACD;;AAED,QAAIC,KAAK,IAAT,EAAe;AACbJ,aAAOO,IAAP,CAAY,GAAZ;AACD;AACF;;AAED,SAAOP,OAAOQ,IAAP,CAAY,EAAZ,CAAP;AACD,CA7DD,C,CAiEA;AACA;AACA;AACA;AACA;;;AACA,IAAMX,YAAY,eAAO;AACvB,MAAI,OAAOY,UAAP,KAAsB,WAAtB,IAAqC,OAAOC,WAAP,KAAuB,WAAhE,EAA6E;AAC3E,QAAMC,MAAM,EAAZ;;AACA,SAAK,IAAInB,MAAI,CAAb,EAAgBA,MAAIoB,GAApB,EAAyBpB,KAAzB,EAA8B;AAC5BmB,UAAIJ,IAAJ,CAAS,CAAT;AACD;;AAEDI,QAAIE,mBAAJ,GAA0B,IAA1B;AACA,WAAOF,GAAP;AACD;;AACD,SAAO,IAAIF,UAAJ,CAAe,IAAIC,WAAJ,CAAgBE,GAAhB,CAAf,CAAP;AACD,CAXD;;AAaA,IAAME,SAAS,eAAO;AACpB,MAAIF,MAAMG,KAAKC,KAAL,CAAYpB,IAAIH,MAAJ,GAAa,CAAd,GAAmB,CAA9B,CAAV;;AACA,MAAIG,IAAIR,MAAJ,CAAWQ,IAAIH,MAAJ,GAAa,CAAxB,KAA8B,GAAlC,EAAuC;AACrCmB;;AACA,QAAIhB,IAAIR,MAAJ,CAAWQ,IAAIH,MAAJ,GAAa,CAAxB,KAA8B,GAAlC,EAAuC;AACrCmB;AACD;AACF;;AAED,MAAMK,MAAMpB,UAAUe,GAAV,CAAZ;AAEA,MAAIM,MAAM,IAAV;AACA,MAAIC,MAAM,IAAV;AACA,MAAIC,QAAQ,IAAZ;AAEA,MAAIC,IAAI,CAAR;;AAEA,OAAK,IAAI7B,MAAI,CAAb,EAAgBA,MAAII,IAAIH,MAAxB,EAAgCD,KAAhC,EAAqC;AACnC,QAAMW,IAAIP,IAAIR,MAAJ,CAAWI,GAAX,CAAV;AACA,QAAM8B,IAAIhC,OAAOa,CAAP,CAAV;;AACA,YAAQX,MAAI,CAAZ;AACE,WAAK,CAAL;AACE,YAAI8B,IAAI,CAAR,EAAW;AACT,gBAAM,IAAIvB,KAAJ,CAAU,uBAAV,CAAN;AACD;;AAEDmB,cAAMI,KAAK,CAAX;AACA;;AACF,WAAK,CAAL;AACE,YAAIA,IAAI,CAAR,EAAW;AACT,gBAAM,IAAIvB,KAAJ,CAAU,uBAAV,CAAN;AACD;;AAEDmB,cAAMA,MAAOI,KAAK,CAAlB;AACAL,YAAII,GAAJ,IAAWH,GAAX;AACAC,cAAM,CAACG,IAAI,IAAL,KAAc,CAApB;AACA;;AACF,WAAK,CAAL;AACE,YAAIA,KAAK,CAAT,EAAY;AACVH,gBAAMA,MAAOG,KAAK,CAAlB;AACAL,cAAII,GAAJ,IAAWF,GAAX;AACAC,kBAAQ,CAACE,IAAI,IAAL,KAAc,CAAtB;AACD;;AAED;;AACF,WAAK,CAAL;AACE,YAAIA,KAAK,CAAT,EAAY;AACVL,cAAII,GAAJ,IAAWD,QAAQE,CAAnB;AACD;;AAED;AA9BJ;AAgCD;;AAED,SAAOL,GAAP;AACD,CAvDD;;AAyDO,IAAMnC,SAAS;AAAEY,gBAAF;AAAUoB,gBAAV;AAAkBjB;AAAlB,CAAf","sourcesContent":["// Base 64 encoding\n\nconst BASE_64_CHARS = \"ABCDEFGHIJKLMNOPQRSTUVWXYZabcdefghijklmnopqrstuvwxyz0123456789+/\";\n\nconst BASE_64_VALS = Object.create(null);\n\nconst getChar = val => BASE_64_CHARS.charAt(val);\nconst getVal = ch => ch === '=' ? -1 : BASE_64_VALS[ch];\n\nfor (let i = 0; i < BASE_64_CHARS.length; i++) {\n  BASE_64_VALS[getChar(i)] = i;\n};\n\nconst encode = array => {\n  if (typeof array === \"string\") {\n    const str = array;\n    array = newBinary(str.length);\n    for (let i = 0; i < str.length; i++) {\n      const ch = str.charCodeAt(i);\n      if (ch > 0xFF) {\n        throw new Error(\n          \"Not ascii. Base64.encode can only take ascii strings.\");\n      }\n\n      array[i] = ch;\n    }\n  }\n\n  const answer = [];\n  let a = null;\n  let b = null;\n  let c = null;\n  let d = null;\n\n  array.forEach((elm, i) => {\n    switch (i % 3) {\n      case 0:\n        a = (elm >> 2) & 0x3F;\n        b = (elm & 0x03) << 4;\n        break;\n      case 1:\n        b = b | (elm >> 4) & 0xF;\n        c = (elm & 0xF) << 2;\n        break;\n      case 2:\n        c = c | (elm >> 6) & 0x03;\n        d = elm & 0x3F;\n        answer.push(getChar(a));\n        answer.push(getChar(b));\n        answer.push(getChar(c));\n        answer.push(getChar(d));\n        a = null;\n        b = null;\n        c = null;\n        d = null;\n        break;\n    }\n  });\n\n  if (a != null) {\n    answer.push(getChar(a));\n    answer.push(getChar(b));\n    if (c == null) {\n      answer.push('=');\n    } else {\n      answer.push(getChar(c));\n    }\n    \n    if (d == null) {\n      answer.push('=');\n    }\n  }\n\n  return answer.join(\"\");\n};\n\n\n\n// XXX This is a weird place for this to live, but it's used both by\n// this package and 'ejson', and we can't put it in 'ejson' without\n// introducing a circular dependency. It should probably be in its own\n// package or as a helper in a package that both 'base64' and 'ejson'\n// use.\nconst newBinary = len => {\n  if (typeof Uint8Array === 'undefined' || typeof ArrayBuffer === 'undefined') {\n    const ret = [];\n    for (let i = 0; i < len; i++) {\n      ret.push(0);\n    }\n\n    ret.$Uint8ArrayPolyfill = true;\n    return ret;\n  }\n  return new Uint8Array(new ArrayBuffer(len));\n};\n\nconst decode = str => {\n  let len = Math.floor((str.length * 3) / 4);\n  if (str.charAt(str.length - 1) == '=') {\n    len--;\n    if (str.charAt(str.length - 2) == '=') {\n      len--;\n    }\n  }\n  \n  const arr = newBinary(len);\n\n  let one = null;\n  let two = null;\n  let three = null;\n\n  let j = 0;\n\n  for (let i = 0; i < str.length; i++) {\n    const c = str.charAt(i);\n    const v = getVal(c);\n    switch (i % 4) {\n      case 0:\n        if (v < 0) {\n          throw new Error('invalid base64 string');\n        }\n\n        one = v << 2;\n        break;\n      case 1:\n        if (v < 0) {\n          throw new Error('invalid base64 string');\n        }\n\n        one = one | (v >> 4);\n        arr[j++] = one;\n        two = (v & 0x0F) << 4;\n        break;\n      case 2:\n        if (v >= 0) {\n          two = two | (v >> 2);\n          arr[j++] = two;\n          three = (v & 0x03) << 6;\n        }\n\n        break;\n      case 3:\n        if (v >= 0) {\n          arr[j++] = three | v;\n        }\n\n        break;\n    }\n  }\n  \n  return arr;\n};\n\nexport const Base64 = { encode, decode, newBinary };\n"]},"sourceType":"script","hash":"c221b587f19277782f61338ec65da560a1b60fb4"}
