{"metadata":{},"options":{"plugins":[{"key":"base$1$0","visitor":{"_exploded":{},"_verified":{},"JSXNamespacedName":{"enter":[null]},"JSXElement":{"exit":[null]},"JSXFragment":{"exit":[null]},"Program":{"enter":[null],"exit":[null]},"JSXAttribute":{"enter":[null]}},"options":{"pragma":"React.createElement","pragmaFrag":"React.Fragment","throwIfNamespace":true,"useBuiltIns":false}},{"key":"base$1$1","visitor":{"_exploded":true,"_verified":true},"options":{}},{"key":"base$1$2","visitor":{"ExportDefaultDeclaration":{"enter":[null]},"CallExpression":{"enter":[null]},"_exploded":true,"_verified":true},"options":{}},{"key":"base$0$0","visitor":{"Program":{"enter":[null]},"_exploded":true,"_verified":true},"options":{"generateLetDeclarations":true,"enforceStrictMode":false}},{"key":"base$0$1","visitor":{"_exploded":true,"_verified":true},"options":{}},{"key":"base$0$2","visitor":{"_exploded":{},"_verified":{},"Program":{"enter":[null]},"ImportDeclaration":{"enter":[null,null]},"ClassProperty":{"enter":[null]},"AssignmentPattern":{"enter":[null]},"TypeCastExpression":{"enter":[null,null]},"ImportSpecifier":{"enter":[null]},"ClassDeclaration":{"enter":[null]},"ClassExpression":{"enter":[null]},"FunctionDeclaration":{"enter":[null]},"FunctionExpression":{"enter":[null]},"ObjectMethod":{"enter":[null]},"ArrowFunctionExpression":{"enter":[null]},"ClassMethod":{"enter":[null]},"AnyTypeAnnotation":{"enter":[null]},"ArrayTypeAnnotation":{"enter":[null]},"BooleanTypeAnnotation":{"enter":[null]},"BooleanLiteralTypeAnnotation":{"enter":[null]},"NullLiteralTypeAnnotation":{"enter":[null]},"ClassImplements":{"enter":[null]},"DeclareClass":{"enter":[null]},"DeclareFunction":{"enter":[null]},"DeclareInterface":{"enter":[null]},"DeclareModule":{"enter":[null]},"DeclareModuleExports":{"enter":[null]},"DeclareTypeAlias":{"enter":[null]},"DeclareOpaqueType":{"enter":[null]},"DeclareVariable":{"enter":[null]},"DeclareExportDeclaration":{"enter":[null]},"DeclareExportAllDeclaration":{"enter":[null]},"DeclaredPredicate":{"enter":[null]},"ExistsTypeAnnotation":{"enter":[null]},"FunctionTypeAnnotation":{"enter":[null]},"FunctionTypeParam":{"enter":[null]},"GenericTypeAnnotation":{"enter":[null]},"InferredPredicate":{"enter":[null]},"InterfaceExtends":{"enter":[null]},"InterfaceDeclaration":{"enter":[null]},"IntersectionTypeAnnotation":{"enter":[null]},"MixedTypeAnnotation":{"enter":[null]},"EmptyTypeAnnotation":{"enter":[null]},"NullableTypeAnnotation":{"enter":[null]},"NumberLiteralTypeAnnotation":{"enter":[null]},"NumberTypeAnnotation":{"enter":[null]},"ObjectTypeAnnotation":{"enter":[null]},"ObjectTypeCallProperty":{"enter":[null]},"ObjectTypeIndexer":{"enter":[null]},"ObjectTypeProperty":{"enter":[null]},"ObjectTypeSpreadProperty":{"enter":[null]},"OpaqueType":{"enter":[null]},"QualifiedTypeIdentifier":{"enter":[null]},"StringLiteralTypeAnnotation":{"enter":[null]},"StringTypeAnnotation":{"enter":[null]},"ThisTypeAnnotation":{"enter":[null]},"TupleTypeAnnotation":{"enter":[null]},"TypeofTypeAnnotation":{"enter":[null]},"TypeAlias":{"enter":[null]},"TypeAnnotation":{"enter":[null]},"TypeParameter":{"enter":[null]},"TypeParameterDeclaration":{"enter":[null]},"TypeParameterInstantiation":{"enter":[null]},"UnionTypeAnnotation":{"enter":[null]},"Variance":{"enter":[null]},"VoidTypeAnnotation":{"enter":[null]},"ExportAllDeclaration":{"enter":[null]},"ExportDefaultDeclaration":{"enter":[null]},"ExportNamedDeclaration":{"enter":[null]}},"options":{}},{"key":"base$0$3","visitor":{"CallExpression":{"enter":[null]},"BinaryExpression":{"enter":[null]},"MemberExpression":{"enter":[null],"exit":[null]},"_exploded":true,"_verified":true,"Identifier":{"enter":[null]},"JSXIdentifier":{"enter":[null]}},"options":{"polyfill":false,"useBuiltIns":true}},{"key":"base$0$4","visitor":{"_exploded":true,"_verified":true},"options":{}},{"key":"base$0$5","visitor":{"_exploded":{},"_verified":{},"VariableDeclarator":{"enter":[null]},"ExportNamedDeclaration":{"enter":[null]},"CatchClause":{"enter":[null]},"AssignmentExpression":{"enter":[null]},"ObjectExpression":{"enter":[null]},"FunctionDeclaration":{"enter":[null]},"FunctionExpression":{"enter":[null]},"ObjectMethod":{"enter":[null]},"ArrowFunctionExpression":{"enter":[null]},"ClassMethod":{"enter":[null]},"ForInStatement":{"enter":[null]},"ForOfStatement":{"enter":[null]}},"options":{}},{"key":"transform-meteor-async-await","visitor":{"AwaitExpression":{"enter":[null]},"_exploded":true,"_verified":true,"FunctionDeclaration":{"exit":[null]},"FunctionExpression":{"exit":[null]},"ObjectMethod":{"exit":[null]},"ArrowFunctionExpression":{"exit":[null]},"ClassMethod":{"exit":[null]}},"options":{"useNativeAsyncAwait":false}},{"key":"transform-meteor-dynamic-import","visitor":{"_exploded":{},"_verified":{},"CallExpression":{"enter":[null]}},"options":{}},{"key":"base$0$8","visitor":{"_exploded":{},"_verified":{},"Program":{"enter":[null]}},"options":{}},{"key":"base$0$9","visitor":{"Program":{"exit":[null]},"_exploded":true,"_verified":true},"options":{"allowTopLevelThis":true,"strictMode":false,"loose":true}},{"key":"base$0$10","visitor":{"_exploded":{},"_verified":{},"ClassDeclaration":{"enter":[null]},"ClassExpression":{"enter":[null]}},"options":{"loose":true}}],"compact":false,"ast":true,"babelrc":false,"sourceFileName":"packages/ordered-dict/ordered_dict.js","filename":"packages/ordered-dict/ordered_dict.js","sourceMaps":true,"envName":"development","cwd":"/Users/administrator/Downloads/meteor-serverless-training/weather-info","passPerPreset":false,"presets":[],"parserOpts":{"sourceType":"module","sourceFileName":"packages/ordered-dict/ordered_dict.js","plugins":["jsx","jsx","flow","flow","objectRestSpread","objectRestSpread","dynamicImport","asyncGenerators","classProperties","classPrivateProperties"]},"generatorOpts":{"filename":"packages/ordered-dict/ordered_dict.js","comments":true,"compact":false,"sourceMaps":true,"sourceFileName":"packages/ordered-dict/ordered_dict.js"}},"code":"module.export({\n  OrderedDict: () => OrderedDict\n});\n\n// This file defines an ordered dictionary abstraction that is useful for\n// maintaining a dataset backed by observeChanges.  It supports ordering items\n// by specifying the item they now come before.\n// The implementation is a dictionary that contains nodes of a doubly-linked\n// list as its values.\n// constructs a new element struct\n// next and prev are whole elements, not keys.\nfunction element(key, value, next, prev) {\n  return {\n    key: key,\n    value: value,\n    next: next,\n    prev: prev\n  };\n}\n\nclass OrderedDict {\n  constructor(...args) {\n    this._dict = Object.create(null);\n    this._first = null;\n    this._last = null;\n    this._size = 0;\n\n    if (typeof args[0] === 'function') {\n      this._stringify = args.shift();\n    } else {\n      this._stringify = function (x) {\n        return x;\n      };\n    }\n\n    args.forEach(kv => this.putBefore(kv[0], kv[1], null));\n  } // the \"prefix keys with a space\" thing comes from here\n  // https://github.com/documentcloud/underscore/issues/376#issuecomment-2815649\n\n\n  _k(key) {\n    return \" \" + this._stringify(key);\n  }\n\n  empty() {\n    return !this._first;\n  }\n\n  size() {\n    return this._size;\n  }\n\n  _linkEltIn(elt) {\n    if (!elt.next) {\n      elt.prev = this._last;\n      if (this._last) this._last.next = elt;\n      this._last = elt;\n    } else {\n      elt.prev = elt.next.prev;\n      elt.next.prev = elt;\n      if (elt.prev) elt.prev.next = elt;\n    }\n\n    if (this._first === null || this._first === elt.next) this._first = elt;\n  }\n\n  _linkEltOut(elt) {\n    if (elt.next) elt.next.prev = elt.prev;\n    if (elt.prev) elt.prev.next = elt.next;\n    if (elt === this._last) this._last = elt.prev;\n    if (elt === this._first) this._first = elt.next;\n  }\n\n  putBefore(key, item, before) {\n    if (this._dict[this._k(key)]) throw new Error(\"Item \" + key + \" already present in OrderedDict\");\n    var elt = before ? element(key, item, this._dict[this._k(before)]) : element(key, item, null);\n    if (typeof elt.next === \"undefined\") throw new Error(\"could not find item to put this one before\");\n\n    this._linkEltIn(elt);\n\n    this._dict[this._k(key)] = elt;\n    this._size++;\n  }\n\n  append(key, item) {\n    this.putBefore(key, item, null);\n  }\n\n  remove(key) {\n    var elt = this._dict[this._k(key)];\n\n    if (typeof elt === \"undefined\") throw new Error(\"Item \" + key + \" not present in OrderedDict\");\n\n    this._linkEltOut(elt);\n\n    this._size--;\n    delete this._dict[this._k(key)];\n    return elt.value;\n  }\n\n  get(key) {\n    if (this.has(key)) {\n      return this._dict[this._k(key)].value;\n    }\n  }\n\n  has(key) {\n    return Object.prototype.hasOwnProperty.call(this._dict, this._k(key));\n  } // Iterate through the items in this dictionary in order, calling\n  // iter(value, key, index) on each one.\n  // Stops whenever iter returns OrderedDict.BREAK, or after the last element.\n\n\n  forEach(iter, context = null) {\n    var i = 0;\n    var elt = this._first;\n\n    while (elt !== null) {\n      var b = iter.call(context, elt.value, elt.key, i);\n      if (b === OrderedDict.BREAK) return;\n      elt = elt.next;\n      i++;\n    }\n  }\n\n  first() {\n    if (this.empty()) {\n      return;\n    }\n\n    return this._first.key;\n  }\n\n  firstValue() {\n    if (this.empty()) {\n      return;\n    }\n\n    return this._first.value;\n  }\n\n  last() {\n    if (this.empty()) {\n      return;\n    }\n\n    return this._last.key;\n  }\n\n  lastValue() {\n    if (this.empty()) {\n      return;\n    }\n\n    return this._last.value;\n  }\n\n  prev(key) {\n    if (this.has(key)) {\n      var elt = this._dict[this._k(key)];\n\n      if (elt.prev) return elt.prev.key;\n    }\n\n    return null;\n  }\n\n  next(key) {\n    if (this.has(key)) {\n      var elt = this._dict[this._k(key)];\n\n      if (elt.next) return elt.next.key;\n    }\n\n    return null;\n  }\n\n  moveBefore(key, before) {\n    var elt = this._dict[this._k(key)];\n\n    var eltBefore = before ? this._dict[this._k(before)] : null;\n\n    if (typeof elt === \"undefined\") {\n      throw new Error(\"Item to move is not present\");\n    }\n\n    if (typeof eltBefore === \"undefined\") {\n      throw new Error(\"Could not find element to move this one before\");\n    }\n\n    if (eltBefore === elt.next) // no moving necessary\n      return; // remove from its old place\n\n    this._linkEltOut(elt); // patch into its new place\n\n\n    elt.next = eltBefore;\n\n    this._linkEltIn(elt);\n  } // Linear, sadly.\n\n\n  indexOf(key) {\n    var ret = null;\n    this.forEach((v, k, i) => {\n      if (this._k(k) === this._k(key)) {\n        ret = i;\n        return OrderedDict.BREAK;\n      }\n\n      return;\n    });\n    return ret;\n  }\n\n  _checkRep() {\n    Object.keys(this._dict).forEach(k => {\n      const v = this._dict[k];\n\n      if (v.next === v) {\n        throw new Error(\"Next is a loop\");\n      }\n\n      if (v.prev === v) {\n        throw new Error(\"Prev is a loop\");\n      }\n    });\n  }\n\n}\n\nOrderedDict.BREAK = {\n  \"break\": true\n};","map":{"version":3,"sources":["packages/ordered-dict/ordered_dict.js"],"names":["module","export","OrderedDict","element","key","value","next","prev","constructor","args","_dict","Object","create","_first","_last","_size","_stringify","shift","x","forEach","kv","putBefore","_k","empty","size","_linkEltIn","elt","_linkEltOut","item","before","Error","append","remove","get","has","prototype","hasOwnProperty","call","iter","context","i","b","BREAK","first","firstValue","last","lastValue","moveBefore","eltBefore","indexOf","ret","v","k","_checkRep","keys"],"mappings":"AAAAA,OAAOC,MAAP,CAAc;AAACC,eAAY,MAAIA;AAAjB,CAAd;;AAAA;AACA;AACA;AAEA;AACA;AAEA;AACA;AACA,SAASC,OAAT,CAAiBC,GAAjB,EAAsBC,KAAtB,EAA6BC,IAA7B,EAAmCC,IAAnC,EAAyC;AACvC,SAAO;AACLH,SAAKA,GADA;AAELC,WAAOA,KAFF;AAGLC,UAAMA,IAHD;AAILC,UAAMA;AAJD,GAAP;AAMD;;AAEM,MAAML,WAAN,CAAkB;AACvBM,cAAY,GAAGC,IAAf,EAAqB;AACnB,SAAKC,KAAL,GAAaC,OAAOC,MAAP,CAAc,IAAd,CAAb;AACA,SAAKC,MAAL,GAAc,IAAd;AACA,SAAKC,KAAL,GAAa,IAAb;AACA,SAAKC,KAAL,GAAa,CAAb;;AAEA,QAAI,OAAON,KAAK,CAAL,CAAP,KAAmB,UAAvB,EAAmC;AACjC,WAAKO,UAAL,GAAkBP,KAAKQ,KAAL,EAAlB;AACD,KAFD,MAEO;AACL,WAAKD,UAAL,GAAkB,UAAUE,CAAV,EAAa;AAAE,eAAOA,CAAP;AAAW,OAA5C;AACD;;AAEDT,SAAKU,OAAL,CAAaC,MAAM,KAAKC,SAAL,CAAeD,GAAG,CAAH,CAAf,EAAsBA,GAAG,CAAH,CAAtB,EAA6B,IAA7B,CAAnB;AACD,GAdsB,CAgBvB;AACA;;;AACAE,KAAGlB,GAAH,EAAQ;AACN,WAAO,MAAM,KAAKY,UAAL,CAAgBZ,GAAhB,CAAb;AACD;;AAEDmB,UAAQ;AACN,WAAO,CAAC,KAAKV,MAAb;AACD;;AAEDW,SAAO;AACL,WAAO,KAAKT,KAAZ;AACD;;AAEDU,aAAWC,GAAX,EAAgB;AACd,QAAI,CAACA,IAAIpB,IAAT,EAAe;AACboB,UAAInB,IAAJ,GAAW,KAAKO,KAAhB;AACA,UAAI,KAAKA,KAAT,EACE,KAAKA,KAAL,CAAWR,IAAX,GAAkBoB,GAAlB;AACF,WAAKZ,KAAL,GAAaY,GAAb;AACD,KALD,MAKO;AACLA,UAAInB,IAAJ,GAAWmB,IAAIpB,IAAJ,CAASC,IAApB;AACAmB,UAAIpB,IAAJ,CAASC,IAAT,GAAgBmB,GAAhB;AACA,UAAIA,IAAInB,IAAR,EACEmB,IAAInB,IAAJ,CAASD,IAAT,GAAgBoB,GAAhB;AACH;;AACD,QAAI,KAAKb,MAAL,KAAgB,IAAhB,IAAwB,KAAKA,MAAL,KAAgBa,IAAIpB,IAAhD,EACE,KAAKO,MAAL,GAAca,GAAd;AACH;;AAEDC,cAAYD,GAAZ,EAAiB;AACf,QAAIA,IAAIpB,IAAR,EACEoB,IAAIpB,IAAJ,CAASC,IAAT,GAAgBmB,IAAInB,IAApB;AACF,QAAImB,IAAInB,IAAR,EACEmB,IAAInB,IAAJ,CAASD,IAAT,GAAgBoB,IAAIpB,IAApB;AACF,QAAIoB,QAAQ,KAAKZ,KAAjB,EACE,KAAKA,KAAL,GAAaY,IAAInB,IAAjB;AACF,QAAImB,QAAQ,KAAKb,MAAjB,EACE,KAAKA,MAAL,GAAca,IAAIpB,IAAlB;AACH;;AAEDe,YAAUjB,GAAV,EAAewB,IAAf,EAAqBC,MAArB,EAA6B;AAC3B,QAAI,KAAKnB,KAAL,CAAW,KAAKY,EAAL,CAAQlB,GAAR,CAAX,CAAJ,EACE,MAAM,IAAI0B,KAAJ,CAAU,UAAU1B,GAAV,GAAgB,iCAA1B,CAAN;AACF,QAAIsB,MAAMG,SACR1B,QAAQC,GAAR,EAAawB,IAAb,EAAmB,KAAKlB,KAAL,CAAW,KAAKY,EAAL,CAAQO,MAAR,CAAX,CAAnB,CADQ,GAER1B,QAAQC,GAAR,EAAawB,IAAb,EAAmB,IAAnB,CAFF;AAGA,QAAI,OAAOF,IAAIpB,IAAX,KAAoB,WAAxB,EACE,MAAM,IAAIwB,KAAJ,CAAU,4CAAV,CAAN;;AACF,SAAKL,UAAL,CAAgBC,GAAhB;;AACA,SAAKhB,KAAL,CAAW,KAAKY,EAAL,CAAQlB,GAAR,CAAX,IAA2BsB,GAA3B;AACA,SAAKX,KAAL;AACD;;AAEDgB,SAAO3B,GAAP,EAAYwB,IAAZ,EAAkB;AAChB,SAAKP,SAAL,CAAejB,GAAf,EAAoBwB,IAApB,EAA0B,IAA1B;AACD;;AAEDI,SAAO5B,GAAP,EAAY;AACV,QAAIsB,MAAM,KAAKhB,KAAL,CAAW,KAAKY,EAAL,CAAQlB,GAAR,CAAX,CAAV;;AACA,QAAI,OAAOsB,GAAP,KAAe,WAAnB,EACE,MAAM,IAAII,KAAJ,CAAU,UAAU1B,GAAV,GAAgB,6BAA1B,CAAN;;AACF,SAAKuB,WAAL,CAAiBD,GAAjB;;AACA,SAAKX,KAAL;AACA,WAAO,KAAKL,KAAL,CAAW,KAAKY,EAAL,CAAQlB,GAAR,CAAX,CAAP;AACA,WAAOsB,IAAIrB,KAAX;AACD;;AAED4B,MAAI7B,GAAJ,EAAS;AACP,QAAI,KAAK8B,GAAL,CAAS9B,GAAT,CAAJ,EAAmB;AACjB,aAAO,KAAKM,KAAL,CAAW,KAAKY,EAAL,CAAQlB,GAAR,CAAX,EAAyBC,KAAhC;AACD;AACF;;AAED6B,MAAI9B,GAAJ,EAAS;AACP,WAAOO,OAAOwB,SAAP,CAAiBC,cAAjB,CAAgCC,IAAhC,CACL,KAAK3B,KADA,EAEL,KAAKY,EAAL,CAAQlB,GAAR,CAFK,CAAP;AAID,GA/FsB,CAiGvB;AACA;AAEA;;;AACAe,UAAQmB,IAAR,EAAcC,UAAU,IAAxB,EAA8B;AAC5B,QAAIC,IAAI,CAAR;AACA,QAAId,MAAM,KAAKb,MAAf;;AACA,WAAOa,QAAQ,IAAf,EAAqB;AACnB,UAAIe,IAAIH,KAAKD,IAAL,CAAUE,OAAV,EAAmBb,IAAIrB,KAAvB,EAA8BqB,IAAItB,GAAlC,EAAuCoC,CAAvC,CAAR;AACA,UAAIC,MAAMvC,YAAYwC,KAAtB,EAA6B;AAC7BhB,YAAMA,IAAIpB,IAAV;AACAkC;AACD;AACF;;AAEDG,UAAQ;AACN,QAAI,KAAKpB,KAAL,EAAJ,EAAkB;AAChB;AACD;;AACD,WAAO,KAAKV,MAAL,CAAYT,GAAnB;AACD;;AAEDwC,eAAa;AACX,QAAI,KAAKrB,KAAL,EAAJ,EAAkB;AAChB;AACD;;AACD,WAAO,KAAKV,MAAL,CAAYR,KAAnB;AACD;;AAEDwC,SAAO;AACL,QAAI,KAAKtB,KAAL,EAAJ,EAAkB;AAChB;AACD;;AACD,WAAO,KAAKT,KAAL,CAAWV,GAAlB;AACD;;AAED0C,cAAY;AACV,QAAI,KAAKvB,KAAL,EAAJ,EAAkB;AAChB;AACD;;AACD,WAAO,KAAKT,KAAL,CAAWT,KAAlB;AACD;;AAEDE,OAAKH,GAAL,EAAU;AACR,QAAI,KAAK8B,GAAL,CAAS9B,GAAT,CAAJ,EAAmB;AACjB,UAAIsB,MAAM,KAAKhB,KAAL,CAAW,KAAKY,EAAL,CAAQlB,GAAR,CAAX,CAAV;;AACA,UAAIsB,IAAInB,IAAR,EACE,OAAOmB,IAAInB,IAAJ,CAASH,GAAhB;AACH;;AACD,WAAO,IAAP;AACD;;AAEDE,OAAKF,GAAL,EAAU;AACR,QAAI,KAAK8B,GAAL,CAAS9B,GAAT,CAAJ,EAAmB;AACjB,UAAIsB,MAAM,KAAKhB,KAAL,CAAW,KAAKY,EAAL,CAAQlB,GAAR,CAAX,CAAV;;AACA,UAAIsB,IAAIpB,IAAR,EACE,OAAOoB,IAAIpB,IAAJ,CAASF,GAAhB;AACH;;AACD,WAAO,IAAP;AACD;;AAED2C,aAAW3C,GAAX,EAAgByB,MAAhB,EAAwB;AACtB,QAAIH,MAAM,KAAKhB,KAAL,CAAW,KAAKY,EAAL,CAAQlB,GAAR,CAAX,CAAV;;AACA,QAAI4C,YAAYnB,SAAS,KAAKnB,KAAL,CAAW,KAAKY,EAAL,CAAQO,MAAR,CAAX,CAAT,GAAuC,IAAvD;;AACA,QAAI,OAAOH,GAAP,KAAe,WAAnB,EAAgC;AAC9B,YAAM,IAAII,KAAJ,CAAU,6BAAV,CAAN;AACD;;AACD,QAAI,OAAOkB,SAAP,KAAqB,WAAzB,EAAsC;AACpC,YAAM,IAAIlB,KAAJ,CAAU,gDAAV,CAAN;AACD;;AACD,QAAIkB,cAActB,IAAIpB,IAAtB,EAA4B;AAC1B,aAVoB,CAWtB;;AACA,SAAKqB,WAAL,CAAiBD,GAAjB,EAZsB,CAatB;;;AACAA,QAAIpB,IAAJ,GAAW0C,SAAX;;AACA,SAAKvB,UAAL,CAAgBC,GAAhB;AACD,GA9KsB,CAgLvB;;;AACAuB,UAAQ7C,GAAR,EAAa;AACX,QAAI8C,MAAM,IAAV;AACA,SAAK/B,OAAL,CAAa,CAACgC,CAAD,EAAIC,CAAJ,EAAOZ,CAAP,KAAa;AACxB,UAAI,KAAKlB,EAAL,CAAQ8B,CAAR,MAAe,KAAK9B,EAAL,CAAQlB,GAAR,CAAnB,EAAiC;AAC/B8C,cAAMV,CAAN;AACA,eAAOtC,YAAYwC,KAAnB;AACD;;AACD;AACD,KAND;AAOA,WAAOQ,GAAP;AACD;;AAEDG,cAAY;AACV1C,WAAO2C,IAAP,CAAY,KAAK5C,KAAjB,EAAwBS,OAAxB,CAAgCiC,KAAK;AACnC,YAAMD,IAAI,KAAKzC,KAAL,CAAW0C,CAAX,CAAV;;AACA,UAAID,EAAE7C,IAAF,KAAW6C,CAAf,EAAkB;AAChB,cAAM,IAAIrB,KAAJ,CAAU,gBAAV,CAAN;AACD;;AACD,UAAIqB,EAAE5C,IAAF,KAAW4C,CAAf,EAAkB;AAChB,cAAM,IAAIrB,KAAJ,CAAU,gBAAV,CAAN;AACD;AACF,KARD;AASD;;AAvMsB;;AA0MzB5B,YAAYwC,KAAZ,GAAoB;AAAC,WAAS;AAAV,CAApB","sourcesContent":["// This file defines an ordered dictionary abstraction that is useful for\n// maintaining a dataset backed by observeChanges.  It supports ordering items\n// by specifying the item they now come before.\n\n// The implementation is a dictionary that contains nodes of a doubly-linked\n// list as its values.\n\n// constructs a new element struct\n// next and prev are whole elements, not keys.\nfunction element(key, value, next, prev) {\n  return {\n    key: key,\n    value: value,\n    next: next,\n    prev: prev\n  };\n}\n\nexport class OrderedDict {\n  constructor(...args) {\n    this._dict = Object.create(null);\n    this._first = null;\n    this._last = null;\n    this._size = 0;\n\n    if (typeof args[0] === 'function') {\n      this._stringify = args.shift();\n    } else {\n      this._stringify = function (x) { return x; };\n    }\n\n    args.forEach(kv => this.putBefore(kv[0], kv[1], null));\n  }\n\n  // the \"prefix keys with a space\" thing comes from here\n  // https://github.com/documentcloud/underscore/issues/376#issuecomment-2815649\n  _k(key) {\n    return \" \" + this._stringify(key);\n  }\n\n  empty() {\n    return !this._first;\n  }\n\n  size() {\n    return this._size;\n  }\n\n  _linkEltIn(elt) {\n    if (!elt.next) {\n      elt.prev = this._last;\n      if (this._last)\n        this._last.next = elt;\n      this._last = elt;\n    } else {\n      elt.prev = elt.next.prev;\n      elt.next.prev = elt;\n      if (elt.prev)\n        elt.prev.next = elt;\n    }\n    if (this._first === null || this._first === elt.next)\n      this._first = elt;\n  }\n\n  _linkEltOut(elt) {\n    if (elt.next)\n      elt.next.prev = elt.prev;\n    if (elt.prev)\n      elt.prev.next = elt.next;\n    if (elt === this._last)\n      this._last = elt.prev;\n    if (elt === this._first)\n      this._first = elt.next;\n  }\n\n  putBefore(key, item, before) {\n    if (this._dict[this._k(key)])\n      throw new Error(\"Item \" + key + \" already present in OrderedDict\");\n    var elt = before ?\n      element(key, item, this._dict[this._k(before)]) :\n      element(key, item, null);\n    if (typeof elt.next === \"undefined\")\n      throw new Error(\"could not find item to put this one before\");\n    this._linkEltIn(elt);\n    this._dict[this._k(key)] = elt;\n    this._size++;\n  }\n\n  append(key, item) {\n    this.putBefore(key, item, null);\n  }\n\n  remove(key) {\n    var elt = this._dict[this._k(key)];\n    if (typeof elt === \"undefined\")\n      throw new Error(\"Item \" + key + \" not present in OrderedDict\");\n    this._linkEltOut(elt);\n    this._size--;\n    delete this._dict[this._k(key)];\n    return elt.value;\n  }\n\n  get(key) {\n    if (this.has(key)) {\n      return this._dict[this._k(key)].value;\n    }\n  }\n\n  has(key) {\n    return Object.prototype.hasOwnProperty.call(\n      this._dict,\n      this._k(key)\n    );\n  }\n\n  // Iterate through the items in this dictionary in order, calling\n  // iter(value, key, index) on each one.\n\n  // Stops whenever iter returns OrderedDict.BREAK, or after the last element.\n  forEach(iter, context = null) {\n    var i = 0;\n    var elt = this._first;\n    while (elt !== null) {\n      var b = iter.call(context, elt.value, elt.key, i);\n      if (b === OrderedDict.BREAK) return;\n      elt = elt.next;\n      i++;\n    }\n  }\n\n  first() {\n    if (this.empty()) {\n      return;\n    }\n    return this._first.key;\n  }\n\n  firstValue() {\n    if (this.empty()) {\n      return;\n    }\n    return this._first.value;\n  }\n\n  last() {\n    if (this.empty()) {\n      return;\n    }\n    return this._last.key;\n  }\n\n  lastValue() {\n    if (this.empty()) {\n      return;\n    }\n    return this._last.value;\n  }\n\n  prev(key) {\n    if (this.has(key)) {\n      var elt = this._dict[this._k(key)];\n      if (elt.prev)\n        return elt.prev.key;\n    }\n    return null;\n  }\n\n  next(key) {\n    if (this.has(key)) {\n      var elt = this._dict[this._k(key)];\n      if (elt.next)\n        return elt.next.key;\n    }\n    return null;\n  }\n\n  moveBefore(key, before) {\n    var elt = this._dict[this._k(key)];\n    var eltBefore = before ? this._dict[this._k(before)] : null;\n    if (typeof elt === \"undefined\") {\n      throw new Error(\"Item to move is not present\");\n    }\n    if (typeof eltBefore === \"undefined\") {\n      throw new Error(\"Could not find element to move this one before\");\n    }\n    if (eltBefore === elt.next) // no moving necessary\n      return;\n    // remove from its old place\n    this._linkEltOut(elt);\n    // patch into its new place\n    elt.next = eltBefore;\n    this._linkEltIn(elt);\n  }\n\n  // Linear, sadly.\n  indexOf(key) {\n    var ret = null;\n    this.forEach((v, k, i) => {\n      if (this._k(k) === this._k(key)) {\n        ret = i;\n        return OrderedDict.BREAK;\n      }\n      return;\n    });\n    return ret;\n  }\n\n  _checkRep() {\n    Object.keys(this._dict).forEach(k => {\n      const v = this._dict[k];\n      if (v.next === v) {\n        throw new Error(\"Next is a loop\");\n      }\n      if (v.prev === v) {\n        throw new Error(\"Prev is a loop\");\n      }\n    });\n  }\n}\n\nOrderedDict.BREAK = {\"break\": true};\n"]},"sourceType":"script","hash":"d50f84790dea1176479fab415484d27eff8a2374"}
