{"metadata":{},"options":{"plugins":[{"key":"base$0$0","visitor":{"Program":{"enter":[null]},"_exploded":true,"_verified":true},"options":{"generateLetDeclarations":true,"enforceStrictMode":false}},{"key":"transform-meteor-dynamic-import","visitor":{"_exploded":{},"_verified":{},"CallExpression":{"enter":[null]}},"options":{}},{"key":"base$0$2","visitor":{"CallExpression":{"enter":[null]},"BinaryExpression":{"enter":[null]},"MemberExpression":{"enter":[null],"exit":[null]},"_exploded":true,"_verified":true,"Identifier":{"enter":[null]},"JSXIdentifier":{"enter":[null]}},"options":{"polyfill":false,"useBuiltIns":false}},{"key":"base$0$3","visitor":{"_exploded":{},"_verified":{},"ClassDeclaration":{"enter":[null]},"ClassExpression":{"enter":[null]}},"options":{"loose":true}},{"key":"base$0$4","visitor":{"FunctionExpression":{"exit":[null]},"_exploded":true,"_verified":true},"options":{}},{"key":"base$0$5","visitor":{"ForInStatement":{"enter":[null]},"_exploded":true,"_verified":true},"options":{}},{"key":"base$0$6","visitor":{"Program":{"exit":[null]},"_exploded":true,"_verified":true},"options":{"allowTopLevelThis":true,"strictMode":false,"loose":true}},{"key":"base$0$1$0","visitor":{"_exploded":{},"_verified":{},"JSXNamespacedName":{"enter":[null]},"JSXElement":{"exit":[null]},"JSXFragment":{"exit":[null]},"Program":{"enter":[null],"exit":[null]},"JSXAttribute":{"enter":[null]}},"options":{"pragma":"React.createElement","pragmaFrag":"React.Fragment","throwIfNamespace":true,"useBuiltIns":false}},{"key":"base$0$1$1","visitor":{"_exploded":true,"_verified":true},"options":{}},{"key":"base$0$1$2","visitor":{"ExportDefaultDeclaration":{"enter":[null]},"CallExpression":{"enter":[null]},"_exploded":true,"_verified":true},"options":{}},{"key":"base$0$0$0","visitor":{"_exploded":true,"_verified":true},"options":{}},{"key":"base$0$0$1","visitor":{"_exploded":true,"_verified":true},"options":{}},{"key":"base$0$0$2","visitor":{"ArrowFunctionExpression":{"enter":[null]},"_exploded":true,"_verified":true},"options":{}},{"key":"base$0$0$3","visitor":{"BlockStatement":{"enter":[null]},"SwitchCase":{"enter":[null]},"_exploded":true,"_verified":true},"options":{}},{"key":"base$0$0$4","visitor":{"VariableDeclaration":{"enter":[null]},"CatchClause":{"enter":[null]},"_exploded":true,"BlockStatement":{"enter":[null]},"SwitchStatement":{"enter":[null]},"Program":{"enter":[null]},"_verified":true,"DoWhileStatement":{"enter":[null]},"ForInStatement":{"enter":[null]},"ForStatement":{"enter":[null]},"WhileStatement":{"enter":[null]},"ForOfStatement":{"enter":[null]}},"options":{}},{"key":"base$0$0$5","visitor":{"ExportDefaultDeclaration":{"enter":[null]},"ClassDeclaration":{"enter":[null]},"ClassExpression":{"enter":[null]},"_exploded":true,"_verified":true},"options":{"loose":true}},{"key":"base$0$0$6","visitor":{"ObjectExpression":{"exit":[null]},"_exploded":true,"_verified":true},"options":{"loose":true}},{"key":"base$0$0$7","visitor":{"ExportNamedDeclaration":{"enter":[null]},"CatchClause":{"enter":[null]},"AssignmentExpression":{"enter":[null]},"VariableDeclaration":{"enter":[null]},"_exploded":true,"_verified":true,"ForInStatement":{"enter":[null]},"ForOfStatement":{"enter":[null]}},"options":{}},{"key":"base$0$0$8","visitor":{"ForOfStatement":{"enter":[null]},"_exploded":true,"_verified":true},"options":{"loose":true}},{"key":"base$0$0$9","visitor":{"NumericLiteral":{"enter":[null]},"StringLiteral":{"enter":[null]},"_exploded":true,"_verified":true},"options":{}},{"key":"base$0$0$10","visitor":{"ObjectExpression":{"enter":[null]},"_exploded":true,"_verified":true},"options":{}},{"key":"base$0$0$11","visitor":{"_exploded":true,"_verified":true,"FunctionDeclaration":{"enter":[null]},"FunctionExpression":{"enter":[null]},"ObjectMethod":{"enter":[null]},"ArrowFunctionExpression":{"enter":[null]},"ClassMethod":{"enter":[null]}},"options":{}},{"key":"base$0$0$12","visitor":{"ObjectMethod":{"enter":[null]},"ObjectProperty":{"enter":[null]},"_exploded":true,"_verified":true},"options":{}},{"key":"base$0$0$13","visitor":{"ArrayExpression":{"enter":[null]},"CallExpression":{"enter":[null]},"NewExpression":{"enter":[null]},"_exploded":true,"_verified":true},"options":{}},{"key":"base$0$0$14","visitor":{"RegExpLiteral":{"enter":[null]},"_exploded":true,"_verified":true},"options":{}},{"key":"base$0$0$15","visitor":{"TaggedTemplateExpression":{"enter":[null]},"TemplateLiteral":{"enter":[null]},"_exploded":true,"_verified":true},"options":{"loose":true}},{"key":"base$0$0$16","visitor":{"UnaryExpression":{"enter":[null]},"_exploded":true,"_verified":true,"BlockStatement":{"enter":[null]},"CatchClause":{"enter":[null]},"DoWhileStatement":{"enter":[null]},"ForInStatement":{"enter":[null]},"ForStatement":{"enter":[null]},"FunctionDeclaration":{"enter":[null]},"FunctionExpression":{"enter":[null]},"Program":{"enter":[null]},"ObjectMethod":{"enter":[null]},"SwitchStatement":{"enter":[null]},"WhileStatement":{"enter":[null]},"ArrowFunctionExpression":{"enter":[null]},"ClassDeclaration":{"enter":[null]},"ClassExpression":{"enter":[null]},"ForOfStatement":{"enter":[null]},"ClassMethod":{"enter":[null]}},"options":{}},{"key":"base$0$0$17","visitor":{"RegExpLiteral":{"enter":[null]},"_exploded":true,"_verified":true},"options":{}},{"key":"base$0$0$18","visitor":{"_exploded":true,"_verified":true},"options":{}},{"key":"base$0$0$19","visitor":{"_exploded":{},"_verified":{},"VariableDeclarator":{"enter":[null]},"ExportNamedDeclaration":{"enter":[null]},"CatchClause":{"enter":[null]},"AssignmentExpression":{"enter":[null]},"ObjectExpression":{"enter":[null]},"FunctionDeclaration":{"enter":[null]},"FunctionExpression":{"enter":[null]},"ObjectMethod":{"enter":[null]},"ArrowFunctionExpression":{"enter":[null]},"ClassMethod":{"enter":[null]},"ForInStatement":{"enter":[null]},"ForOfStatement":{"enter":[null]}},"options":{}},{"key":"base$0$0$20","visitor":{"ObjectProperty":{"exit":[null]},"_exploded":true,"_verified":true},"options":{}},{"key":"base$0$0$21","visitor":{"_exploded":{},"_verified":{},"Program":{"enter":[null]},"ImportDeclaration":{"enter":[null,null]},"ClassProperty":{"enter":[null]},"AssignmentPattern":{"enter":[null]},"TypeCastExpression":{"enter":[null,null]},"ImportSpecifier":{"enter":[null]},"ClassDeclaration":{"enter":[null]},"ClassExpression":{"enter":[null]},"FunctionDeclaration":{"enter":[null]},"FunctionExpression":{"enter":[null]},"ObjectMethod":{"enter":[null]},"ArrowFunctionExpression":{"enter":[null]},"ClassMethod":{"enter":[null]},"AnyTypeAnnotation":{"enter":[null]},"ArrayTypeAnnotation":{"enter":[null]},"BooleanTypeAnnotation":{"enter":[null]},"BooleanLiteralTypeAnnotation":{"enter":[null]},"NullLiteralTypeAnnotation":{"enter":[null]},"ClassImplements":{"enter":[null]},"DeclareClass":{"enter":[null]},"DeclareFunction":{"enter":[null]},"DeclareInterface":{"enter":[null]},"DeclareModule":{"enter":[null]},"DeclareModuleExports":{"enter":[null]},"DeclareTypeAlias":{"enter":[null]},"DeclareOpaqueType":{"enter":[null]},"DeclareVariable":{"enter":[null]},"DeclareExportDeclaration":{"enter":[null]},"DeclareExportAllDeclaration":{"enter":[null]},"DeclaredPredicate":{"enter":[null]},"ExistsTypeAnnotation":{"enter":[null]},"FunctionTypeAnnotation":{"enter":[null]},"FunctionTypeParam":{"enter":[null]},"GenericTypeAnnotation":{"enter":[null]},"InferredPredicate":{"enter":[null]},"InterfaceExtends":{"enter":[null]},"InterfaceDeclaration":{"enter":[null]},"IntersectionTypeAnnotation":{"enter":[null]},"MixedTypeAnnotation":{"enter":[null]},"EmptyTypeAnnotation":{"enter":[null]},"NullableTypeAnnotation":{"enter":[null]},"NumberLiteralTypeAnnotation":{"enter":[null]},"NumberTypeAnnotation":{"enter":[null]},"ObjectTypeAnnotation":{"enter":[null]},"ObjectTypeCallProperty":{"enter":[null]},"ObjectTypeIndexer":{"enter":[null]},"ObjectTypeProperty":{"enter":[null]},"ObjectTypeSpreadProperty":{"enter":[null]},"OpaqueType":{"enter":[null]},"QualifiedTypeIdentifier":{"enter":[null]},"StringLiteralTypeAnnotation":{"enter":[null]},"StringTypeAnnotation":{"enter":[null]},"ThisTypeAnnotation":{"enter":[null]},"TupleTypeAnnotation":{"enter":[null]},"TypeofTypeAnnotation":{"enter":[null]},"TypeAlias":{"enter":[null]},"TypeAnnotation":{"enter":[null]},"TypeParameter":{"enter":[null]},"TypeParameterDeclaration":{"enter":[null]},"TypeParameterInstantiation":{"enter":[null]},"UnionTypeAnnotation":{"enter":[null]},"Variance":{"enter":[null]},"VoidTypeAnnotation":{"enter":[null]},"ExportAllDeclaration":{"enter":[null]},"ExportDefaultDeclaration":{"enter":[null]},"ExportNamedDeclaration":{"enter":[null]}},"options":{}},{"key":"base$0$0$22","visitor":{"AssignmentExpression":{"enter":[null]},"BinaryExpression":{"enter":[null]},"_exploded":true,"_verified":true},"options":{}},{"key":"base$0$0$23","visitor":{"_exploded":{},"_verified":{},"Program":{"enter":[null]}},"options":{}},{"key":"regenerator-transform","visitor":{"_exploded":true,"_verified":true,"FunctionDeclaration":{"exit":[null]},"FunctionExpression":{"exit":[null]},"ObjectMethod":{"exit":[null]},"ArrowFunctionExpression":{"exit":[null]},"ClassMethod":{"exit":[null]}},"options":{}}],"presets":[],"compact":false,"ast":true,"babelrc":false,"sourceFileName":"packages/react-runtime/react-runtime.js","filename":"packages/react-runtime/react-runtime.js","sourceMaps":true,"envName":"development","cwd":"/Users/administrator/Downloads/meteor-serverless-training/weather-info-react","passPerPreset":false,"parserOpts":{"sourceType":"module","sourceFileName":"packages/react-runtime/react-runtime.js","plugins":["dynamicImport","classProperties","classPrivateProperties","jsx","jsx","flow","asyncGenerators","objectRestSpread","objectRestSpread","flow","asyncGenerators"]},"generatorOpts":{"filename":"packages/react-runtime/react-runtime.js","comments":true,"compact":false,"sourceMaps":true,"sourceFileName":"packages/react-runtime/react-runtime.js"}},"code":"module.export({\n  React: function () {\n    return React;\n  },\n  ReactDOM: function () {\n    return ReactDOM;\n  },\n  ReactDOMServer: function () {\n    return ReactDOMServer;\n  }\n});\nvar Meteor;\nmodule.watch(require(\"meteor/meteor\"), {\n  Meteor: function (v) {\n    Meteor = v;\n  }\n}, 0);\n\nvar _;\n\nmodule.watch(require(\"meteor/underscore\"), {\n  _: function (v) {\n    _ = v;\n  }\n}, 1);\nvar checkNpmVersions;\nmodule.watch(require(\"meteor/tmeasday:check-npm-versions\"), {\n  checkNpmVersions: function (v) {\n    checkNpmVersions = v;\n  }\n}, 2);\nvar requiredPackages = {\n  react: '15.x',\n  'react-dom': '15.x',\n  'react-addons-transition-group': '15.x',\n  'react-addons-css-transition-group': '15.x',\n  'react-addons-linked-state-mixin': '15.x',\n  'react-addons-create-fragment': '15.x',\n  'react-addons-update': '15.x',\n  'react-addons-pure-render-mixin': '15.x'\n};\n\nif (Meteor.isDevelopment) {\n  _.extend(requiredPackages, {\n    'react-addons-test-utils': '15.x',\n    'react-addons-perf': '15.x'\n  });\n}\n\ncheckNpmVersions(requiredPackages, 'react-runtime');\n\nvar React = require('react');\n\nvar ReactDOM = require('react-dom');\n\nReact.addons = {\n  TransitionGroup: require('react-addons-transition-group'),\n  CSSTransitionGroup: require('react-addons-css-transition-group'),\n  LinkedStateMixin: require('react-addons-linked-state-mixin'),\n  createFragment: require('react-addons-create-fragment'),\n  update: require('react-addons-update'),\n  PureRenderMixin: require('react-addons-pure-render-mixin')\n};\n\nif (Meteor.isDevelopment) {\n  React.addons.TestUtils = require('react-addons-test-utils');\n  React.addons.Perf = require('react-addons-perf');\n}\n\nvar ReactDOMServer;\n\nif (Meteor.isServer) {\n  module.runSetters(ReactDOMServer = require('react-dom/server'));\n}","map":{"version":3,"sources":["packages/react-runtime/react-runtime.js"],"names":["module","export","React","ReactDOM","ReactDOMServer","Meteor","watch","require","v","_","checkNpmVersions","requiredPackages","react","isDevelopment","extend","addons","TransitionGroup","CSSTransitionGroup","LinkedStateMixin","createFragment","update","PureRenderMixin","TestUtils","Perf","isServer"],"mappings":"AAAAA,OAAOC,MAAP,CAAc;AAACC,SAAM;AAAA,WAAIA,KAAJ;AAAA,GAAP;AAAiBC,YAAS;AAAA,WAAIA,QAAJ;AAAA,GAA1B;AAAuCC,kBAAe;AAAA,WAAIA,cAAJ;AAAA;AAAtD,CAAd;AAAyF,IAAIC,MAAJ;AAAWL,OAAOM,KAAP,CAAaC,QAAQ,eAAR,CAAb,EAAsC;AAACF,QAAD,YAAQG,CAAR,EAAU;AAACH,aAAOG,CAAP;AAAS;AAApB,CAAtC,EAA4D,CAA5D;;AAA+D,IAAIC,CAAJ;;AAAMT,OAAOM,KAAP,CAAaC,QAAQ,mBAAR,CAAb,EAA0C;AAACE,GAAD,YAAGD,CAAH,EAAK;AAACC,QAAED,CAAF;AAAI;AAAV,CAA1C,EAAsD,CAAtD;AAAyD,IAAIE,gBAAJ;AAAqBV,OAAOM,KAAP,CAAaC,QAAQ,oCAAR,CAAb,EAA2D;AAACG,kBAAD,YAAkBF,CAAlB,EAAoB;AAACE,uBAAiBF,CAAjB;AAAmB;AAAxC,CAA3D,EAAqG,CAArG;AAGvP,IAAMG,mBAAmB;AACvBC,SAAO,MADgB;AAEvB,eAAa,MAFU;AAGvB,mCAAiC,MAHV;AAIvB,uCAAqC,MAJd;AAKvB,qCAAmC,MALZ;AAMvB,kCAAgC,MANT;AAOvB,yBAAuB,MAPA;AAQvB,oCAAkC;AARX,CAAzB;;AAWA,IAAIP,OAAOQ,aAAX,EAA0B;AACxBJ,IAAEK,MAAF,CAASH,gBAAT,EAA2B;AACzB,+BAA2B,MADF;AAEzB,yBAAqB;AAFI,GAA3B;AAID;;AAGDD,iBAAiBC,gBAAjB,EAAmC,eAAnC;;AAEA,IAAMT,QAAQK,QAAQ,OAAR,CAAd;;AACA,IAAMJ,WAAWI,QAAQ,WAAR,CAAjB;;AAEAL,MAAMa,MAAN,GAAe;AACbC,mBAAiBT,QAAQ,+BAAR,CADJ;AAEbU,sBAAoBV,QAAQ,mCAAR,CAFP;AAGbW,oBAAkBX,QAAQ,iCAAR,CAHL;AAIbY,kBAAgBZ,QAAQ,8BAAR,CAJH;AAKba,UAAQb,QAAQ,qBAAR,CALK;AAMbc,mBAAiBd,QAAQ,gCAAR;AANJ,CAAf;;AASA,IAAIF,OAAOQ,aAAX,EAA0B;AACxBX,QAAMa,MAAN,CAAaO,SAAb,GAAyBf,QAAQ,yBAAR,CAAzB;AACAL,QAAMa,MAAN,CAAaQ,IAAb,GAAoBhB,QAAQ,mBAAR,CAApB;AACD;;AAED,IAAIH,cAAJ;;AACA,IAAIC,OAAOmB,QAAX,EAAqB;AACnB,qCAAiBjB,QAAQ,kBAAR,CAAjB;AACD","sourcesContent":["import { Meteor } from 'meteor/meteor';\nimport { _ } from 'meteor/underscore';\n\nconst requiredPackages = {\n  react: '15.x',\n  'react-dom': '15.x',\n  'react-addons-transition-group': '15.x',\n  'react-addons-css-transition-group': '15.x',\n  'react-addons-linked-state-mixin': '15.x',\n  'react-addons-create-fragment': '15.x',\n  'react-addons-update': '15.x',\n  'react-addons-pure-render-mixin': '15.x',\n};\n\nif (Meteor.isDevelopment) {\n  _.extend(requiredPackages, {\n    'react-addons-test-utils': '15.x',\n    'react-addons-perf': '15.x',\n  });\n}\n\nimport { checkNpmVersions } from 'meteor/tmeasday:check-npm-versions';\ncheckNpmVersions(requiredPackages, 'react-runtime');\n\nconst React = require('react');\nconst ReactDOM = require('react-dom');\n\nReact.addons = {\n  TransitionGroup: require('react-addons-transition-group'),\n  CSSTransitionGroup: require('react-addons-css-transition-group'),\n  LinkedStateMixin: require('react-addons-linked-state-mixin'),\n  createFragment: require('react-addons-create-fragment'),\n  update: require('react-addons-update'),\n  PureRenderMixin: require('react-addons-pure-render-mixin'),\n};\n\nif (Meteor.isDevelopment) {\n  React.addons.TestUtils = require('react-addons-test-utils');\n  React.addons.Perf = require('react-addons-perf');\n}\n\nlet ReactDOMServer;\nif (Meteor.isServer) {\n  ReactDOMServer = require('react-dom/server');\n}\n\nexport { React, ReactDOM, ReactDOMServer };\n"]},"sourceType":"script","hash":"d562214d585378cf183f8839f706c66d26715ef4"}
