{"metadata":{},"options":{"plugins":[{"key":"base$0$0","visitor":{"Program":{"enter":[null]},"_exploded":true,"_verified":true},"options":{"generateLetDeclarations":true,"enforceStrictMode":false}},{"key":"transform-meteor-dynamic-import","visitor":{"_exploded":{},"_verified":{},"CallExpression":{"enter":[null]}},"options":{}},{"key":"base$0$2","visitor":{"CallExpression":{"enter":[null]},"BinaryExpression":{"enter":[null]},"MemberExpression":{"enter":[null],"exit":[null]},"_exploded":true,"_verified":true,"Identifier":{"enter":[null]},"JSXIdentifier":{"enter":[null]}},"options":{"polyfill":false,"useBuiltIns":false}},{"key":"base$0$3","visitor":{"_exploded":{},"_verified":{},"ClassDeclaration":{"enter":[null]},"ClassExpression":{"enter":[null]}},"options":{"loose":true}},{"key":"base$0$4","visitor":{"FunctionExpression":{"exit":[null]},"_exploded":true,"_verified":true},"options":{}},{"key":"base$0$5","visitor":{"ForInStatement":{"enter":[null]},"_exploded":true,"_verified":true},"options":{}},{"key":"base$0$6","visitor":{"Program":{"exit":[null]},"_exploded":true,"_verified":true},"options":{"allowTopLevelThis":true,"strictMode":false,"loose":true}},{"key":"base$0$1$0","visitor":{"_exploded":{},"_verified":{},"JSXNamespacedName":{"enter":[null]},"JSXElement":{"exit":[null]},"JSXFragment":{"exit":[null]},"Program":{"enter":[null],"exit":[null]},"JSXAttribute":{"enter":[null]}},"options":{"pragma":"React.createElement","pragmaFrag":"React.Fragment","throwIfNamespace":true,"useBuiltIns":false}},{"key":"base$0$1$1","visitor":{"_exploded":true,"_verified":true},"options":{}},{"key":"base$0$1$2","visitor":{"ExportDefaultDeclaration":{"enter":[null]},"CallExpression":{"enter":[null]},"_exploded":true,"_verified":true},"options":{}},{"key":"base$0$0$0","visitor":{"_exploded":true,"_verified":true},"options":{}},{"key":"base$0$0$1","visitor":{"_exploded":true,"_verified":true},"options":{}},{"key":"base$0$0$2","visitor":{"ArrowFunctionExpression":{"enter":[null]},"_exploded":true,"_verified":true},"options":{}},{"key":"base$0$0$3","visitor":{"BlockStatement":{"enter":[null]},"SwitchCase":{"enter":[null]},"_exploded":true,"_verified":true},"options":{}},{"key":"base$0$0$4","visitor":{"VariableDeclaration":{"enter":[null]},"CatchClause":{"enter":[null]},"_exploded":true,"BlockStatement":{"enter":[null]},"SwitchStatement":{"enter":[null]},"Program":{"enter":[null]},"_verified":true,"DoWhileStatement":{"enter":[null]},"ForInStatement":{"enter":[null]},"ForStatement":{"enter":[null]},"WhileStatement":{"enter":[null]},"ForOfStatement":{"enter":[null]}},"options":{}},{"key":"base$0$0$5","visitor":{"ExportDefaultDeclaration":{"enter":[null]},"ClassDeclaration":{"enter":[null]},"ClassExpression":{"enter":[null]},"_exploded":true,"_verified":true},"options":{"loose":true}},{"key":"base$0$0$6","visitor":{"ObjectExpression":{"exit":[null]},"_exploded":true,"_verified":true},"options":{"loose":true}},{"key":"base$0$0$7","visitor":{"ExportNamedDeclaration":{"enter":[null]},"CatchClause":{"enter":[null]},"AssignmentExpression":{"enter":[null]},"VariableDeclaration":{"enter":[null]},"_exploded":true,"_verified":true,"ForInStatement":{"enter":[null]},"ForOfStatement":{"enter":[null]}},"options":{}},{"key":"base$0$0$8","visitor":{"ForOfStatement":{"enter":[null]},"_exploded":true,"_verified":true},"options":{"loose":true}},{"key":"base$0$0$9","visitor":{"NumericLiteral":{"enter":[null]},"StringLiteral":{"enter":[null]},"_exploded":true,"_verified":true},"options":{}},{"key":"base$0$0$10","visitor":{"ObjectExpression":{"enter":[null]},"_exploded":true,"_verified":true},"options":{}},{"key":"base$0$0$11","visitor":{"_exploded":true,"_verified":true,"FunctionDeclaration":{"enter":[null]},"FunctionExpression":{"enter":[null]},"ObjectMethod":{"enter":[null]},"ArrowFunctionExpression":{"enter":[null]},"ClassMethod":{"enter":[null]}},"options":{}},{"key":"base$0$0$12","visitor":{"ObjectMethod":{"enter":[null]},"ObjectProperty":{"enter":[null]},"_exploded":true,"_verified":true},"options":{}},{"key":"base$0$0$13","visitor":{"ArrayExpression":{"enter":[null]},"CallExpression":{"enter":[null]},"NewExpression":{"enter":[null]},"_exploded":true,"_verified":true},"options":{}},{"key":"base$0$0$14","visitor":{"RegExpLiteral":{"enter":[null]},"_exploded":true,"_verified":true},"options":{}},{"key":"base$0$0$15","visitor":{"TaggedTemplateExpression":{"enter":[null]},"TemplateLiteral":{"enter":[null]},"_exploded":true,"_verified":true},"options":{"loose":true}},{"key":"base$0$0$16","visitor":{"UnaryExpression":{"enter":[null]},"_exploded":true,"_verified":true,"BlockStatement":{"enter":[null]},"CatchClause":{"enter":[null]},"DoWhileStatement":{"enter":[null]},"ForInStatement":{"enter":[null]},"ForStatement":{"enter":[null]},"FunctionDeclaration":{"enter":[null]},"FunctionExpression":{"enter":[null]},"Program":{"enter":[null]},"ObjectMethod":{"enter":[null]},"SwitchStatement":{"enter":[null]},"WhileStatement":{"enter":[null]},"ArrowFunctionExpression":{"enter":[null]},"ClassDeclaration":{"enter":[null]},"ClassExpression":{"enter":[null]},"ForOfStatement":{"enter":[null]},"ClassMethod":{"enter":[null]}},"options":{}},{"key":"base$0$0$17","visitor":{"RegExpLiteral":{"enter":[null]},"_exploded":true,"_verified":true},"options":{}},{"key":"base$0$0$18","visitor":{"_exploded":true,"_verified":true},"options":{}},{"key":"base$0$0$19","visitor":{"_exploded":{},"_verified":{},"VariableDeclarator":{"enter":[null]},"ExportNamedDeclaration":{"enter":[null]},"CatchClause":{"enter":[null]},"AssignmentExpression":{"enter":[null]},"ObjectExpression":{"enter":[null]},"FunctionDeclaration":{"enter":[null]},"FunctionExpression":{"enter":[null]},"ObjectMethod":{"enter":[null]},"ArrowFunctionExpression":{"enter":[null]},"ClassMethod":{"enter":[null]},"ForInStatement":{"enter":[null]},"ForOfStatement":{"enter":[null]}},"options":{}},{"key":"base$0$0$20","visitor":{"ObjectProperty":{"exit":[null]},"_exploded":true,"_verified":true},"options":{}},{"key":"base$0$0$21","visitor":{"_exploded":{},"_verified":{},"Program":{"enter":[null]},"ImportDeclaration":{"enter":[null,null]},"ClassProperty":{"enter":[null]},"AssignmentPattern":{"enter":[null]},"TypeCastExpression":{"enter":[null,null]},"ImportSpecifier":{"enter":[null]},"ClassDeclaration":{"enter":[null]},"ClassExpression":{"enter":[null]},"FunctionDeclaration":{"enter":[null]},"FunctionExpression":{"enter":[null]},"ObjectMethod":{"enter":[null]},"ArrowFunctionExpression":{"enter":[null]},"ClassMethod":{"enter":[null]},"AnyTypeAnnotation":{"enter":[null]},"ArrayTypeAnnotation":{"enter":[null]},"BooleanTypeAnnotation":{"enter":[null]},"BooleanLiteralTypeAnnotation":{"enter":[null]},"NullLiteralTypeAnnotation":{"enter":[null]},"ClassImplements":{"enter":[null]},"DeclareClass":{"enter":[null]},"DeclareFunction":{"enter":[null]},"DeclareInterface":{"enter":[null]},"DeclareModule":{"enter":[null]},"DeclareModuleExports":{"enter":[null]},"DeclareTypeAlias":{"enter":[null]},"DeclareOpaqueType":{"enter":[null]},"DeclareVariable":{"enter":[null]},"DeclareExportDeclaration":{"enter":[null]},"DeclareExportAllDeclaration":{"enter":[null]},"DeclaredPredicate":{"enter":[null]},"ExistsTypeAnnotation":{"enter":[null]},"FunctionTypeAnnotation":{"enter":[null]},"FunctionTypeParam":{"enter":[null]},"GenericTypeAnnotation":{"enter":[null]},"InferredPredicate":{"enter":[null]},"InterfaceExtends":{"enter":[null]},"InterfaceDeclaration":{"enter":[null]},"IntersectionTypeAnnotation":{"enter":[null]},"MixedTypeAnnotation":{"enter":[null]},"EmptyTypeAnnotation":{"enter":[null]},"NullableTypeAnnotation":{"enter":[null]},"NumberLiteralTypeAnnotation":{"enter":[null]},"NumberTypeAnnotation":{"enter":[null]},"ObjectTypeAnnotation":{"enter":[null]},"ObjectTypeCallProperty":{"enter":[null]},"ObjectTypeIndexer":{"enter":[null]},"ObjectTypeProperty":{"enter":[null]},"ObjectTypeSpreadProperty":{"enter":[null]},"OpaqueType":{"enter":[null]},"QualifiedTypeIdentifier":{"enter":[null]},"StringLiteralTypeAnnotation":{"enter":[null]},"StringTypeAnnotation":{"enter":[null]},"ThisTypeAnnotation":{"enter":[null]},"TupleTypeAnnotation":{"enter":[null]},"TypeofTypeAnnotation":{"enter":[null]},"TypeAlias":{"enter":[null]},"TypeAnnotation":{"enter":[null]},"TypeParameter":{"enter":[null]},"TypeParameterDeclaration":{"enter":[null]},"TypeParameterInstantiation":{"enter":[null]},"UnionTypeAnnotation":{"enter":[null]},"Variance":{"enter":[null]},"VoidTypeAnnotation":{"enter":[null]},"ExportAllDeclaration":{"enter":[null]},"ExportDefaultDeclaration":{"enter":[null]},"ExportNamedDeclaration":{"enter":[null]}},"options":{}},{"key":"base$0$0$22","visitor":{"AssignmentExpression":{"enter":[null]},"BinaryExpression":{"enter":[null]},"_exploded":true,"_verified":true},"options":{}},{"key":"base$0$0$23","visitor":{"_exploded":{},"_verified":{},"Program":{"enter":[null]}},"options":{}},{"key":"regenerator-transform","visitor":{"_exploded":true,"_verified":true,"FunctionDeclaration":{"exit":[null]},"FunctionExpression":{"exit":[null]},"ObjectMethod":{"exit":[null]},"ArrowFunctionExpression":{"exit":[null]},"ClassMethod":{"exit":[null]}},"options":{}}],"presets":[],"compact":false,"ast":true,"babelrc":false,"sourceFileName":"imports/ui/App.js","filename":"imports/ui/App.js","sourceMaps":true,"envName":"development","cwd":"/Users/administrator/Downloads/meteor-serverless-training/weather-info-react","passPerPreset":false,"parserOpts":{"sourceType":"module","sourceFileName":"imports/ui/App.js","plugins":["dynamicImport","classProperties","classPrivateProperties","jsx","jsx","flow","asyncGenerators","objectRestSpread","objectRestSpread","flow","asyncGenerators"]},"generatorOpts":{"filename":"imports/ui/App.js","comments":true,"compact":false,"sourceMaps":true,"sourceFileName":"imports/ui/App.js"}},"code":"var _interopRequireDefault = require(\"@babel/runtime/helpers/interopRequireDefault\");\n\nvar _inheritsLoose2 = _interopRequireDefault(require(\"@babel/runtime/helpers/inheritsLoose\"));\n\nvar _assertThisInitialized2 = _interopRequireDefault(require(\"@babel/runtime/helpers/assertThisInitialized\"));\n\nvar React, Component;\nmodule.watch(require(\"react\"), {\n  \"default\": function (v) {\n    React = v;\n  },\n  Component: function (v) {\n    Component = v;\n  }\n}, 0);\n\nvar WeatherApp =\n/*#__PURE__*/\nfunction (_Component) {\n  function WeatherApp(props) {\n    var _this;\n\n    _this = _Component.call(this, props) || this;\n\n    _this.handleChange = function (event) {\n      var _this$setState;\n\n      var field = event.target.name; // we use square braces around the key `field` coz its a variable (we are setting state with a dynamic key name)\n\n      _this.setState((_this$setState = {}, _this$setState[field] = event.target.value, _this$setState));\n    };\n\n    _this.handleSubmit = function (event) {\n      event.preventDefault();\n      Meteor.call(\"getWeather\", parseInt(_this.state.zipcode), function (err, res) {\n        this.setState({\n          weatherInformation: res\n        });\n      }.bind((0, _assertThisInitialized2.default)((0, _assertThisInitialized2.default)(_this))));\n    };\n\n    _this.state = {\n      zipcode: \"\",\n      weatherInformation: []\n    };\n    return _this;\n  }\n\n  var _proto = WeatherApp.prototype;\n\n  _proto.render = function () {\n    function render() {\n      return React.createElement(\"div\", null, React.createElement(\"form\", {\n        onSubmit: this.handleSubmit\n      }, React.createElement(\"label\", null, \"Zipcode:\"), React.createElement(\"input\", {\n        type: \"number\",\n        placeholder: \"Enter zipcode\",\n        name: \"zipcode\",\n        onChange: this.handleChange\n      }), React.createElement(\"button\", {\n        type: \"submit\"\n      }, \"Get Weather\")), React.createElement(\"div\", null, React.createElement(\"h2\", null, \"Weather Infromation for \", this.state.zipcode), this.state.weatherInformation.map(function (item, key) {\n        return React.createElement(\"div\", {\n          key: key\n        }, item.name, \" : \", item.value);\n      })));\n    }\n\n    return render;\n  }();\n\n  (0, _inheritsLoose2.default)(WeatherApp, _Component);\n  return WeatherApp;\n}(Component);\n\nmodule.exportDefault(WeatherApp);","map":{"version":3,"sources":["imports/ui/App.js"],"names":["React","Component","module","watch","require","v","WeatherApp","props","handleChange","event","field","target","name","setState","value","handleSubmit","preventDefault","Meteor","call","parseInt","state","zipcode","err","res","weatherInformation","bind","render","map","item","key","exportDefault"],"mappings":";;;;;;AAAA,IAAIA,KAAJ,EAAUC,SAAV;AAAoBC,OAAOC,KAAP,CAAaC,QAAQ,OAAR,CAAb,EAA8B;AAAA,uBAASC,CAAT,EAAW;AAACL,YAAMK,CAAN;AAAQ,GAApB;AAAqBJ,WAArB,YAA+BI,CAA/B,EAAiC;AAACJ,gBAAUI,CAAV;AAAY;AAA9C,CAA9B,EAA8E,CAA9E;;IAEdC,U;;;AACF,sBAAYC,KAAZ,EAAmB;AAAA;;AACf,kCAAMA,KAAN;;AADe,UAQnBC,YARmB,GAQJ,UAACC,KAAD,EAAW;AAAA;;AACtB,UAAMC,QAAQD,MAAME,MAAN,CAAaC,IAA3B,CADsB,CAGtB;;AACA,YAAKC,QAAL,sCACKH,KADL,IACaD,MAAME,MAAN,CAAaG,KAD1B;AAGH,KAfkB;;AAAA,UAiBnBC,YAjBmB,GAiBJ,UAACN,KAAD,EAAW;AACtBA,YAAMO,cAAN;AACAC,aAAOC,IAAP,CAAY,YAAZ,EAA0BC,SAAS,MAAKC,KAAL,CAAWC,OAApB,CAA1B,EAAwD,UAAUC,GAAV,EAAeC,GAAf,EAAoB;AACxE,aAAKV,QAAL,CAAc;AACVW,8BAAoBD;AADV,SAAd;AAGH,OAJuD,CAItDE,IAJsD,mFAAxD;AAKH,KAxBkB;;AAEf,UAAKL,KAAL,GAAa;AACTC,eAAS,EADA;AAETG,0BAAoB;AAFX,KAAb;AAFe;AAMlB;;;;SAoBDE,M;sBAAS;AACL,aACI,iCACI;AAAM,kBAAU,KAAKX;AAArB,SACI,8CADJ,EAEI;AACI,cAAK,QADT;AAEI,qBAAY,eAFhB;AAGI,cAAK,SAHT;AAII,kBAAU,KAAKP;AAJnB,QAFJ,EAQI;AAAQ,cAAK;AAAb,uBARJ,CADJ,EAWI,iCACI,4DAA6B,KAAKY,KAAL,CAAWC,OAAxC,CADJ,EAEK,KAAKD,KAAL,CAAWI,kBAAX,CAA8BG,GAA9B,CAAkC,UAAUC,IAAV,EAAgBC,GAAhB,EAAqB;AACpD,eACI;AAAK,eAAKA;AAAV,WACKD,KAAKhB,IADV,SACmBgB,KAAKd,KADxB,CADJ;AAKH,OANA,CAFL,CAXJ,CADJ;AAwBH;;;;;;;EApDoBb,S;;AAFzBC,OAAO4B,aAAP,CAyDexB,UAzDf","sourcesContent":["import React, { Component } from 'react';\n\nclass WeatherApp extends Component {\n    constructor(props) {\n        super(props);\n        this.state = {\n            zipcode: \"\",\n            weatherInformation: []\n        }\n    }\n\n    handleChange = (event) => {\n        const field = event.target.name;\n\n        // we use square braces around the key `field` coz its a variable (we are setting state with a dynamic key name)\n        this.setState({\n            [field]: event.target.value\n        })\n    }\n\n    handleSubmit = (event) => {\n        event.preventDefault();\n        Meteor.call(\"getWeather\", parseInt(this.state.zipcode), function (err, res) {\n            this.setState({\n                weatherInformation: res\n            });\n        }.bind(this));\n    }\n\n    render() {\n        return (\n            <div>\n                <form onSubmit={this.handleSubmit}>\n                    <label>Zipcode:</label>\n                    <input\n                        type=\"number\"\n                        placeholder=\"Enter zipcode\"\n                        name=\"zipcode\"\n                        onChange={this.handleChange}\n                    />\n                    <button type=\"submit\">Get Weather</button>\n                </form>\n                <div>\n                    <h2>Weather Infromation for {this.state.zipcode}</h2>\n                    {this.state.weatherInformation.map(function (item, key) {\n                        return (\n                            <div key={key}>\n                                {item.name} : {item.value}\n                            </div>\n                        )\n                    })}\n                </div>\n            </div>\n        );\n    }\n}\n\nexport default WeatherApp;"]},"sourceType":"script","hash":"da561d9fc509d2387a65d2ae6e07074071fdca97"}
