{"metadata":{},"options":{"plugins":[{"key":"base$1$0","visitor":{"_exploded":{},"_verified":{},"JSXNamespacedName":{"enter":[null]},"JSXElement":{"exit":[null]},"JSXFragment":{"exit":[null]},"Program":{"enter":[null],"exit":[null]},"JSXAttribute":{"enter":[null]}},"options":{"pragma":"React.createElement","pragmaFrag":"React.Fragment","throwIfNamespace":true,"useBuiltIns":false}},{"key":"base$1$1","visitor":{"_exploded":true,"_verified":true},"options":{}},{"key":"base$1$2","visitor":{"ExportDefaultDeclaration":{"enter":[null]},"CallExpression":{"enter":[null]},"_exploded":true,"_verified":true},"options":{}},{"key":"base$0$0","visitor":{"Program":{"enter":[null]},"_exploded":true,"_verified":true},"options":{"generateLetDeclarations":true,"enforceStrictMode":false}},{"key":"base$0$1","visitor":{"_exploded":true,"_verified":true},"options":{}},{"key":"base$0$2","visitor":{"_exploded":{},"_verified":{},"Program":{"enter":[null]},"ImportDeclaration":{"enter":[null,null]},"ClassProperty":{"enter":[null]},"AssignmentPattern":{"enter":[null]},"TypeCastExpression":{"enter":[null,null]},"ImportSpecifier":{"enter":[null]},"ClassDeclaration":{"enter":[null]},"ClassExpression":{"enter":[null]},"FunctionDeclaration":{"enter":[null]},"FunctionExpression":{"enter":[null]},"ObjectMethod":{"enter":[null]},"ArrowFunctionExpression":{"enter":[null]},"ClassMethod":{"enter":[null]},"AnyTypeAnnotation":{"enter":[null]},"ArrayTypeAnnotation":{"enter":[null]},"BooleanTypeAnnotation":{"enter":[null]},"BooleanLiteralTypeAnnotation":{"enter":[null]},"NullLiteralTypeAnnotation":{"enter":[null]},"ClassImplements":{"enter":[null]},"DeclareClass":{"enter":[null]},"DeclareFunction":{"enter":[null]},"DeclareInterface":{"enter":[null]},"DeclareModule":{"enter":[null]},"DeclareModuleExports":{"enter":[null]},"DeclareTypeAlias":{"enter":[null]},"DeclareOpaqueType":{"enter":[null]},"DeclareVariable":{"enter":[null]},"DeclareExportDeclaration":{"enter":[null]},"DeclareExportAllDeclaration":{"enter":[null]},"DeclaredPredicate":{"enter":[null]},"ExistsTypeAnnotation":{"enter":[null]},"FunctionTypeAnnotation":{"enter":[null]},"FunctionTypeParam":{"enter":[null]},"GenericTypeAnnotation":{"enter":[null]},"InferredPredicate":{"enter":[null]},"InterfaceExtends":{"enter":[null]},"InterfaceDeclaration":{"enter":[null]},"IntersectionTypeAnnotation":{"enter":[null]},"MixedTypeAnnotation":{"enter":[null]},"EmptyTypeAnnotation":{"enter":[null]},"NullableTypeAnnotation":{"enter":[null]},"NumberLiteralTypeAnnotation":{"enter":[null]},"NumberTypeAnnotation":{"enter":[null]},"ObjectTypeAnnotation":{"enter":[null]},"ObjectTypeCallProperty":{"enter":[null]},"ObjectTypeIndexer":{"enter":[null]},"ObjectTypeProperty":{"enter":[null]},"ObjectTypeSpreadProperty":{"enter":[null]},"OpaqueType":{"enter":[null]},"QualifiedTypeIdentifier":{"enter":[null]},"StringLiteralTypeAnnotation":{"enter":[null]},"StringTypeAnnotation":{"enter":[null]},"ThisTypeAnnotation":{"enter":[null]},"TupleTypeAnnotation":{"enter":[null]},"TypeofTypeAnnotation":{"enter":[null]},"TypeAlias":{"enter":[null]},"TypeAnnotation":{"enter":[null]},"TypeParameter":{"enter":[null]},"TypeParameterDeclaration":{"enter":[null]},"TypeParameterInstantiation":{"enter":[null]},"UnionTypeAnnotation":{"enter":[null]},"Variance":{"enter":[null]},"VoidTypeAnnotation":{"enter":[null]},"ExportAllDeclaration":{"enter":[null]},"ExportDefaultDeclaration":{"enter":[null]},"ExportNamedDeclaration":{"enter":[null]}},"options":{}},{"key":"base$0$3","visitor":{"CallExpression":{"enter":[null]},"BinaryExpression":{"enter":[null]},"MemberExpression":{"enter":[null],"exit":[null]},"_exploded":true,"_verified":true,"Identifier":{"enter":[null]},"JSXIdentifier":{"enter":[null]}},"options":{"polyfill":false,"useBuiltIns":true}},{"key":"base$0$4","visitor":{"_exploded":true,"_verified":true},"options":{}},{"key":"base$0$5","visitor":{"_exploded":{},"_verified":{},"VariableDeclarator":{"enter":[null]},"ExportNamedDeclaration":{"enter":[null]},"CatchClause":{"enter":[null]},"AssignmentExpression":{"enter":[null]},"ObjectExpression":{"enter":[null]},"FunctionDeclaration":{"enter":[null]},"FunctionExpression":{"enter":[null]},"ObjectMethod":{"enter":[null]},"ArrowFunctionExpression":{"enter":[null]},"ClassMethod":{"enter":[null]},"ForInStatement":{"enter":[null]},"ForOfStatement":{"enter":[null]}},"options":{}},{"key":"transform-meteor-async-await","visitor":{"AwaitExpression":{"enter":[null]},"_exploded":true,"_verified":true,"FunctionDeclaration":{"exit":[null]},"FunctionExpression":{"exit":[null]},"ObjectMethod":{"exit":[null]},"ArrowFunctionExpression":{"exit":[null]},"ClassMethod":{"exit":[null]}},"options":{"useNativeAsyncAwait":false}},{"key":"transform-meteor-dynamic-import","visitor":{"_exploded":{},"_verified":{},"CallExpression":{"enter":[null]}},"options":{}},{"key":"base$0$8","visitor":{"_exploded":{},"_verified":{},"Program":{"enter":[null]}},"options":{}},{"key":"base$0$9","visitor":{"Program":{"exit":[null]},"_exploded":true,"_verified":true},"options":{"allowTopLevelThis":true,"strictMode":false,"loose":true}},{"key":"base$0$10","visitor":{"_exploded":{},"_verified":{},"ClassDeclaration":{"enter":[null]},"ClassExpression":{"enter":[null]}},"options":{"loose":true}}],"compact":false,"ast":true,"babelrc":false,"sourceFileName":"packages/ddp-client/common/namespace.js","filename":"packages/ddp-client/common/namespace.js","sourceMaps":true,"envName":"development","cwd":"/Users/administrator/Downloads/meteor-serverless-training/weather-info","passPerPreset":false,"presets":[],"parserOpts":{"sourceType":"module","sourceFileName":"packages/ddp-client/common/namespace.js","plugins":["jsx","jsx","flow","flow","objectRestSpread","objectRestSpread","dynamicImport","asyncGenerators","classProperties","classPrivateProperties"]},"generatorOpts":{"filename":"packages/ddp-client/common/namespace.js","comments":true,"compact":false,"sourceMaps":true,"sourceFileName":"packages/ddp-client/common/namespace.js"}},"code":"module.export({\n  DDP: () => DDP\n});\nlet DDPCommon;\nmodule.watch(require(\"meteor/ddp-common\"), {\n  DDPCommon(v) {\n    DDPCommon = v;\n  }\n\n}, 0);\nlet Meteor;\nmodule.watch(require(\"meteor/meteor\"), {\n  Meteor(v) {\n    Meteor = v;\n  }\n\n}, 1);\nlet keys;\nmodule.watch(require(\"meteor/ddp-common/utils.js\"), {\n  keys(v) {\n    keys = v;\n  }\n\n}, 2);\nlet Connection;\nmodule.watch(require(\"./livedata_connection.js\"), {\n  Connection(v) {\n    Connection = v;\n  }\n\n}, 3);\n// This array allows the `_allSubscriptionsReady` method below, which\n// is used by the `spiderable` package, to keep track of whether all\n// data is ready.\nconst allConnections = [];\n/**\n * @namespace DDP\n * @summary Namespace for DDP-related methods/classes.\n */\n\nconst DDP = {};\n// This is private but it's used in a few places. accounts-base uses\n// it to get the current user. Meteor.setTimeout and friends clear\n// it. We can probably find a better way to factor this.\nDDP._CurrentMethodInvocation = new Meteor.EnvironmentVariable();\nDDP._CurrentPublicationInvocation = new Meteor.EnvironmentVariable(); // XXX: Keep DDP._CurrentInvocation for backwards-compatibility.\n\nDDP._CurrentInvocation = DDP._CurrentMethodInvocation; // This is passed into a weird `makeErrorType` function that expects its thing\n// to be a constructor\n\nfunction connectionErrorConstructor(message) {\n  this.message = message;\n}\n\nDDP.ConnectionError = Meteor.makeErrorType('DDP.ConnectionError', connectionErrorConstructor);\nDDP.ForcedReconnectError = Meteor.makeErrorType('DDP.ForcedReconnectError', () => {}); // Returns the named sequence of pseudo-random values.\n// The scope will be DDP._CurrentMethodInvocation.get(), so the stream will produce\n// consistent values for method calls on the client and server.\n\nDDP.randomStream = name => {\n  var scope = DDP._CurrentMethodInvocation.get();\n\n  return DDPCommon.RandomStream.get(scope, name);\n}; // @param url {String} URL to Meteor app,\n//     e.g.:\n//     \"subdomain.meteor.com\",\n//     \"http://subdomain.meteor.com\",\n//     \"/\",\n//     \"ddp+sockjs://ddp--****-foo.meteor.com/sockjs\"\n\n/**\n * @summary Connect to the server of a different Meteor application to subscribe to its document sets and invoke its remote methods.\n * @locus Anywhere\n * @param {String} url The URL of another Meteor application.\n */\n\n\nDDP.connect = (url, options) => {\n  var ret = new Connection(url, options);\n  allConnections.push(ret); // hack. see below.\n\n  return ret;\n};\n\nDDP._reconnectHook = new Hook({\n  bindEnvironment: false\n});\n/**\n * @summary Register a function to call as the first step of\n * reconnecting. This function can call methods which will be executed before\n * any other outstanding methods. For example, this can be used to re-establish\n * the appropriate authentication context on the connection.\n * @locus Anywhere\n * @param {Function} callback The function to call. It will be called with a\n * single argument, the [connection object](#ddp_connect) that is reconnecting.\n */\n\nDDP.onReconnect = callback => {\n  return DDP._reconnectHook.register(callback);\n}; // Hack for `spiderable` package: a way to see if the page is done\n// loading all the data it needs.\n//\n\n\nDDP._allSubscriptionsReady = () => {\n  return allConnections.every(conn => {\n    return keys(conn._subscriptions).every(id => {\n      return conn._subscriptions[id].ready;\n    });\n  });\n};","map":{"version":3,"sources":["packages/ddp-client/common/namespace.js"],"names":["module","export","DDP","DDPCommon","watch","require","v","Meteor","keys","Connection","allConnections","_CurrentMethodInvocation","EnvironmentVariable","_CurrentPublicationInvocation","_CurrentInvocation","connectionErrorConstructor","message","ConnectionError","makeErrorType","ForcedReconnectError","randomStream","name","scope","get","RandomStream","connect","url","options","ret","push","_reconnectHook","Hook","bindEnvironment","onReconnect","callback","register","_allSubscriptionsReady","every","conn","_subscriptions","id","ready"],"mappings":"AAAAA,OAAOC,MAAP,CAAc;AAACC,OAAI,MAAIA;AAAT,CAAd;AAA6B,IAAIC,SAAJ;AAAcH,OAAOI,KAAP,CAAaC,QAAQ,mBAAR,CAAb,EAA0C;AAACF,YAAUG,CAAV,EAAY;AAACH,gBAAUG,CAAV;AAAY;;AAA1B,CAA1C,EAAsE,CAAtE;AAAyE,IAAIC,MAAJ;AAAWP,OAAOI,KAAP,CAAaC,QAAQ,eAAR,CAAb,EAAsC;AAACE,SAAOD,CAAP,EAAS;AAACC,aAAOD,CAAP;AAAS;;AAApB,CAAtC,EAA4D,CAA5D;AAA+D,IAAIE,IAAJ;AAASR,OAAOI,KAAP,CAAaC,QAAQ,4BAAR,CAAb,EAAmD;AAACG,OAAKF,CAAL,EAAO;AAACE,WAAKF,CAAL;AAAO;;AAAhB,CAAnD,EAAqE,CAArE;AAAwE,IAAIG,UAAJ;AAAeT,OAAOI,KAAP,CAAaC,QAAQ,0BAAR,CAAb,EAAiD;AAACI,aAAWH,CAAX,EAAa;AAACG,iBAAWH,CAAX;AAAa;;AAA5B,CAAjD,EAA+E,CAA/E;AAM9R;AACA;AACA;AACA,MAAMI,iBAAiB,EAAvB;AAEA;;;;;AAIO,MAAMR,MAAM,EAAZ;AAEP;AACA;AACA;AACAA,IAAIS,wBAAJ,GAA+B,IAAIJ,OAAOK,mBAAX,EAA/B;AACAV,IAAIW,6BAAJ,GAAoC,IAAIN,OAAOK,mBAAX,EAApC,C,CAEA;;AACAV,IAAIY,kBAAJ,GAAyBZ,IAAIS,wBAA7B,C,CAEA;AACA;;AACA,SAASI,0BAAT,CAAoCC,OAApC,EAA6C;AAC3C,OAAKA,OAAL,GAAeA,OAAf;AACD;;AAEDd,IAAIe,eAAJ,GAAsBV,OAAOW,aAAP,CACpB,qBADoB,EAEpBH,0BAFoB,CAAtB;AAKAb,IAAIiB,oBAAJ,GAA2BZ,OAAOW,aAAP,CACzB,0BADyB,EAEzB,MAAM,CAAE,CAFiB,CAA3B,C,CAKA;AACA;AACA;;AACAhB,IAAIkB,YAAJ,GAAmBC,QAAQ;AACzB,MAAIC,QAAQpB,IAAIS,wBAAJ,CAA6BY,GAA7B,EAAZ;;AACA,SAAOpB,UAAUqB,YAAV,CAAuBD,GAAvB,CAA2BD,KAA3B,EAAkCD,IAAlC,CAAP;AACD,CAHD,C,CAKA;AACA;AACA;AACA;AACA;AACA;;AAEA;;;;;;;AAKAnB,IAAIuB,OAAJ,GAAc,CAACC,GAAD,EAAMC,OAAN,KAAkB;AAC9B,MAAIC,MAAM,IAAInB,UAAJ,CAAeiB,GAAf,EAAoBC,OAApB,CAAV;AACAjB,iBAAemB,IAAf,CAAoBD,GAApB,EAF8B,CAEJ;;AAC1B,SAAOA,GAAP;AACD,CAJD;;AAMA1B,IAAI4B,cAAJ,GAAqB,IAAIC,IAAJ,CAAS;AAAEC,mBAAiB;AAAnB,CAAT,CAArB;AAEA;;;;;;;;;;AASA9B,IAAI+B,WAAJ,GAAkBC,YAAY;AAC5B,SAAOhC,IAAI4B,cAAJ,CAAmBK,QAAnB,CAA4BD,QAA5B,CAAP;AACD,CAFD,C,CAIA;AACA;AACA;;;AACAhC,IAAIkC,sBAAJ,GAA6B,MAAM;AACjC,SAAO1B,eAAe2B,KAAf,CAAqBC,QAAQ;AAClC,WAAO9B,KAAK8B,KAAKC,cAAV,EAA0BF,KAA1B,CAAgCG,MAAM;AAC3C,aAAOF,KAAKC,cAAL,CAAoBC,EAApB,EAAwBC,KAA/B;AACD,KAFM,CAAP;AAGD,GAJM,CAAP;AAKD,CAND","sourcesContent":["import { DDPCommon } from 'meteor/ddp-common';\nimport { Meteor } from 'meteor/meteor';\nimport { keys } from \"meteor/ddp-common/utils.js\";\n\nimport { Connection } from './livedata_connection.js';\n\n// This array allows the `_allSubscriptionsReady` method below, which\n// is used by the `spiderable` package, to keep track of whether all\n// data is ready.\nconst allConnections = [];\n\n/**\n * @namespace DDP\n * @summary Namespace for DDP-related methods/classes.\n */\nexport const DDP = {};\n\n// This is private but it's used in a few places. accounts-base uses\n// it to get the current user. Meteor.setTimeout and friends clear\n// it. We can probably find a better way to factor this.\nDDP._CurrentMethodInvocation = new Meteor.EnvironmentVariable();\nDDP._CurrentPublicationInvocation = new Meteor.EnvironmentVariable();\n\n// XXX: Keep DDP._CurrentInvocation for backwards-compatibility.\nDDP._CurrentInvocation = DDP._CurrentMethodInvocation;\n\n// This is passed into a weird `makeErrorType` function that expects its thing\n// to be a constructor\nfunction connectionErrorConstructor(message) {\n  this.message = message;\n}\n\nDDP.ConnectionError = Meteor.makeErrorType(\n  'DDP.ConnectionError',\n  connectionErrorConstructor\n);\n\nDDP.ForcedReconnectError = Meteor.makeErrorType(\n  'DDP.ForcedReconnectError',\n  () => {}\n);\n\n// Returns the named sequence of pseudo-random values.\n// The scope will be DDP._CurrentMethodInvocation.get(), so the stream will produce\n// consistent values for method calls on the client and server.\nDDP.randomStream = name => {\n  var scope = DDP._CurrentMethodInvocation.get();\n  return DDPCommon.RandomStream.get(scope, name);\n};\n\n// @param url {String} URL to Meteor app,\n//     e.g.:\n//     \"subdomain.meteor.com\",\n//     \"http://subdomain.meteor.com\",\n//     \"/\",\n//     \"ddp+sockjs://ddp--****-foo.meteor.com/sockjs\"\n\n/**\n * @summary Connect to the server of a different Meteor application to subscribe to its document sets and invoke its remote methods.\n * @locus Anywhere\n * @param {String} url The URL of another Meteor application.\n */\nDDP.connect = (url, options) => {\n  var ret = new Connection(url, options);\n  allConnections.push(ret); // hack. see below.\n  return ret;\n};\n\nDDP._reconnectHook = new Hook({ bindEnvironment: false });\n\n/**\n * @summary Register a function to call as the first step of\n * reconnecting. This function can call methods which will be executed before\n * any other outstanding methods. For example, this can be used to re-establish\n * the appropriate authentication context on the connection.\n * @locus Anywhere\n * @param {Function} callback The function to call. It will be called with a\n * single argument, the [connection object](#ddp_connect) that is reconnecting.\n */\nDDP.onReconnect = callback => {\n  return DDP._reconnectHook.register(callback);\n};\n\n// Hack for `spiderable` package: a way to see if the page is done\n// loading all the data it needs.\n//\nDDP._allSubscriptionsReady = () => {\n  return allConnections.every(conn => {\n    return keys(conn._subscriptions).every(id => {\n      return conn._subscriptions[id].ready;\n    });\n  });\n};\n"]},"sourceType":"script","hash":"e133722f7a272f7b1a98831968cd3e1900e2e169"}
