{"metadata":{},"options":{"plugins":[{"key":"base$0$0","visitor":{"Program":{"enter":[null]},"_exploded":true,"_verified":true},"options":{"generateLetDeclarations":true,"enforceStrictMode":false}},{"key":"transform-meteor-dynamic-import","visitor":{"_exploded":{},"_verified":{},"CallExpression":{"enter":[null]}},"options":{}},{"key":"base$0$2","visitor":{"CallExpression":{"enter":[null]},"BinaryExpression":{"enter":[null]},"MemberExpression":{"enter":[null],"exit":[null]},"_exploded":true,"_verified":true,"Identifier":{"enter":[null]},"JSXIdentifier":{"enter":[null]}},"options":{"polyfill":false,"useBuiltIns":false}},{"key":"base$0$3","visitor":{"_exploded":{},"_verified":{},"ClassDeclaration":{"enter":[null]},"ClassExpression":{"enter":[null]}},"options":{"loose":true}},{"key":"base$0$4","visitor":{"FunctionExpression":{"exit":[null]},"_exploded":true,"_verified":true},"options":{}},{"key":"base$0$5","visitor":{"ForInStatement":{"enter":[null]},"_exploded":true,"_verified":true},"options":{}},{"key":"base$0$6","visitor":{"Program":{"exit":[null]},"_exploded":true,"_verified":true},"options":{"allowTopLevelThis":true,"strictMode":false,"loose":true}},{"key":"base$0$1$0","visitor":{"_exploded":{},"_verified":{},"JSXNamespacedName":{"enter":[null]},"JSXElement":{"exit":[null]},"JSXFragment":{"exit":[null]},"Program":{"enter":[null],"exit":[null]},"JSXAttribute":{"enter":[null]}},"options":{"pragma":"React.createElement","pragmaFrag":"React.Fragment","throwIfNamespace":true,"useBuiltIns":false}},{"key":"base$0$1$1","visitor":{"_exploded":true,"_verified":true},"options":{}},{"key":"base$0$1$2","visitor":{"ExportDefaultDeclaration":{"enter":[null]},"CallExpression":{"enter":[null]},"_exploded":true,"_verified":true},"options":{}},{"key":"base$0$0$0","visitor":{"_exploded":true,"_verified":true},"options":{}},{"key":"base$0$0$1","visitor":{"_exploded":true,"_verified":true},"options":{}},{"key":"base$0$0$2","visitor":{"ArrowFunctionExpression":{"enter":[null]},"_exploded":true,"_verified":true},"options":{}},{"key":"base$0$0$3","visitor":{"BlockStatement":{"enter":[null]},"SwitchCase":{"enter":[null]},"_exploded":true,"_verified":true},"options":{}},{"key":"base$0$0$4","visitor":{"VariableDeclaration":{"enter":[null]},"CatchClause":{"enter":[null]},"_exploded":true,"BlockStatement":{"enter":[null]},"SwitchStatement":{"enter":[null]},"Program":{"enter":[null]},"_verified":true,"DoWhileStatement":{"enter":[null]},"ForInStatement":{"enter":[null]},"ForStatement":{"enter":[null]},"WhileStatement":{"enter":[null]},"ForOfStatement":{"enter":[null]}},"options":{}},{"key":"base$0$0$5","visitor":{"ExportDefaultDeclaration":{"enter":[null]},"ClassDeclaration":{"enter":[null]},"ClassExpression":{"enter":[null]},"_exploded":true,"_verified":true},"options":{"loose":true}},{"key":"base$0$0$6","visitor":{"ObjectExpression":{"exit":[null]},"_exploded":true,"_verified":true},"options":{"loose":true}},{"key":"base$0$0$7","visitor":{"ExportNamedDeclaration":{"enter":[null]},"CatchClause":{"enter":[null]},"AssignmentExpression":{"enter":[null]},"VariableDeclaration":{"enter":[null]},"_exploded":true,"_verified":true,"ForInStatement":{"enter":[null]},"ForOfStatement":{"enter":[null]}},"options":{}},{"key":"base$0$0$8","visitor":{"ForOfStatement":{"enter":[null]},"_exploded":true,"_verified":true},"options":{"loose":true}},{"key":"base$0$0$9","visitor":{"NumericLiteral":{"enter":[null]},"StringLiteral":{"enter":[null]},"_exploded":true,"_verified":true},"options":{}},{"key":"base$0$0$10","visitor":{"ObjectExpression":{"enter":[null]},"_exploded":true,"_verified":true},"options":{}},{"key":"base$0$0$11","visitor":{"_exploded":true,"_verified":true,"FunctionDeclaration":{"enter":[null]},"FunctionExpression":{"enter":[null]},"ObjectMethod":{"enter":[null]},"ArrowFunctionExpression":{"enter":[null]},"ClassMethod":{"enter":[null]}},"options":{}},{"key":"base$0$0$12","visitor":{"ObjectMethod":{"enter":[null]},"ObjectProperty":{"enter":[null]},"_exploded":true,"_verified":true},"options":{}},{"key":"base$0$0$13","visitor":{"ArrayExpression":{"enter":[null]},"CallExpression":{"enter":[null]},"NewExpression":{"enter":[null]},"_exploded":true,"_verified":true},"options":{}},{"key":"base$0$0$14","visitor":{"RegExpLiteral":{"enter":[null]},"_exploded":true,"_verified":true},"options":{}},{"key":"base$0$0$15","visitor":{"TaggedTemplateExpression":{"enter":[null]},"TemplateLiteral":{"enter":[null]},"_exploded":true,"_verified":true},"options":{"loose":true}},{"key":"base$0$0$16","visitor":{"UnaryExpression":{"enter":[null]},"_exploded":true,"_verified":true,"BlockStatement":{"enter":[null]},"CatchClause":{"enter":[null]},"DoWhileStatement":{"enter":[null]},"ForInStatement":{"enter":[null]},"ForStatement":{"enter":[null]},"FunctionDeclaration":{"enter":[null]},"FunctionExpression":{"enter":[null]},"Program":{"enter":[null]},"ObjectMethod":{"enter":[null]},"SwitchStatement":{"enter":[null]},"WhileStatement":{"enter":[null]},"ArrowFunctionExpression":{"enter":[null]},"ClassDeclaration":{"enter":[null]},"ClassExpression":{"enter":[null]},"ForOfStatement":{"enter":[null]},"ClassMethod":{"enter":[null]}},"options":{}},{"key":"base$0$0$17","visitor":{"RegExpLiteral":{"enter":[null]},"_exploded":true,"_verified":true},"options":{}},{"key":"base$0$0$18","visitor":{"_exploded":true,"_verified":true},"options":{}},{"key":"base$0$0$19","visitor":{"_exploded":{},"_verified":{},"VariableDeclarator":{"enter":[null]},"ExportNamedDeclaration":{"enter":[null]},"CatchClause":{"enter":[null]},"AssignmentExpression":{"enter":[null]},"ObjectExpression":{"enter":[null]},"FunctionDeclaration":{"enter":[null]},"FunctionExpression":{"enter":[null]},"ObjectMethod":{"enter":[null]},"ArrowFunctionExpression":{"enter":[null]},"ClassMethod":{"enter":[null]},"ForInStatement":{"enter":[null]},"ForOfStatement":{"enter":[null]}},"options":{}},{"key":"base$0$0$20","visitor":{"ObjectProperty":{"exit":[null]},"_exploded":true,"_verified":true},"options":{}},{"key":"base$0$0$21","visitor":{"_exploded":{},"_verified":{},"Program":{"enter":[null]},"ImportDeclaration":{"enter":[null,null]},"ClassProperty":{"enter":[null]},"AssignmentPattern":{"enter":[null]},"TypeCastExpression":{"enter":[null,null]},"ImportSpecifier":{"enter":[null]},"ClassDeclaration":{"enter":[null]},"ClassExpression":{"enter":[null]},"FunctionDeclaration":{"enter":[null]},"FunctionExpression":{"enter":[null]},"ObjectMethod":{"enter":[null]},"ArrowFunctionExpression":{"enter":[null]},"ClassMethod":{"enter":[null]},"AnyTypeAnnotation":{"enter":[null]},"ArrayTypeAnnotation":{"enter":[null]},"BooleanTypeAnnotation":{"enter":[null]},"BooleanLiteralTypeAnnotation":{"enter":[null]},"NullLiteralTypeAnnotation":{"enter":[null]},"ClassImplements":{"enter":[null]},"DeclareClass":{"enter":[null]},"DeclareFunction":{"enter":[null]},"DeclareInterface":{"enter":[null]},"DeclareModule":{"enter":[null]},"DeclareModuleExports":{"enter":[null]},"DeclareTypeAlias":{"enter":[null]},"DeclareOpaqueType":{"enter":[null]},"DeclareVariable":{"enter":[null]},"DeclareExportDeclaration":{"enter":[null]},"DeclareExportAllDeclaration":{"enter":[null]},"DeclaredPredicate":{"enter":[null]},"ExistsTypeAnnotation":{"enter":[null]},"FunctionTypeAnnotation":{"enter":[null]},"FunctionTypeParam":{"enter":[null]},"GenericTypeAnnotation":{"enter":[null]},"InferredPredicate":{"enter":[null]},"InterfaceExtends":{"enter":[null]},"InterfaceDeclaration":{"enter":[null]},"IntersectionTypeAnnotation":{"enter":[null]},"MixedTypeAnnotation":{"enter":[null]},"EmptyTypeAnnotation":{"enter":[null]},"NullableTypeAnnotation":{"enter":[null]},"NumberLiteralTypeAnnotation":{"enter":[null]},"NumberTypeAnnotation":{"enter":[null]},"ObjectTypeAnnotation":{"enter":[null]},"ObjectTypeCallProperty":{"enter":[null]},"ObjectTypeIndexer":{"enter":[null]},"ObjectTypeProperty":{"enter":[null]},"ObjectTypeSpreadProperty":{"enter":[null]},"OpaqueType":{"enter":[null]},"QualifiedTypeIdentifier":{"enter":[null]},"StringLiteralTypeAnnotation":{"enter":[null]},"StringTypeAnnotation":{"enter":[null]},"ThisTypeAnnotation":{"enter":[null]},"TupleTypeAnnotation":{"enter":[null]},"TypeofTypeAnnotation":{"enter":[null]},"TypeAlias":{"enter":[null]},"TypeAnnotation":{"enter":[null]},"TypeParameter":{"enter":[null]},"TypeParameterDeclaration":{"enter":[null]},"TypeParameterInstantiation":{"enter":[null]},"UnionTypeAnnotation":{"enter":[null]},"Variance":{"enter":[null]},"VoidTypeAnnotation":{"enter":[null]},"ExportAllDeclaration":{"enter":[null]},"ExportDefaultDeclaration":{"enter":[null]},"ExportNamedDeclaration":{"enter":[null]}},"options":{}},{"key":"base$0$0$22","visitor":{"AssignmentExpression":{"enter":[null]},"BinaryExpression":{"enter":[null]},"_exploded":true,"_verified":true},"options":{}},{"key":"base$0$0$23","visitor":{"_exploded":{},"_verified":{},"Program":{"enter":[null]}},"options":{}},{"key":"regenerator-transform","visitor":{"_exploded":true,"_verified":true,"FunctionDeclaration":{"exit":[null]},"FunctionExpression":{"exit":[null]},"ObjectMethod":{"exit":[null]},"ArrowFunctionExpression":{"exit":[null]},"ClassMethod":{"exit":[null]}},"options":{}}],"presets":[],"compact":false,"ast":true,"babelrc":false,"sourceFileName":"packages/minimongo/minimongo_tests.js","filename":"packages/minimongo/minimongo_tests.js","sourceMaps":true,"envName":"development","cwd":"/Users/administrator/Downloads/meteor-serverless-training/weather-info","passPerPreset":false,"parserOpts":{"sourceType":"module","sourceFileName":"packages/minimongo/minimongo_tests.js","plugins":["dynamicImport","classProperties","classPrivateProperties","jsx","jsx","flow","asyncGenerators","objectRestSpread","objectRestSpread","flow","asyncGenerators"]},"generatorOpts":{"filename":"packages/minimongo/minimongo_tests.js","comments":true,"compact":false,"sourceMaps":true,"sourceFileName":"packages/minimongo/minimongo_tests.js"}},"code":"Tinytest.add('minimongo - wrapTransform', function (test) {\n  var wrap = LocalCollection.wrapTransform; // Transforming no function gives falsey.\n\n  test.isFalse(wrap(undefined));\n  test.isFalse(wrap(null)); // It's OK if you don't change the ID.\n\n  var validTransform = function (doc) {\n    delete doc.x;\n    doc.y = 42;\n\n    doc.z = function () {\n      return 43;\n    };\n\n    return doc;\n  };\n\n  var transformed = wrap(validTransform)({\n    _id: 'asdf',\n    x: 54\n  });\n  test.equal(Object.keys(transformed), ['_id', 'y', 'z']);\n  test.equal(transformed.y, 42);\n  test.equal(transformed.z(), 43); // Ensure that ObjectIDs work (even if the _ids in question are not ===-equal)\n\n  var oid1 = new MongoID.ObjectID();\n  var oid2 = new MongoID.ObjectID(oid1.toHexString());\n  test.equal(wrap(function () {\n    return {\n      _id: oid2\n    };\n  })({\n    _id: oid1\n  }), {\n    _id: oid2\n  }); // transform functions must return objects\n\n  var invalidObjects = ['asdf', new MongoID.ObjectID(), false, null, true, 27, [123], /adsf/, new Date(), function () {}, undefined];\n  invalidObjects.forEach(function (invalidObject) {\n    var wrapped = wrap(function () {\n      return invalidObject;\n    });\n    test.throws(function () {\n      wrapped({\n        _id: 'asdf'\n      });\n    });\n  }, /transform must return object/); // transform functions may not change _ids\n\n  var wrapped = wrap(function (doc) {\n    doc._id = 'x';\n    return doc;\n  });\n  test.throws(function () {\n    wrapped({\n      _id: 'y'\n    });\n  }, /can't have different _id/); // transform functions may remove _ids\n\n  test.equal({\n    _id: 'a',\n    x: 2\n  }, wrap(function (d) {\n    delete d._id;\n    return d;\n  })({\n    _id: 'a',\n    x: 2\n  })); // test that wrapped transform functions are nonreactive\n\n  var unwrapped = function (doc) {\n    test.isFalse(Tracker.active);\n    return doc;\n  };\n\n  var handle = Tracker.autorun(function () {\n    test.isTrue(Tracker.active);\n    wrap(unwrapped)({\n      _id: 'xxx'\n    });\n  });\n  handle.stop();\n});","map":{"version":3,"sources":["packages/minimongo/minimongo_tests.js"],"names":["Tinytest","add","wrap","LocalCollection","wrapTransform","test","isFalse","undefined","validTransform","doc","x","y","z","transformed","_id","equal","Object","keys","oid1","MongoID","ObjectID","oid2","toHexString","invalidObjects","Date","forEach","wrapped","invalidObject","throws","d","unwrapped","Tracker","active","handle","autorun","isTrue","stop"],"mappings":"AAAAA,SAASC,GAAT,CAAa,2BAAb,EAA0C,gBAAQ;AAChD,MAAMC,OAAOC,gBAAgBC,aAA7B,CADgD,CAGhD;;AACAC,OAAKC,OAAL,CAAaJ,KAAKK,SAAL,CAAb;AACAF,OAAKC,OAAL,CAAaJ,KAAK,IAAL,CAAb,EALgD,CAOhD;;AACA,MAAMM,iBAAiB,eAAO;AAC5B,WAAOC,IAAIC,CAAX;AACAD,QAAIE,CAAJ,GAAQ,EAAR;;AACAF,QAAIG,CAAJ,GAAQ;AAAA,aAAM,EAAN;AAAA,KAAR;;AACA,WAAOH,GAAP;AACD,GALD;;AAMA,MAAMI,cAAcX,KAAKM,cAAL,EAAqB;AAACM,SAAK,MAAN;AAAcJ,OAAG;AAAjB,GAArB,CAApB;AACAL,OAAKU,KAAL,CAAWC,OAAOC,IAAP,CAAYJ,WAAZ,CAAX,EAAqC,CAAC,KAAD,EAAQ,GAAR,EAAa,GAAb,CAArC;AACAR,OAAKU,KAAL,CAAWF,YAAYF,CAAvB,EAA0B,EAA1B;AACAN,OAAKU,KAAL,CAAWF,YAAYD,CAAZ,EAAX,EAA4B,EAA5B,EAjBgD,CAmBhD;;AACA,MAAMM,OAAO,IAAIC,QAAQC,QAAZ,EAAb;AACA,MAAMC,OAAO,IAAIF,QAAQC,QAAZ,CAAqBF,KAAKI,WAAL,EAArB,CAAb;AACAjB,OAAKU,KAAL,CAAWb,KAAK;AAAA,WAAO;AACrBY,WAAKO;AADgB,KAAP;AAAA,GAAL,EAEP;AAACP,SAAKI;AAAN,GAFO,CAAX,EAGA;AAACJ,SAAKO;AAAN,GAHA,EAtBgD,CA2BhD;;AACA,MAAME,iBAAiB,CACrB,MADqB,EACb,IAAIJ,QAAQC,QAAZ,EADa,EACW,KADX,EACkB,IADlB,EACwB,IADxB,EAErB,EAFqB,EAEjB,CAAC,GAAD,CAFiB,EAEV,MAFU,EAEF,IAAII,IAAJ,EAFE,EAEQ,YAAM,CAAE,CAFhB,EAEkBjB,SAFlB,CAAvB;AAIAgB,iBAAeE,OAAf,CAAuB,yBAAiB;AACtC,QAAMC,UAAUxB,KAAK;AAAA,aAAMyB,aAAN;AAAA,KAAL,CAAhB;AACAtB,SAAKuB,MAAL,CAAY,YAAM;AAChBF,cAAQ;AAACZ,aAAK;AAAN,OAAR;AACD,KAFD;AAGD,GALD,EAKG,8BALH,EAhCgD,CAuChD;;AACA,MAAMY,UAAUxB,KAAK,eAAO;AAAEO,QAAIK,GAAJ,GAAU,GAAV;AAAe,WAAOL,GAAP;AAAa,GAA1C,CAAhB;AACAJ,OAAKuB,MAAL,CAAY,YAAM;AAChBF,YAAQ;AAACZ,WAAK;AAAN,KAAR;AACD,GAFD,EAEG,0BAFH,EAzCgD,CA6ChD;;AACAT,OAAKU,KAAL,CAAW;AAACD,SAAK,GAAN;AAAWJ,OAAG;AAAd,GAAX,EACER,KAAK,aAAK;AAAC,WAAO2B,EAAEf,GAAT;AAAc,WAAOe,CAAP;AAAU,GAAnC,EAAqC;AAACf,SAAK,GAAN;AAAWJ,OAAG;AAAd,GAArC,CADF,EA9CgD,CAiDhD;;AACA,MAAMoB,YAAY,eAAO;AACvBzB,SAAKC,OAAL,CAAayB,QAAQC,MAArB;AACA,WAAOvB,GAAP;AACD,GAHD;;AAIA,MAAMwB,SAASF,QAAQG,OAAR,CAAgB,YAAM;AACnC7B,SAAK8B,MAAL,CAAYJ,QAAQC,MAApB;AACA9B,SAAK4B,SAAL,EAAgB;AAAChB,WAAK;AAAN,KAAhB;AACD,GAHc,CAAf;AAIAmB,SAAOG,IAAP;AACD,CA3DD","sourcesContent":["Tinytest.add('minimongo - wrapTransform', test => {\n  const wrap = LocalCollection.wrapTransform;\n\n  // Transforming no function gives falsey.\n  test.isFalse(wrap(undefined));\n  test.isFalse(wrap(null));\n\n  // It's OK if you don't change the ID.\n  const validTransform = doc => {\n    delete doc.x;\n    doc.y = 42;\n    doc.z = () => 43;\n    return doc;\n  };\n  const transformed = wrap(validTransform)({_id: 'asdf', x: 54});\n  test.equal(Object.keys(transformed), ['_id', 'y', 'z']);\n  test.equal(transformed.y, 42);\n  test.equal(transformed.z(), 43);\n\n  // Ensure that ObjectIDs work (even if the _ids in question are not ===-equal)\n  const oid1 = new MongoID.ObjectID();\n  const oid2 = new MongoID.ObjectID(oid1.toHexString());\n  test.equal(wrap(() => ({\n    _id: oid2,\n  }))({_id: oid1}),\n  {_id: oid2});\n\n  // transform functions must return objects\n  const invalidObjects = [\n    'asdf', new MongoID.ObjectID(), false, null, true,\n    27, [123], /adsf/, new Date, () => {}, undefined,\n  ];\n  invalidObjects.forEach(invalidObject => {\n    const wrapped = wrap(() => invalidObject);\n    test.throws(() => {\n      wrapped({_id: 'asdf'});\n    });\n  }, /transform must return object/);\n\n  // transform functions may not change _ids\n  const wrapped = wrap(doc => { doc._id = 'x'; return doc; });\n  test.throws(() => {\n    wrapped({_id: 'y'});\n  }, /can't have different _id/);\n\n  // transform functions may remove _ids\n  test.equal({_id: 'a', x: 2},\n    wrap(d => {delete d._id; return d;})({_id: 'a', x: 2}));\n\n  // test that wrapped transform functions are nonreactive\n  const unwrapped = doc => {\n    test.isFalse(Tracker.active);\n    return doc;\n  };\n  const handle = Tracker.autorun(() => {\n    test.isTrue(Tracker.active);\n    wrap(unwrapped)({_id: 'xxx'});\n  });\n  handle.stop();\n});\n"]},"sourceType":"script","hash":"e97437cb149c436898e3c8b876d97cdfaebcc865"}
