{"metadata":{},"options":{"plugins":[{"key":"base$0$0","visitor":{"Program":{"enter":[null]},"_exploded":true,"_verified":true},"options":{"generateLetDeclarations":true,"enforceStrictMode":false}},{"key":"transform-meteor-dynamic-import","visitor":{"_exploded":{},"_verified":{},"CallExpression":{"enter":[null]}},"options":{}},{"key":"base$0$2","visitor":{"CallExpression":{"enter":[null]},"BinaryExpression":{"enter":[null]},"MemberExpression":{"enter":[null],"exit":[null]},"_exploded":true,"_verified":true,"Identifier":{"enter":[null]},"JSXIdentifier":{"enter":[null]}},"options":{"polyfill":false,"useBuiltIns":false}},{"key":"base$0$3","visitor":{"_exploded":{},"_verified":{},"ClassDeclaration":{"enter":[null]},"ClassExpression":{"enter":[null]}},"options":{"loose":true}},{"key":"base$0$4","visitor":{"FunctionExpression":{"exit":[null]},"_exploded":true,"_verified":true},"options":{}},{"key":"base$0$5","visitor":{"ForInStatement":{"enter":[null]},"_exploded":true,"_verified":true},"options":{}},{"key":"base$0$6","visitor":{"Program":{"exit":[null]},"_exploded":true,"_verified":true},"options":{"allowTopLevelThis":true,"strictMode":false,"loose":true}},{"key":"base$0$1$0","visitor":{"_exploded":{},"_verified":{},"JSXNamespacedName":{"enter":[null]},"JSXElement":{"exit":[null]},"JSXFragment":{"exit":[null]},"Program":{"enter":[null],"exit":[null]},"JSXAttribute":{"enter":[null]}},"options":{"pragma":"React.createElement","pragmaFrag":"React.Fragment","throwIfNamespace":true,"useBuiltIns":false}},{"key":"base$0$1$1","visitor":{"_exploded":true,"_verified":true},"options":{}},{"key":"base$0$1$2","visitor":{"ExportDefaultDeclaration":{"enter":[null]},"CallExpression":{"enter":[null]},"_exploded":true,"_verified":true},"options":{}},{"key":"base$0$0$0","visitor":{"_exploded":true,"_verified":true},"options":{}},{"key":"base$0$0$1","visitor":{"_exploded":true,"_verified":true},"options":{}},{"key":"base$0$0$2","visitor":{"ArrowFunctionExpression":{"enter":[null]},"_exploded":true,"_verified":true},"options":{}},{"key":"base$0$0$3","visitor":{"BlockStatement":{"enter":[null]},"SwitchCase":{"enter":[null]},"_exploded":true,"_verified":true},"options":{}},{"key":"base$0$0$4","visitor":{"VariableDeclaration":{"enter":[null]},"CatchClause":{"enter":[null]},"_exploded":true,"BlockStatement":{"enter":[null]},"SwitchStatement":{"enter":[null]},"Program":{"enter":[null]},"_verified":true,"DoWhileStatement":{"enter":[null]},"ForInStatement":{"enter":[null]},"ForStatement":{"enter":[null]},"WhileStatement":{"enter":[null]},"ForOfStatement":{"enter":[null]}},"options":{}},{"key":"base$0$0$5","visitor":{"ExportDefaultDeclaration":{"enter":[null]},"ClassDeclaration":{"enter":[null]},"ClassExpression":{"enter":[null]},"_exploded":true,"_verified":true},"options":{"loose":true}},{"key":"base$0$0$6","visitor":{"ObjectExpression":{"exit":[null]},"_exploded":true,"_verified":true},"options":{"loose":true}},{"key":"base$0$0$7","visitor":{"ExportNamedDeclaration":{"enter":[null]},"CatchClause":{"enter":[null]},"AssignmentExpression":{"enter":[null]},"VariableDeclaration":{"enter":[null]},"_exploded":true,"_verified":true,"ForInStatement":{"enter":[null]},"ForOfStatement":{"enter":[null]}},"options":{}},{"key":"base$0$0$8","visitor":{"ForOfStatement":{"enter":[null]},"_exploded":true,"_verified":true},"options":{"loose":true}},{"key":"base$0$0$9","visitor":{"NumericLiteral":{"enter":[null]},"StringLiteral":{"enter":[null]},"_exploded":true,"_verified":true},"options":{}},{"key":"base$0$0$10","visitor":{"ObjectExpression":{"enter":[null]},"_exploded":true,"_verified":true},"options":{}},{"key":"base$0$0$11","visitor":{"_exploded":true,"_verified":true,"FunctionDeclaration":{"enter":[null]},"FunctionExpression":{"enter":[null]},"ObjectMethod":{"enter":[null]},"ArrowFunctionExpression":{"enter":[null]},"ClassMethod":{"enter":[null]}},"options":{}},{"key":"base$0$0$12","visitor":{"ObjectMethod":{"enter":[null]},"ObjectProperty":{"enter":[null]},"_exploded":true,"_verified":true},"options":{}},{"key":"base$0$0$13","visitor":{"ArrayExpression":{"enter":[null]},"CallExpression":{"enter":[null]},"NewExpression":{"enter":[null]},"_exploded":true,"_verified":true},"options":{}},{"key":"base$0$0$14","visitor":{"RegExpLiteral":{"enter":[null]},"_exploded":true,"_verified":true},"options":{}},{"key":"base$0$0$15","visitor":{"TaggedTemplateExpression":{"enter":[null]},"TemplateLiteral":{"enter":[null]},"_exploded":true,"_verified":true},"options":{"loose":true}},{"key":"base$0$0$16","visitor":{"UnaryExpression":{"enter":[null]},"_exploded":true,"_verified":true,"BlockStatement":{"enter":[null]},"CatchClause":{"enter":[null]},"DoWhileStatement":{"enter":[null]},"ForInStatement":{"enter":[null]},"ForStatement":{"enter":[null]},"FunctionDeclaration":{"enter":[null]},"FunctionExpression":{"enter":[null]},"Program":{"enter":[null]},"ObjectMethod":{"enter":[null]},"SwitchStatement":{"enter":[null]},"WhileStatement":{"enter":[null]},"ArrowFunctionExpression":{"enter":[null]},"ClassDeclaration":{"enter":[null]},"ClassExpression":{"enter":[null]},"ForOfStatement":{"enter":[null]},"ClassMethod":{"enter":[null]}},"options":{}},{"key":"base$0$0$17","visitor":{"RegExpLiteral":{"enter":[null]},"_exploded":true,"_verified":true},"options":{}},{"key":"base$0$0$18","visitor":{"_exploded":true,"_verified":true},"options":{}},{"key":"base$0$0$19","visitor":{"_exploded":{},"_verified":{},"VariableDeclarator":{"enter":[null]},"ExportNamedDeclaration":{"enter":[null]},"CatchClause":{"enter":[null]},"AssignmentExpression":{"enter":[null]},"ObjectExpression":{"enter":[null]},"FunctionDeclaration":{"enter":[null]},"FunctionExpression":{"enter":[null]},"ObjectMethod":{"enter":[null]},"ArrowFunctionExpression":{"enter":[null]},"ClassMethod":{"enter":[null]},"ForInStatement":{"enter":[null]},"ForOfStatement":{"enter":[null]}},"options":{}},{"key":"base$0$0$20","visitor":{"ObjectProperty":{"exit":[null]},"_exploded":true,"_verified":true},"options":{}},{"key":"base$0$0$21","visitor":{"_exploded":{},"_verified":{},"Program":{"enter":[null]},"ImportDeclaration":{"enter":[null,null]},"ClassProperty":{"enter":[null]},"AssignmentPattern":{"enter":[null]},"TypeCastExpression":{"enter":[null,null]},"ImportSpecifier":{"enter":[null]},"ClassDeclaration":{"enter":[null]},"ClassExpression":{"enter":[null]},"FunctionDeclaration":{"enter":[null]},"FunctionExpression":{"enter":[null]},"ObjectMethod":{"enter":[null]},"ArrowFunctionExpression":{"enter":[null]},"ClassMethod":{"enter":[null]},"AnyTypeAnnotation":{"enter":[null]},"ArrayTypeAnnotation":{"enter":[null]},"BooleanTypeAnnotation":{"enter":[null]},"BooleanLiteralTypeAnnotation":{"enter":[null]},"NullLiteralTypeAnnotation":{"enter":[null]},"ClassImplements":{"enter":[null]},"DeclareClass":{"enter":[null]},"DeclareFunction":{"enter":[null]},"DeclareInterface":{"enter":[null]},"DeclareModule":{"enter":[null]},"DeclareModuleExports":{"enter":[null]},"DeclareTypeAlias":{"enter":[null]},"DeclareOpaqueType":{"enter":[null]},"DeclareVariable":{"enter":[null]},"DeclareExportDeclaration":{"enter":[null]},"DeclareExportAllDeclaration":{"enter":[null]},"DeclaredPredicate":{"enter":[null]},"ExistsTypeAnnotation":{"enter":[null]},"FunctionTypeAnnotation":{"enter":[null]},"FunctionTypeParam":{"enter":[null]},"GenericTypeAnnotation":{"enter":[null]},"InferredPredicate":{"enter":[null]},"InterfaceExtends":{"enter":[null]},"InterfaceDeclaration":{"enter":[null]},"IntersectionTypeAnnotation":{"enter":[null]},"MixedTypeAnnotation":{"enter":[null]},"EmptyTypeAnnotation":{"enter":[null]},"NullableTypeAnnotation":{"enter":[null]},"NumberLiteralTypeAnnotation":{"enter":[null]},"NumberTypeAnnotation":{"enter":[null]},"ObjectTypeAnnotation":{"enter":[null]},"ObjectTypeCallProperty":{"enter":[null]},"ObjectTypeIndexer":{"enter":[null]},"ObjectTypeProperty":{"enter":[null]},"ObjectTypeSpreadProperty":{"enter":[null]},"OpaqueType":{"enter":[null]},"QualifiedTypeIdentifier":{"enter":[null]},"StringLiteralTypeAnnotation":{"enter":[null]},"StringTypeAnnotation":{"enter":[null]},"ThisTypeAnnotation":{"enter":[null]},"TupleTypeAnnotation":{"enter":[null]},"TypeofTypeAnnotation":{"enter":[null]},"TypeAlias":{"enter":[null]},"TypeAnnotation":{"enter":[null]},"TypeParameter":{"enter":[null]},"TypeParameterDeclaration":{"enter":[null]},"TypeParameterInstantiation":{"enter":[null]},"UnionTypeAnnotation":{"enter":[null]},"Variance":{"enter":[null]},"VoidTypeAnnotation":{"enter":[null]},"ExportAllDeclaration":{"enter":[null]},"ExportDefaultDeclaration":{"enter":[null]},"ExportNamedDeclaration":{"enter":[null]}},"options":{}},{"key":"base$0$0$22","visitor":{"AssignmentExpression":{"enter":[null]},"BinaryExpression":{"enter":[null]},"_exploded":true,"_verified":true},"options":{}},{"key":"base$0$0$23","visitor":{"_exploded":{},"_verified":{},"Program":{"enter":[null]}},"options":{}},{"key":"regenerator-transform","visitor":{"_exploded":true,"_verified":true,"FunctionDeclaration":{"exit":[null]},"FunctionExpression":{"exit":[null]},"ObjectMethod":{"exit":[null]},"ArrowFunctionExpression":{"exit":[null]},"ClassMethod":{"exit":[null]}},"options":{}}],"presets":[],"compact":false,"ast":true,"babelrc":false,"sourceFileName":"imports/ui/AddEvent.js","filename":"imports/ui/AddEvent.js","sourceMaps":true,"envName":"development","cwd":"/Users/administrator/Downloads/meteor-serverless-training/weather-info-react","passPerPreset":false,"parserOpts":{"sourceType":"module","sourceFileName":"imports/ui/AddEvent.js","plugins":["dynamicImport","classProperties","classPrivateProperties","jsx","jsx","flow","asyncGenerators","objectRestSpread","objectRestSpread","flow","asyncGenerators"]},"generatorOpts":{"filename":"imports/ui/AddEvent.js","comments":true,"compact":false,"sourceMaps":true,"sourceFileName":"imports/ui/AddEvent.js"}},"code":"var _interopRequireDefault = require(\"@babel/runtime/helpers/interopRequireDefault\");\n\nvar _inheritsLoose2 = _interopRequireDefault(require(\"@babel/runtime/helpers/inheritsLoose\"));\n\nvar React, Component;\nmodule.watch(require(\"react\"), {\n  \"default\": function (v) {\n    React = v;\n  },\n  Component: function (v) {\n    Component = v;\n  }\n}, 0);\n\nvar AddEvent =\n/*#__PURE__*/\nfunction (_Component) {\n  function AddEvent(props) {\n    var _this;\n\n    _this = _Component.call(this, props) || this;\n\n    _this.handleChange = function (event) {\n      var _this$setState;\n\n      var field = event.target.name; // we use square braces around the key `field` coz its a variable (we are setting state with a dynamic key name)\n\n      _this.setState((_this$setState = {}, _this$setState[field] = event.target.value, _this$setState));\n    };\n\n    _this.handleSubmit = function (event) {\n      event.preventDefault(); // TODO: Create backend Meteor methods to save created events\n\n      alert(\"Will be Saved in a little bit :)\");\n    };\n\n    _this.state = {\n      title: \"\",\n      description: \"\",\n      date: \"\"\n    };\n    return _this;\n  }\n\n  var _proto = AddEvent.prototype;\n\n  _proto.render = function () {\n    function render() {\n      return React.createElement(\"div\", null, React.createElement(\"div\", {\n        className: \"text-center\"\n      }, React.createElement(\"h4\", null, \"Event Sync\")), React.createElement(\"hr\", null), React.createElement(\"div\", {\n        className: \"jumbotron\",\n        style: {\n          margin: \"0 500px\"\n        }\n      }, React.createElement(\"form\", {\n        onSubmit: this.handleSubmit\n      }, React.createElement(\"div\", {\n        className: \"form-group\"\n      }, React.createElement(\"label\", null, \"Title:\"), React.createElement(\"input\", {\n        type: \"text\",\n        className: \"form-control\",\n        placeholder: \"Enter event title\",\n        name: \"title\",\n        value: this.state.title,\n        onChange: this.handleChange\n      })), React.createElement(\"div\", {\n        className: \"form-group\"\n      }, React.createElement(\"label\", null, \"Description:\"), React.createElement(\"input\", {\n        type: \"text\",\n        className: \"form-control\",\n        placeholder: \"Enter event description\",\n        name: \"description\",\n        value: this.state.description,\n        onChange: this.handleChange\n      })), React.createElement(\"div\", {\n        className: \"form-group\"\n      }, React.createElement(\"label\", null, \"Event Date:\"), React.createElement(\"input\", {\n        type: \"text\",\n        className: \"form-control\",\n        placeholder: \"Enter date in the format mm.dd.yyyy\",\n        name: \"date\",\n        value: this.state.date,\n        onChange: this.handleChange\n      })), React.createElement(\"button\", {\n        type: \"submit\",\n        className: \"btn btn-primary\"\n      }, \"Add Event\"))));\n    }\n\n    return render;\n  }();\n\n  (0, _inheritsLoose2.default)(AddEvent, _Component);\n  return AddEvent;\n}(Component);\n\nmodule.exportDefault(AddEvent);","map":{"version":3,"sources":["imports/ui/AddEvent.js"],"names":["React","Component","module","watch","require","v","AddEvent","props","handleChange","event","field","target","name","setState","value","handleSubmit","preventDefault","alert","state","title","description","date","render","margin","exportDefault"],"mappings":";;;;AAAA,IAAIA,KAAJ,EAAUC,SAAV;AAAoBC,OAAOC,KAAP,CAAaC,QAAQ,OAAR,CAAb,EAA8B;AAAA,uBAASC,CAAT,EAAW;AAACL,YAAMK,CAAN;AAAQ,GAApB;AAAqBJ,WAArB,YAA+BI,CAA/B,EAAiC;AAACJ,gBAAUI,CAAV;AAAY;AAA9C,CAA9B,EAA8E,CAA9E;;IAEdC,Q;;;AACJ,oBAAYC,KAAZ,EAAmB;AAAA;;AACjB,kCAAMA,KAAN;;AADiB,UASnBC,YATmB,GASJ,UAACC,KAAD,EAAW;AAAA;;AACxB,UAAMC,QAAQD,MAAME,MAAN,CAAaC,IAA3B,CADwB,CAGxB;;AACA,YAAKC,QAAL,sCACGH,KADH,IACWD,MAAME,MAAN,CAAaG,KADxB;AAGD,KAhBkB;;AAAA,UAkBnBC,YAlBmB,GAkBJ,UAACN,KAAD,EAAW;AACxBA,YAAMO,cAAN,GADwB,CAGxB;;AACAC,YAAM,kCAAN;AACD,KAvBkB;;AAEjB,UAAKC,KAAL,GAAa;AACXC,aAAO,EADI;AAEXC,mBAAa,EAFF;AAGXC,YAAM;AAHK,KAAb;AAFiB;AAOlB;;;;SAkBDC,M;sBAAS;AACP,aACE,iCACE;AAAK,mBAAU;AAAf,SACE,6CADF,CADF,EAIE,+BAJF,EAME;AAAK,mBAAU,WAAf;AAA2B,eAAO;AAAEC,kBAAQ;AAAV;AAAlC,SACE;AAAM,kBAAU,KAAKR;AAArB,SAEE;AAAK,mBAAU;AAAf,SACE,4CADF,EAEE;AACE,cAAK,MADP;AAEE,mBAAU,cAFZ;AAGE,qBAAY,mBAHd;AAIE,cAAK,OAJP;AAKE,eAAO,KAAKG,KAAL,CAAWC,KALpB;AAME,kBAAU,KAAKX;AANjB,QAFF,CAFF,EAcE;AAAK,mBAAU;AAAf,SACE,kDADF,EAEE;AACE,cAAK,MADP;AAEE,mBAAU,cAFZ;AAGE,qBAAY,yBAHd;AAIE,cAAK,aAJP;AAKE,eAAO,KAAKU,KAAL,CAAWE,WALpB;AAME,kBAAU,KAAKZ;AANjB,QAFF,CAdF,EA0BE;AAAK,mBAAU;AAAf,SACE,iDADF,EAEE;AACE,cAAK,MADP;AAEE,mBAAU,cAFZ;AAGE,qBAAY,qCAHd;AAIE,cAAK,MAJP;AAKE,eAAO,KAAKU,KAAL,CAAWG,IALpB;AAME,kBAAU,KAAKb;AANjB,QAFF,CA1BF,EAsCE;AAAQ,cAAK,QAAb;AAAsB,mBAAU;AAAhC,qBAtCF,CADF,CANF,CADF;AAmDD;;;;;;;EA9EoBP,S;;AAFvBC,OAAOsB,aAAP,CAmFelB,QAnFf","sourcesContent":["import React, { Component } from 'react';\n\nclass AddEvent extends Component {\n  constructor(props) {\n    super(props);\n    this.state = {\n      title: \"\",\n      description: \"\",\n      date: \"\"\n    }\n  }\n\n  handleChange = (event) => {\n    const field = event.target.name;\n\n    // we use square braces around the key `field` coz its a variable (we are setting state with a dynamic key name)\n    this.setState({\n      [field]: event.target.value\n    })\n  }\n\n  handleSubmit = (event) => {\n    event.preventDefault();\n\n    // TODO: Create backend Meteor methods to save created events\n    alert(\"Will be Saved in a little bit :)\")\n  }\n\n  render() {\n    return (\n      <div>\n        <div className=\"text-center\">\n          <h4>Event Sync</h4>\n        </div>\n        <hr />\n\n        <div className=\"jumbotron\" style={{ margin: \"0 500px\" }}>\n          <form onSubmit={this.handleSubmit}>\n\n            <div className=\"form-group\">\n              <label>Title:</label>\n              <input\n                type=\"text\"\n                className=\"form-control\"\n                placeholder=\"Enter event title\"\n                name=\"title\"\n                value={this.state.title}\n                onChange={this.handleChange}\n              />\n            </div>\n\n            <div className=\"form-group\">\n              <label>Description:</label>\n              <input\n                type=\"text\"\n                className=\"form-control\"\n                placeholder=\"Enter event description\"\n                name=\"description\"\n                value={this.state.description}\n                onChange={this.handleChange}\n              />\n            </div>\n\n            <div className=\"form-group\">\n              <label>Event Date:</label>\n              <input\n                type=\"text\"\n                className=\"form-control\"\n                placeholder=\"Enter date in the format mm.dd.yyyy\"\n                name=\"date\"\n                value={this.state.date}\n                onChange={this.handleChange}\n              />\n            </div>\n\n            <button type=\"submit\" className=\"btn btn-primary\">Add Event</button>\n          </form>\n        </div>\n      </div>\n    );\n  }\n}\n\nexport default AddEvent;"]},"sourceType":"script","hash":"f9079823c5752bbb9a404bff4b3b7d512f541dfa"}
