{"metadata":{},"options":{"plugins":[{"key":"base$1$0","visitor":{"_exploded":{},"_verified":{},"JSXNamespacedName":{"enter":[null]},"JSXElement":{"exit":[null]},"JSXFragment":{"exit":[null]},"Program":{"enter":[null],"exit":[null]},"JSXAttribute":{"enter":[null]}},"options":{"pragma":"React.createElement","pragmaFrag":"React.Fragment","throwIfNamespace":true,"useBuiltIns":false}},{"key":"base$1$1","visitor":{"_exploded":true,"_verified":true},"options":{}},{"key":"base$1$2","visitor":{"ExportDefaultDeclaration":{"enter":[null]},"CallExpression":{"enter":[null]},"_exploded":true,"_verified":true},"options":{}},{"key":"base$0$0","visitor":{"Program":{"enter":[null]},"_exploded":true,"_verified":true},"options":{"generateLetDeclarations":true,"enforceStrictMode":false}},{"key":"base$0$1","visitor":{"_exploded":true,"_verified":true},"options":{}},{"key":"base$0$2","visitor":{"_exploded":{},"_verified":{},"Program":{"enter":[null]},"ImportDeclaration":{"enter":[null,null]},"ClassProperty":{"enter":[null]},"AssignmentPattern":{"enter":[null]},"TypeCastExpression":{"enter":[null,null]},"ImportSpecifier":{"enter":[null]},"ClassDeclaration":{"enter":[null]},"ClassExpression":{"enter":[null]},"FunctionDeclaration":{"enter":[null]},"FunctionExpression":{"enter":[null]},"ObjectMethod":{"enter":[null]},"ArrowFunctionExpression":{"enter":[null]},"ClassMethod":{"enter":[null]},"AnyTypeAnnotation":{"enter":[null]},"ArrayTypeAnnotation":{"enter":[null]},"BooleanTypeAnnotation":{"enter":[null]},"BooleanLiteralTypeAnnotation":{"enter":[null]},"NullLiteralTypeAnnotation":{"enter":[null]},"ClassImplements":{"enter":[null]},"DeclareClass":{"enter":[null]},"DeclareFunction":{"enter":[null]},"DeclareInterface":{"enter":[null]},"DeclareModule":{"enter":[null]},"DeclareModuleExports":{"enter":[null]},"DeclareTypeAlias":{"enter":[null]},"DeclareOpaqueType":{"enter":[null]},"DeclareVariable":{"enter":[null]},"DeclareExportDeclaration":{"enter":[null]},"DeclareExportAllDeclaration":{"enter":[null]},"DeclaredPredicate":{"enter":[null]},"ExistsTypeAnnotation":{"enter":[null]},"FunctionTypeAnnotation":{"enter":[null]},"FunctionTypeParam":{"enter":[null]},"GenericTypeAnnotation":{"enter":[null]},"InferredPredicate":{"enter":[null]},"InterfaceExtends":{"enter":[null]},"InterfaceDeclaration":{"enter":[null]},"IntersectionTypeAnnotation":{"enter":[null]},"MixedTypeAnnotation":{"enter":[null]},"EmptyTypeAnnotation":{"enter":[null]},"NullableTypeAnnotation":{"enter":[null]},"NumberLiteralTypeAnnotation":{"enter":[null]},"NumberTypeAnnotation":{"enter":[null]},"ObjectTypeAnnotation":{"enter":[null]},"ObjectTypeCallProperty":{"enter":[null]},"ObjectTypeIndexer":{"enter":[null]},"ObjectTypeProperty":{"enter":[null]},"ObjectTypeSpreadProperty":{"enter":[null]},"OpaqueType":{"enter":[null]},"QualifiedTypeIdentifier":{"enter":[null]},"StringLiteralTypeAnnotation":{"enter":[null]},"StringTypeAnnotation":{"enter":[null]},"ThisTypeAnnotation":{"enter":[null]},"TupleTypeAnnotation":{"enter":[null]},"TypeofTypeAnnotation":{"enter":[null]},"TypeAlias":{"enter":[null]},"TypeAnnotation":{"enter":[null]},"TypeParameter":{"enter":[null]},"TypeParameterDeclaration":{"enter":[null]},"TypeParameterInstantiation":{"enter":[null]},"UnionTypeAnnotation":{"enter":[null]},"Variance":{"enter":[null]},"VoidTypeAnnotation":{"enter":[null]},"ExportAllDeclaration":{"enter":[null]},"ExportDefaultDeclaration":{"enter":[null]},"ExportNamedDeclaration":{"enter":[null]}},"options":{}},{"key":"base$0$3","visitor":{"CallExpression":{"enter":[null]},"BinaryExpression":{"enter":[null]},"MemberExpression":{"enter":[null],"exit":[null]},"_exploded":true,"_verified":true,"Identifier":{"enter":[null]},"JSXIdentifier":{"enter":[null]}},"options":{"polyfill":false,"useBuiltIns":true}},{"key":"base$0$4","visitor":{"_exploded":true,"_verified":true},"options":{}},{"key":"base$0$5","visitor":{"_exploded":{},"_verified":{},"VariableDeclarator":{"enter":[null]},"ExportNamedDeclaration":{"enter":[null]},"CatchClause":{"enter":[null]},"AssignmentExpression":{"enter":[null]},"ObjectExpression":{"enter":[null]},"FunctionDeclaration":{"enter":[null]},"FunctionExpression":{"enter":[null]},"ObjectMethod":{"enter":[null]},"ArrowFunctionExpression":{"enter":[null]},"ClassMethod":{"enter":[null]},"ForInStatement":{"enter":[null]},"ForOfStatement":{"enter":[null]}},"options":{}},{"key":"transform-meteor-async-await","visitor":{"AwaitExpression":{"enter":[null]},"_exploded":true,"_verified":true,"FunctionDeclaration":{"exit":[null]},"FunctionExpression":{"exit":[null]},"ObjectMethod":{"exit":[null]},"ArrowFunctionExpression":{"exit":[null]},"ClassMethod":{"exit":[null]}},"options":{"useNativeAsyncAwait":false}},{"key":"transform-meteor-dynamic-import","visitor":{"_exploded":{},"_verified":{},"CallExpression":{"enter":[null]}},"options":{}},{"key":"base$0$8","visitor":{"_exploded":{},"_verified":{},"Program":{"enter":[null]}},"options":{}},{"key":"base$0$9","visitor":{"Program":{"exit":[null]},"_exploded":true,"_verified":true},"options":{"allowTopLevelThis":true,"strictMode":false,"loose":true}},{"key":"base$0$10","visitor":{"_exploded":{},"_verified":{},"ClassDeclaration":{"enter":[null]},"ClassExpression":{"enter":[null]}},"options":{"loose":true}}],"compact":false,"ast":true,"babelrc":false,"sourceFileName":"server/main.js","filename":"server/main.js","sourceMaps":true,"envName":"development","cwd":"/Users/administrator/Downloads/meteor-serverless-training/weather-info","passPerPreset":false,"presets":[],"parserOpts":{"sourceType":"module","sourceFileName":"server/main.js","plugins":["jsx","jsx","flow","flow","objectRestSpread","objectRestSpread","dynamicImport","asyncGenerators","classProperties","classPrivateProperties"]},"generatorOpts":{"filename":"server/main.js","comments":true,"compact":false,"sourceMaps":true,"sourceFileName":"server/main.js"}},"code":"let Meteor;\nmodule.watch(require(\"meteor/meteor\"), {\n  Meteor(v) {\n    Meteor = v;\n  }\n\n}, 0);\nlet forEach;\nmodule.watch(require(\"lodash/forEach\"), {\n  default(v) {\n    forEach = v;\n  }\n\n}, 1);\nlet get;\nmodule.watch(require(\"lodash/get\"), {\n  default(v) {\n    get = v;\n  }\n\n}, 2);\nMeteor.startup(() => {// code to run on server at startup\n});\nMeteor.methods({\n  getWeather(zipcode) {\n    check(zipcode, Number);\n\n    try {\n      const geoUrl = Meteor.settings.weatherapi.baseUrl;\n      const result = HTTP.call('GET', geoUrl, {\n        params: {\n          zipcode: zipcode\n        }\n      });\n      var weatherInfo = get(result, 'content');\n\n      if (weatherInfo) {\n        console.log(weatherInfo);\n        var weatherObj = JSON.parse(get(result, 'result.content.weather'));\n        var arrDetails = [];\n\n        _.forEach(weatherObj, function (value, key) {\n          arrDetails[key] = value;\n        });\n\n        return arrDetails;\n      } else {\n        return null;\n      }\n    } catch (e) {\n      // Got a network error, timeout, or HTTP error in the 400 or 500 range.\n      console.log(e);\n      return false;\n    }\n  }\n\n});","map":{"version":3,"sources":["server/main.js"],"names":["Meteor","module","watch","require","v","forEach","default","get","startup","methods","getWeather","zipcode","check","Number","geoUrl","settings","weatherapi","baseUrl","result","HTTP","call","params","weatherInfo","console","log","weatherObj","JSON","parse","arrDetails","_","value","key","e"],"mappings":"AAAA,IAAIA,MAAJ;AAAWC,OAAOC,KAAP,CAAaC,QAAQ,eAAR,CAAb,EAAsC;AAACH,SAAOI,CAAP,EAAS;AAACJ,aAAOI,CAAP;AAAS;;AAApB,CAAtC,EAA4D,CAA5D;AAA+D,IAAIC,OAAJ;AAAYJ,OAAOC,KAAP,CAAaC,QAAQ,gBAAR,CAAb,EAAuC;AAACG,UAAQF,CAAR,EAAU;AAACC,cAAQD,CAAR;AAAU;;AAAtB,CAAvC,EAA+D,CAA/D;AAAkE,IAAIG,GAAJ;AAAQN,OAAOC,KAAP,CAAaC,QAAQ,YAAR,CAAb,EAAmC;AAACG,UAAQF,CAAR,EAAU;AAACG,UAAIH,CAAJ;AAAM;;AAAlB,CAAnC,EAAuD,CAAvD;AAIhKJ,OAAOQ,OAAP,CAAe,MAAM,CACnB;AACD,CAFD;AAGAR,OAAOS,OAAP,CAAe;AACbC,aAAWC,OAAX,EAAmB;AACjBC,UAAMD,OAAN,EAAeE,MAAf;;AACA,QAAI;AACF,YAAMC,SAASd,OAAOe,QAAP,CAAgBC,UAAhB,CAA2BC,OAA1C;AACA,YAAMC,SAASC,KAAKC,IAAL,CAAU,KAAV,EAAiBN,MAAjB,EAAyB;AACtCO,gBAAQ;AAACV,mBAASA;AAAV;AAD8B,OAAzB,CAAf;AAGA,UAAIW,cAAcf,IAAIW,MAAJ,EAAY,SAAZ,CAAlB;;AACA,UAAGI,WAAH,EAAe;AAACC,gBAAQC,GAAR,CAAYF,WAAZ;AACd,YAAIG,aAAaC,KAAKC,KAAL,CAAWpB,IAAIW,MAAJ,EAAY,wBAAZ,CAAX,CAAjB;AACA,YAAIU,aAAa,EAAjB;;AACAC,UAAExB,OAAF,CAAUoB,UAAV,EAAsB,UAASK,KAAT,EAAgBC,GAAhB,EAAoB;AACxCH,qBAAWG,GAAX,IAAkBD,KAAlB;AACD,SAFD;;AAGA,eAAOF,UAAP;AACD,OAPD,MAOK;AACH,eAAO,IAAP;AACD;AACF,KAhBD,CAgBE,OAAOI,CAAP,EAAU;AACV;AACAT,cAAQC,GAAR,CAAYQ,CAAZ;AACA,aAAO,KAAP;AACD;AAEF;;AAzBY,CAAf","sourcesContent":["import { Meteor } from 'meteor/meteor';\nimport forEach from 'lodash/forEach';\nimport get from 'lodash/get';\n\nMeteor.startup(() => {\n  // code to run on server at startup\n});\nMeteor.methods({\n  getWeather(zipcode){\n    check(zipcode, Number)\n    try {\n      const geoUrl = Meteor.settings.weatherapi.baseUrl;\n      const result = HTTP.call('GET', geoUrl, {\n        params: {zipcode: zipcode}\n      });\n      var weatherInfo = get(result, 'content');\n      if(weatherInfo){console.log(weatherInfo);\n        var weatherObj = JSON.parse(get(result, 'result.content.weather'));\n        var arrDetails = [];\n        _.forEach(weatherObj, function(value, key){\n          arrDetails[key] = value;\n        });\n        return arrDetails;\n      }else{\n        return null;\n      }\n    } catch (e) {\n      // Got a network error, timeout, or HTTP error in the 400 or 500 range.\n      console.log(e);\n      return false;\n    }\n\n  }\n});\n\n\n"]},"sourceType":"script","hash":"fc34ba6b62e315cd2e59c92d4e44c9b0a0656d5d"}
