{"lastInput":{"dependencies":["meteor-base","mobile-experience","mongo","blaze-html-templates","reactive-var","tracker","standard-minifier-css","standard-minifier-js","es5-shim","ecmascript","shell-server","autopublish","insecure","http","session","check","react-meteor-data"],"constraints":["meteor-base@1.3.0","mobile-experience@1.0.5","mongo@1.4.2","blaze-html-templates@1.0.4","reactive-var@1.0.11","tracker@1.1.3","standard-minifier-css@1.4.0","standard-minifier-js@2.3.1","es5-shim@4.7.0","ecmascript@0.10.6","shell-server@0.3.1","autopublish@1.0.7","insecure@1.0.7","http","session","check","react-meteor-data","accounts-base@~1.4.2","accounts-facebook@~1.3.1","accounts-github@~1.4.1","accounts-google@~1.3.1","accounts-meetup@~1.4.1","accounts-meteor-developer@~1.4.1","accounts-oauth@~1.1.15","accounts-password@~1.5.0","accounts-twitter@~1.4.1","accounts-ui-unstyled@~1.4.0","accounts-ui@~1.3.0","accounts-weibo@~1.3.1","allow-deny@~1.1.0","appcache@~1.1.1","audit-argument-checks@~1.0.7","autopublish@~1.0.7","autoupdate@~1.4.0","babel-compiler@~7.0.6","babel-runtime@~1.2.0","base64@~1.0.10","binary-heap@~1.0.10","boilerplate-generator-tests@~1.4.0","boilerplate-generator@~1.4.0","browser-policy-common@~1.0.11","browser-policy-content@~1.1.0","browser-policy-framing@~1.1.0","browser-policy@~1.1.0","caching-compiler@~1.1.9","callback-hook@~1.1.0","check@~1.3.0","constraint-solver@~1.1.1","crosswalk@~1.7.1","ddp-client@~2.3.1","ddp-common@~1.4.0","ddp-rate-limiter@~1.0.7","ddp-server@~2.1.2","ddp@~1.4.0","deps@~1.0.12","diff-sequence@~1.1.0","disable-oplog@~1.0.7","dynamic-import@~0.3.0","ecmascript-runtime-client@~0.6.0","ecmascript-runtime-server@~0.5.0","ecmascript-runtime@~0.5.0","ecmascript@~0.10.6","ejson@~1.1.0","email@~1.2.3","es5-shim@~4.7.0","facebook-config-ui@~1.0.1","facebook-oauth@~1.4.0","facts@~1.0.9","force-ssl-common@~1.1.0","force-ssl@~1.1.0","geojson-utils@~1.0.10","github-config-ui@~1.0.0","github-oauth@~1.2.0","google-config-ui@~1.0.0","google-oauth@~1.2.5","hot-code-push@~1.0.4","http@~1.4.0","id-map@~1.1.0","insecure@~1.0.7","jquery@~1.11.10","jshint@~1.1.7","jsparse@~1.0.10","launch-screen@~1.1.1","less@~2.7.11","livedata@~1.0.18","localstorage@~1.2.0","logging@~1.1.19","logic-solver@~2.0.7","markdown@~1.0.12","meetup-config-ui@~1.0.0","meetup-oauth@~1.0.1","meteor-base@~1.3.0","meteor-developer-config-ui@~1.0.0","meteor-developer-oauth@~1.2.0","meteor@~1.8.2","meyerweb-reset@~1.0.7","minifier-css@~1.3.0","minifier-js@~2.3.1","minimongo@~1.4.3","mobile-experience@~1.0.5","mobile-status-bar@~1.0.14","modules-runtime@~0.9.1","modules@~0.11.3","mongo-dev-server@~1.1.0","mongo-id@~1.0.6","mongo-livedata@~1.0.12","mongo@~1.4.2","npm-bcrypt@~0.9.3","npm-mongo@~2.2.33","oauth-encryption@~1.3.0","oauth@~1.2.1","oauth1@~1.2.0","oauth2@~1.2.0","observe-sequence@~1.0.16","ordered-dict@~1.1.0","package-stats-opt-out@~1.0.7","package-version-parser@~3.0.10","promise@~0.10.1","random@~1.1.0","rate-limit@~1.0.8","reactive-dict@~1.2.0","reactive-var@~1.0.11","reload-safetybelt@~1.0.12","reload@~1.2.0","retry@~1.1.0","routepolicy@~1.0.12","server-render@~0.3.0","service-configuration@~1.0.11","session@~1.1.7","sha@~1.0.9","shell-server@~0.3.1","shim-common@~0.1.0","showdown@~1.0.8","socket-stream-client@~0.1.0","srp@~1.0.10","standard-minifier-css@~1.4.0","standard-minifier-js@~2.3.1","standard-minifiers@~1.1.0","test-helpers@~1.0.11","test-in-browser@~1.1.0","test-in-console@~1.2.1","test-server-tests-in-console-once@~1.0.11","tinytest-harness@~0.0.4","tinytest@~1.1.0","tracker@~1.1.3","twitter-config-ui@~1.0.0","twitter-oauth@~1.2.0","underscore-tests@~1.0.8","underscore@~1.0.10","url@~1.2.0","webapp-hashing@~1.0.9","webapp@~1.5.0","weibo-config-ui@~1.0.0","weibo-oauth@~1.2.0","xmlbuilder@~2.5.15"],"previousSolution":{"allow-deny":"1.1.0","autopublish":"1.0.7","autoupdate":"1.4.0","babel-compiler":"7.0.8","babel-runtime":"1.2.2","base64":"1.0.11","binary-heap":"1.0.10","blaze":"2.3.2","blaze-html-templates":"1.1.2","blaze-tools":"1.0.10","boilerplate-generator":"1.4.0","caching-compiler":"1.1.11","caching-html-compiler":"1.1.2","callback-hook":"1.1.0","check":"1.3.1","ddp":"1.4.0","ddp-client":"2.3.2","ddp-common":"1.4.0","ddp-server":"2.1.2","deps":"1.0.12","diff-sequence":"1.1.0","dynamic-import":"0.3.0","ecmascript":"0.10.8","ecmascript-runtime":"0.5.0","ecmascript-runtime-client":"0.6.2","ecmascript-runtime-server":"0.5.0","ejson":"1.1.0","es5-shim":"4.7.3","geojson-utils":"1.0.10","hot-code-push":"1.0.4","html-tools":"1.0.11","htmljs":"1.0.11","http":"1.4.1","id-map":"1.1.0","insecure":"1.0.7","jquery":"1.11.11","launch-screen":"1.1.1","livedata":"1.0.18","logging":"1.1.20","meteor":"1.8.6","meteor-base":"1.3.0","minifier-css":"1.3.1","minifier-js":"2.3.4","minimongo":"1.4.4","mobile-experience":"1.0.5","mobile-status-bar":"1.0.14","modules":"0.11.6","modules-runtime":"0.9.2","mongo":"1.4.7","mongo-dev-server":"1.1.0","mongo-id":"1.0.7","npm-mongo":"2.2.34","observe-sequence":"1.0.16","ordered-dict":"1.1.0","promise":"0.10.2","random":"1.1.0","react-meteor-data":"0.2.16","reactive-dict":"1.2.0","reactive-var":"1.0.11","reload":"1.2.0","retry":"1.1.0","routepolicy":"1.0.13","server-render":"0.3.0","session":"1.1.7","shell-server":"0.3.1","shim-common":"0.1.0","socket-stream-client":"0.1.0","spacebars":"1.0.15","spacebars-compiler":"1.1.3","standard-minifier-css":"1.4.1","standard-minifier-js":"2.3.3","templating":"1.3.2","templating-compiler":"1.3.3","templating-runtime":"1.3.2","templating-tools":"1.1.2","tmeasday:check-npm-versions":"0.3.2","tracker":"1.1.3","ui":"1.0.13","underscore":"1.0.10","url":"1.2.0","webapp":"1.5.0","webapp-hashing":"1.0.9"}},"lastOutput":{"neededToUseUnanticipatedPrereleases":false,"answer":{"allow-deny":"1.1.0","autopublish":"1.0.7","autoupdate":"1.4.0","babel-compiler":"7.0.8","babel-runtime":"1.2.2","base64":"1.0.11","binary-heap":"1.0.10","blaze":"2.3.2","blaze-html-templates":"1.1.2","blaze-tools":"1.0.10","boilerplate-generator":"1.4.0","caching-compiler":"1.1.11","caching-html-compiler":"1.1.2","callback-hook":"1.1.0","check":"1.3.1","ddp":"1.4.0","ddp-client":"2.3.2","ddp-common":"1.4.0","ddp-server":"2.1.2","deps":"1.0.12","diff-sequence":"1.1.0","dynamic-import":"0.3.0","ecmascript":"0.10.8","ecmascript-runtime":"0.5.0","ecmascript-runtime-client":"0.6.2","ecmascript-runtime-server":"0.5.0","ejson":"1.1.0","es5-shim":"4.7.3","geojson-utils":"1.0.10","hot-code-push":"1.0.4","html-tools":"1.0.11","htmljs":"1.0.11","http":"1.4.1","id-map":"1.1.0","insecure":"1.0.7","isobuild:compiler-plugin":"1.0.0","isobuild:dynamic-import":"1.5.0","isobuild:isopack-2":"1.0.0","isobuild:minifier-plugin":"1.0.0","jquery":"1.11.11","launch-screen":"1.1.1","livedata":"1.0.18","logging":"1.1.20","meteor":"1.8.6","meteor-base":"1.3.0","minifier-css":"1.3.1","minifier-js":"2.3.4","minimongo":"1.4.4","mobile-experience":"1.0.5","mobile-status-bar":"1.0.14","modules":"0.11.6","modules-runtime":"0.9.2","mongo":"1.4.7","mongo-dev-server":"1.1.0","mongo-id":"1.0.7","npm-mongo":"2.2.34","observe-sequence":"1.0.16","ordered-dict":"1.1.0","promise":"0.10.2","random":"1.1.0","react-meteor-data":"0.2.16","reactive-dict":"1.2.0","reactive-var":"1.0.11","reload":"1.2.0","retry":"1.1.0","routepolicy":"1.0.13","server-render":"0.3.0","session":"1.1.7","shell-server":"0.3.1","shim-common":"0.1.0","socket-stream-client":"0.1.0","spacebars":"1.0.15","spacebars-compiler":"1.1.3","standard-minifier-css":"1.4.1","standard-minifier-js":"2.3.3","templating":"1.3.2","templating-compiler":"1.3.3","templating-runtime":"1.3.2","templating-tools":"1.1.2","tmeasday:check-npm-versions":"0.3.2","tracker":"1.1.3","ui":"1.0.13","underscore":"1.0.10","url":"1.2.0","webapp":"1.5.0","webapp-hashing":"1.0.9"}}}
